make: 进入目录“/tmp/swapq-build-src-A-2g-sample-12”
  HOSTCC  scripts/basic/fixdep
  HOSTCC  scripts/kconfig/conf.o
  HOSTCC  scripts/kconfig/confdata.o
  HOSTCC  scripts/kconfig/expr.o
  LEX     scripts/kconfig/lexer.lex.c
  YACC    scripts/kconfig/parser.tab.[ch]
  HOSTCC  scripts/kconfig/menu.o
  HOSTCC  scripts/kconfig/preprocess.o
  HOSTCC  scripts/kconfig/symbol.o
  HOSTCC  scripts/kconfig/util.o
  HOSTCC  scripts/kconfig/lexer.lex.o
  HOSTCC  scripts/kconfig/parser.tab.o
  HOSTLD  scripts/kconfig/conf
*** Default configuration is based on 'defconfig'
#
# configuration written to .config
#
  WRAP    arch/arm64/include/generated/uapi/asm/kvm_para.h
  WRAP    arch/arm64/include/generated/uapi/asm/errno.h
  WRAP    arch/arm64/include/generated/uapi/asm/ioctl.h
  WRAP    arch/arm64/include/generated/uapi/asm/ioctls.h
  UPD     include/generated/uapi/linux/version.h
  WRAP    arch/arm64/include/generated/uapi/asm/ipcbuf.h
  WRAP    arch/arm64/include/generated/uapi/asm/msgbuf.h
  WRAP    arch/arm64/include/generated/uapi/asm/poll.h
  WRAP    arch/arm64/include/generated/uapi/asm/resource.h
  WRAP    arch/arm64/include/generated/uapi/asm/sembuf.h
  WRAP    arch/arm64/include/generated/uapi/asm/shmbuf.h
  WRAP    arch/arm64/include/generated/uapi/asm/siginfo.h
  WRAP    arch/arm64/include/generated/uapi/asm/socket.h
  WRAP    arch/arm64/include/generated/uapi/asm/sockios.h
  WRAP    arch/arm64/include/generated/uapi/asm/stat.h
  WRAP    arch/arm64/include/generated/uapi/asm/swab.h
  WRAP    arch/arm64/include/generated/uapi/asm/termbits.h
  WRAP    arch/arm64/include/generated/uapi/asm/termios.h
  WRAP    arch/arm64/include/generated/uapi/asm/types.h
  SYSHDR  arch/arm64/include/generated/uapi/asm/unistd_64.h
  HOSTCC  scripts/dtc/dtc.o
  HOSTCC  scripts/dtc/flattree.o
  HOSTCC  scripts/dtc/fstree.o
  HOSTCC  scripts/dtc/data.o
  UPD     include/generated/compile.h
  HOSTCC  scripts/dtc/livetree.o
  HOSTCC  scripts/dtc/treesource.o
  HOSTCC  scripts/dtc/srcpos.o
  HOSTCC  scripts/dtc/checks.o
  HOSTCC  scripts/dtc/util.o
  LEX     scripts/dtc/dtc-lexer.lex.c
  YACC    scripts/dtc/dtc-parser.tab.[ch]
  HOSTCC  scripts/dtc/libfdt/fdt.o
  UPD     include/config/kernel.release
  HOSTCC  scripts/dtc/libfdt/fdt_ro.o
  HOSTCC  scripts/dtc/libfdt/fdt_wip.o
  HOSTCC  scripts/dtc/libfdt/fdt_sw.o
  HOSTCC  scripts/dtc/libfdt/fdt_rw.o
  HOSTCC  scripts/dtc/libfdt/fdt_strerror.o
  HOSTCC  scripts/dtc/libfdt/fdt_empty_tree.o
  HOSTCC  scripts/dtc/libfdt/fdt_addresses.o
  HOSTCC  scripts/dtc/libfdt/fdt_overlay.o
  HOSTCC  scripts/dtc/fdtoverlay.o
  UPD     include/generated/utsrelease.h
  WRAP    arch/arm64/include/generated/asm/early_ioremap.h
  WRAP    arch/arm64/include/generated/asm/fprobe.h
  WRAP    arch/arm64/include/generated/asm/mcs_spinlock.h
  WRAP    arch/arm64/include/generated/asm/mmzone.h
  WRAP    arch/arm64/include/generated/asm/qrwlock.h
  WRAP    arch/arm64/include/generated/asm/qspinlock.h
  WRAP    arch/arm64/include/generated/asm/parport.h
  WRAP    arch/arm64/include/generated/asm/user.h
  WRAP    arch/arm64/include/generated/asm/delay.h
  WRAP    arch/arm64/include/generated/asm/div64.h
  WRAP    arch/arm64/include/generated/asm/dma-mapping.h
  WRAP    arch/arm64/include/generated/asm/dma.h
  WRAP    arch/arm64/include/generated/asm/emergency-restart.h
  WRAP    arch/arm64/include/generated/asm/hw_irq.h
  WRAP    arch/arm64/include/generated/asm/irq_regs.h
  WRAP    arch/arm64/include/generated/asm/kdebug.h
  WRAP    arch/arm64/include/generated/asm/kmap_size.h
  WRAP    arch/arm64/include/generated/asm/local.h
  WRAP    arch/arm64/include/generated/asm/local64.h
  WRAP    arch/arm64/include/generated/asm/mmiowb.h
  WRAP    arch/arm64/include/generated/asm/msi.h
  WRAP    arch/arm64/include/generated/asm/serial.h
  WRAP    arch/arm64/include/generated/asm/softirq_stack.h
  WRAP    arch/arm64/include/generated/asm/switch_to.h
  WRAP    arch/arm64/include/generated/asm/trace_clock.h
  WRAP    arch/arm64/include/generated/asm/unwind_user.h
  WRAP    arch/arm64/include/generated/asm/vga.h
  WRAP    arch/arm64/include/generated/asm/video.h
  SYSTBL  arch/arm64/include/generated/asm/syscall_table_32.h
  SYSTBL  arch/arm64/include/generated/asm/syscall_table_64.h
  SYSHDR  arch/arm64/include/generated/asm/unistd_32.h
  SYSHDR  arch/arm64/include/generated/asm/unistd_compat_32.h
  HOSTCC  scripts/dtc/dtc-lexer.lex.o
  HOSTCC  scripts/dtc/dtc-parser.tab.o
  HOSTLD  scripts/dtc/fdtoverlay
  HOSTLD  scripts/dtc/dtc
  HOSTCC  scripts/kallsyms
  HOSTCC  scripts/sorttable.o
  HOSTCC  scripts/elf-parse.o
  HOSTCC  scripts/asn1_compiler
  HOSTLD  scripts/sorttable
  GEN     arch/arm64/include/generated/asm/cpucap-defs.h
  GEN     arch/arm64/include/generated/asm/kernel-hwcap.h
  GEN     arch/arm64/include/generated/asm/sysreg-defs.h
  CC      scripts/mod/empty.o
  HOSTCC  scripts/mod/mk_elfconfig
  CC      scripts/mod/devicetable-offsets.s
  UPD     scripts/mod/devicetable-offsets.h
  MKELF   scripts/mod/elfconfig.h
  HOSTCC  scripts/mod/modpost.o
  HOSTCC  scripts/mod/file2alias.o
  HOSTCC  scripts/mod/sumversion.o
  HOSTCC  scripts/mod/symsearch.o
  HOSTLD  scripts/mod/modpost
  CC      kernel/bounds.s
  CHKSHA1 include/linux/atomic/atomic-arch-fallback.h
  CHKSHA1 include/linux/atomic/atomic-instrumented.h
  CHKSHA1 include/linux/atomic/atomic-long.h
  UPD     include/generated/timeconst.h
  UPD     include/generated/bounds.h
  CC      arch/arm64/kernel/asm-offsets.s
  UPD     include/generated/asm-offsets.h
  CC      kernel/sched/rq-offsets.s
  UPD     include/generated/rq-offsets.h
  CALL    scripts/checksyscalls.sh 
  LDS     arch/arm64/kernel/vdso/vdso.lds
  CC      arch/arm64/kernel/vdso/vgettimeofday.o
  AS      arch/arm64/kernel/vdso/note.o
  AS      arch/arm64/kernel/vdso/sigreturn.o
  CC      arch/arm64/kernel/vdso/vgetrandom.o
  AS      arch/arm64/kernel/vdso/vgetrandom-chacha.o
  LD      arch/arm64/kernel/vdso/vdso.so.dbg
  VDSOSYM include/generated/vdso-offsets.h
  OBJCOPY arch/arm64/kernel/vdso/vdso.so
  CC      init/main.o
  HOSTCC  usr/gen_init_cpio
  CC      init/do_mounts.o
  CC      certs/system_keyring.o
  CC      init/do_mounts_initrd.o
  CC      ipc/compat.o
  CC      init/initramfs.o
  UPD     init/utsversion-tmp.h
  CC      mm/filemap.o
  CC      ipc/util.o
  CC      init/calibrate.o
  CC      fs/open.o
  CC      security/commoncap.o
  CC      mm/mempool.o
  AS      arch/arm64/lib/clear_page.o
  CC      ipc/msgutil.o
  CC      init/init_task.o
  CC      block/bdev.o
  CC      security/lsm_syscalls.o
  CC      fs/read_write.o
  CC      mm/oom_kill.o
  CC      io_uring/io_uring.o
  CC      ipc/msg.o
  AS      arch/arm64/lib/clear_user.o
  CC      security/min_addr.o
  CC      block/fops.o
  CC      fs/file_table.o
  CC      mm/fadvise.o
  CC      io_uring/opdef.o
  AS      arch/arm64/lib/copy_from_user.o
  CC      ipc/sem.o
  AR      sound/built-in.a
  CC      security/security.o
  CC      fs/super.o
  CC      mm/maccess.o
  CC      block/bio.o
  CC      io_uring/kbuf.o
  CC      ipc/shm.o
  AS      arch/arm64/lib/copy_page.o
  CC      lib/argv_split.o
  CC      init/version.o
  CC      security/lsm_notifier.o
  CC      arch/arm64/mm/dma-mapping.o
  CC      fs/char_dev.o
  CC      io_uring/rsrc.o
  CC      net/devres.o
  CC      arch/arm64/net/bpf_jit_comp.o
  CC      arch/arm64/kernel/debug-monitors.o
  AS      arch/arm64/lib/copy_to_user.o
  CC      ipc/syscall.o
  CC      block/elevator.o
  CC      mm/page-writeback.o
  CC      lib/bug.o
  CC      fs/stat.o
  CC      security/lsm_init.o
  CC      arch/arm64/mm/extable.o
  AS      arch/arm64/net/bpf_timed_may_goto.o
  AS      arch/arm64/kernel/entry.o
  CC      arch/arm64/kvm/hyp-constants.s
  CC      mm/folio-compat.o
  CC      io_uring/notif.o
  CC      arch/arm64/lib/csum.o
  CC      block/blk-core.o
  CC      security/inode.o
  CC      net/socket.o
  CC      ipc/ipc_sysctl.o
  CC      arch/arm64/xen/../../arm/xen/enlighten.o
  CC      lib/buildid.o
  CC      arch/arm64/mm/fault.o
  CC      security/keys/gc.o
  CC      fs/exec.o
  CC      io_uring/tctx.o
  CC      arch/arm64/lib/delay.o
  CC      mm/readahead.o
  CC      security/lsm_audit.o
  CC      block/blk-sysfs.o
  CC      lib/clz_tab.o
  CC      arch/arm64/mm/init.o
  CC      ipc/mqueue.o
  CC      arch/arm64/xen/../../arm/xen/grant-table.o
  CC      arch/arm64/crypto/ghash-ce-glue.o
  CC      arch/arm64/kernel/irq.o
  CC      security/keys/key.o
  CC      security/keys/keyring.o
  CC      lib/cmdline.o
  CC      virt/lib/irqbypass.o
  AR      drivers/cache/built-in.a
  CC      lib/cpumask.o
  CC      net/core/sock.o
  CC      drivers/bus/arm-cci.o
  CC      fs/pipe.o
  CC      drivers/irqchip/irqchip.o
  CC      drivers/phy/phy-core.o
  CC      arch/arm64/kvm/hyp/vhe/timer-sr.o
  LDS     arch/arm64/kvm/hyp/nvhe/hyp.lds
  CC      kernel/fork.o
  CC      arch/arm64/kvm/hyp/pgtable.o
  CC      security/device_cgroup.o
  CC      ipc/namespace.o
  CC      arch/arm64/kvm/hyp/nvhe/timer-sr.nvhe.o
  CC      arch/arm64/kernel/fpsimd.o
  CC      arch/arm64/kvm/hyp/vhe/sysreg-sr.o
  CC      security/integrity/iint.o
  CC      security/keys/keyctl.o
  CC      drivers/pinctrl/core.o
  CC      crypto/api.o
  CC      crypto/cipher.o
  CC      block/blk-flush.o
  GEN     usr/initramfs_data.cpio
  COPY    usr/initramfs_inc_data
  AS      usr/initramfs_data.o
  CC      fs/namei.o
  AR      usr/built-in.a
  CC      security/integrity/integrity_audit.o
  CC      arch/arm64/xen/../../arm/xen/mm.o
  CC      arch/arm64/xen/../../arm/xen/p2m.o
  HOSTCC  certs/extract-cert
  AS      arch/arm64/crypto/ghash-ce-core.o
  CC      security/integrity/efi_secureboot.o
  CC      mm/swap.o
  CC      arch/arm64/lib/insn.o
  CC      net/compat.o
  AR      virt/lib/built-in.a
  CC      net/ethernet/eth.o
  AR      virt/built-in.a
  CC      arch/arm64/kernel/entry-common.o
  AR      net/802/built-in.a
  AS      arch/arm64/xen/hypercall.o
  CC      net/sched/sch_generic.o
  CC      net/sched/sch_mq.o
  CC      fs/fcntl.o
  CERT    certs/x509_certificate_list
  CERT    certs/signing_key.x509
  AS      certs/system_certificates.o
  CC      fs/ioctl.o
  AR      certs/built-in.a
  CC      fs/readdir.o
  CC      block/blk-settings.o
  CC      block/blk-ioc.o
  CC      drivers/bus/hisi_lpc.o
  CC      net/netlink/af_netlink.o
  CC      drivers/bus/brcmstb_gisb.o
  CC      net/netlink/genetlink.o
  CC      net/netlink/policy.o
  CC      lib/ctype.o
  CC      net/ethtool/ioctl.o
  CC      arch/arm64/crypto/aes-ce-ccm-glue.o
  CC      net/bpf/test_run.o
  CC      net/bpf/bpf_dummy_struct_ops.o
  CC      lib/dec_and_lock.o
  CC      lib/decompress.o
  AS      arch/arm64/lib/memchr.o
  AS      arch/arm64/lib/memcmp.o
  CC      ipc/mq_sysctl.o
  CC      drivers/irqchip/irq-alpine-msi.o
  CC      net/netfilter/core.o
  CC      net/netfilter/nf_log.o
  CC      net/unix/af_unix.o
  CC      net/unix/garbage.o
  CC      net/ipv4/route.o
  CC      arch/arm64/crypto/aes-glue-ce.o
  CC      net/ipv4/inetpeer.o
  AS      arch/arm64/crypto/aes-ce-ccm-core.o
  CC      net/ipv4/protocol.o
  CC      net/sched/sch_api.o
  CC      net/sched/sch_frag.o
  AS      arch/arm64/lib/memcpy.o
  CC      crypto/algapi.o
  CC      net/sched/sch_blackhole.o
  CC      drivers/phy/phy-core-mipi-dphy.o
  CC      net/sched/cls_api.o
  CC      net/sched/act_api.o
  AS      arch/arm64/lib/memset.o
  CC      net/ipv4/ip_fragment.o
  CC      net/ipv4/ip_input.o
  CC      kernel/exec_domain.o
  CC      net/ipv4/ip_forward.o
  CC      drivers/pinctrl/pinctrl-utils.o
  CC      drivers/pinctrl/pinmux.o
  CC      net/ethtool/common.o
  AS      arch/arm64/lib/strchr.o
  CC      arch/arm64/kvm/hyp/nvhe/sysreg-sr.nvhe.o
  AS      arch/arm64/lib/strcmp.o
  CC      net/unix/sysctl_net_unix.o
  CC      net/unix/unix_bpf.o
  AS      arch/arm64/lib/strlen.o
  CC      security/keys/permission.o
  CC      net/core/skbuff.o
  CC      net/core/datagram.o
  CC      lib/decompress_bunzip2.o
  CC      net/core/stream.o
  CC      net/core/scm.o
  AS      arch/arm64/lib/strncmp.o
  CC      fs/dcache.o
  CC      fs/select.o
  AS      arch/arm64/lib/strnlen.o
  CC      fs/inode.o
  CC      drivers/pinctrl/pinconf.o
  AS      arch/arm64/mm/cache.o
  CC      drivers/pinctrl/pinconf-generic.o
  CC      block/blk-map.o
  CC      block/blk-merge.o
  AS      arch/arm64/lib/strrchr.o
  AS      arch/arm64/lib/tishift.o
  CC      drivers/irqchip/irq-bcm2835.o
  CC      arch/arm64/mm/copypage.o
  CC      arch/arm64/mm/flush.o
  CC      net/ethtool/netlink.o
  CC      drivers/phy/phy-xgene.o
  CC      net/ethtool/bitset.o
  CC      lib/decompress_inflate.o
  CC      arch/arm64/kvm/hyp/nvhe/debug-sr.nvhe.o
  AR      arch/arm64/xen/built-in.a
  AS      arch/arm64/lib/mte.o
  CC      net/ethtool/strset.o
  AS      arch/arm64/kernel/entry-fpsimd.o
  CC      arch/arm64/kernel/process.o
  CC      net/ipv6/af_inet6.o
  CC      net/ipv6/anycast.o
  AR      arch/arm64/lib/lib.a
  CC      net/packet/af_packet.o
  CC      net/devlink/core.o
  AR      arch/arm64/lib/built-in.a
  CC      net/ipv6/ip6_output.o
  CC      net/devlink/netlink.o
  CC      drivers/phy/allwinner/phy-sun4i-usb.o
  CC      drivers/irqchip/irq-bcm2836.o
  CC      net/core/gen_stats.o
  CC      net/core/gen_estimator.o
  CC      net/sched/sch_fifo.o
  CC      crypto/scatterwalk.o
  AR      security/integrity/built-in.a
  CC      crypto/proc.o
  CC      drivers/bus/fsl-mc/fsl-mc-bus.o
  CC      drivers/bus/qcom-ebi2.o
  CC      drivers/bus/stm32_firewall.o
  CC      drivers/bus/stm32_rifsc.o
  CC      drivers/pinctrl/devicetree.o
  CC      drivers/phy/amlogic/phy-meson8b-usb2.o
  CC      drivers/pinctrl/pinctrl-max77620.o
  CC      net/core/net_namespace.o
  CC      net/devlink/netlink_gen.o
  CC      drivers/bus/fsl-mc/mc-sys.o
  CC      drivers/bus/fsl-mc/mc-io.o
  CC      lib/decompress_unlz4.o
  CC      arch/arm64/kvm/hyp/vhe/debug-sr.o
  CC      arch/arm64/kvm/hyp/vhe/switch.o
  CC      mm/truncate.o
  CC      arch/arm64/kvm/hyp/vhe/tlb.o
  CC      drivers/bus/fsl-mc/dpbp.o
  CC      arch/arm64/kernel/ptrace.o
  CC      arch/arm64/mm/ioremap.o
  AR      init/built-in.a
  CC      arch/arm64/kvm/hyp/nvhe/switch.nvhe.o
  CC      net/ipv6/ip6_input.o
  CC      security/keys/process_keys.o
  CC      drivers/bus/fsl-mc/dpcon.o
  CC      crypto/aead.o
  CC      arch/arm64/mm/mmap.o
  CC      arch/arm64/mm/pgd.o
  CC      arch/arm64/mm/mem_encrypt.o
  AR      ipc/built-in.a
  CC      drivers/pinctrl/pinctrl-rockchip.o
  CC      net/netfilter/nf_queue.o
  CC      net/netfilter/nf_sockopt.o
  CC      drivers/bus/stm32_etzpc.o
  CC      drivers/irqchip/irq-owl-sirq.o
  CC      lib/decompress_unlzma.o
  CC      fs/attr.o
  AR      drivers/phy/apple/built-in.a
  CC      net/ipv6/addrconf.o
  CC      net/ipv6/addrlabel.o
  CC      net/devlink/dev.o
  CC      net/devlink/port.o
  CC      net/devlink/sb.o
  CC      net/devlink/dpipe.o
  CC      drivers/phy/broadcom/phy-bcm-ns2-pcie.o
  CC      drivers/phy/amlogic/phy-meson-gxl-usb2.o
  AR      arch/arm64/crypto/built-in.a
  CC      drivers/phy/amlogic/phy-meson-g12a-usb2.o
  CC      drivers/irqchip/irq-tegra.o
  CC      net/devlink/resource.o
  CC      net/devlink/param.o
  CC      net/devlink/region.o
  CC      kernel/panic.o
  CC      kernel/cpu.o
  CC      kernel/exit.o
  CC      net/netfilter/utils.o
  CC      net/devlink/health.o
  CC      arch/arm64/mm/mmu.o
  AR      drivers/phy/allwinner/built-in.a
  CC      net/dsa/stubs.o
  CC      crypto/geniv.o
  CC      io_uring/filetable.o
  CC      io_uring/rw.o
  CC      drivers/irqchip/irq-dw-apb-ictl.o
  CC      drivers/phy/broadcom/phy-bcm-ns2-usbdrd.o
  CC      drivers/bus/fsl-mc/dprc.o
  AR      arch/arm64/net/built-in.a
  CC      arch/arm64/kvm/hyp/nvhe/tlb.nvhe.o
  CC      net/core/secure_seq.o
  AS      arch/arm64/kvm/hyp/nvhe/hyp-init.nvhe.o
  CC      crypto/lskcipher.o
  CC      crypto/skcipher.o
  CC      crypto/bpf_crypto_skcipher.o
  CC      crypto/echainiv.o
  CC      arch/arm64/kvm/hyp/vhe/../vgic-v3-sr.o
  CC      net/ipv6/route.o
  CC      fs/bad_inode.o
  CC      arch/arm64/kvm/hyp/vhe/../aarch32.o
  CC      lib/decompress_unlzo.o
  CC      lib/decompress_unxz.o
  CC      lib/decompress_unzstd.o
  CC      arch/arm64/kvm/hyp/vhe/../vgic-v2-cpuif-proxy.o
  CC      net/devlink/trap.o
  AS      arch/arm64/kvm/hyp/vhe/../entry.o
  CC      drivers/pinctrl/pinctrl-single.o
  CC      mm/vmscan.o
  CC      kernel/softirq.o
  AR      net/ethernet/built-in.a
  AS      arch/arm64/kvm/hyp/nvhe/host.nvhe.o
  CC      io_uring/poll.o
  CC      io_uring/tw.o
  CC      io_uring/wait.o
  CC      drivers/gpio/gpiolib.o
  CC      drivers/pwm/core.o
  CC      drivers/leds/led-core.o
  CC      drivers/leds/led-class.o
  CC      arch/arm64/kernel/setup.o
  CC      lib/dump_stack.o
  CC      drivers/bus/sun50i-de2.o
  CC      lib/earlycpio.o
  CC      security/keys/request_key.o
  CC      drivers/bus/fsl-mc/dprc-driver.o
  CC      crypto/ahash.o
  CC      crypto/shash.o
  CC      drivers/bus/fsl-mc/fsl-mc-allocator.o
  CC      drivers/bus/fsl-mc/fsl-mc-msi.o
  CC      drivers/bus/fsl-mc/dpmcp.o
  CC      net/devlink/rate.o
  CC      net/devlink/linecard.o
  CC      net/devlink/sh_dev.o
  AR      drivers/phy/cadence/built-in.a
  CC      net/ipv4/ip_options.o
  CC      net/ipv4/ip_output.o
  CC      drivers/irqchip/irq-sun6i-r.o
  CC      drivers/irqchip/irq-sunxi-nmi.o
  CC      drivers/phy/broadcom/phy-brcm-sata.o
  CC      drivers/phy/broadcom/phy-brcm-usb.o
  CC      drivers/phy/amlogic/phy-meson-g12a-usb3-pcie.o
  CC      drivers/phy/amlogic/phy-meson-g12a-mipi-dphy-analog.o
  CC      fs/file.o
  CC      block/blk-timeout.o
  CC      drivers/pci/access.o
  CC      drivers/pci/bus.o
  CC      drivers/pci/probe.o
  CC      drivers/pci/host-bridge.o
  CC      kernel/resource.o
  CC      lib/extable.o
  CC      arch/arm64/kernel/signal.o
  CC      drivers/phy/amlogic/phy-meson-axg-pcie.o
  CC      net/ipv4/ip_sockglue.o
  CC      net/core/flow_dissector.o
  CC      drivers/leds/led-triggers.o
  CC      drivers/leds/leds-gpio.o
  CC      drivers/leds/leds-pwm.o
  CC      net/ipv6/ipv6_sockglue.o
  CC      net/ipv6/ip6_fib.o
  CC      net/ipv4/inet_hashtables.o
  UPD     arch/arm64/kvm/hyp_constants.h
  CC      drivers/pinctrl/pinctrl-zynqmp.o
  CC      drivers/pci/remove.o
  CC      arch/arm64/kvm/../../../virt/kvm/kvm_main.o
  CC      drivers/leds/leds-syscon.o
  CC      io_uring/eventfd.o
  CC      fs/filesystems.o
  CC      net/ipv4/inet_timewait_sock.o
  CC      security/keys/request_key_auth.o
  CC      security/keys/user_defined.o
  CC      arch/arm64/kvm/hyp/nvhe/hyp-main.nvhe.o
  CC      arch/arm64/kernel/sys.o
  CC      arch/arm64/kvm/hyp/nvhe/hyp-smp.nvhe.o
  CC      drivers/leds/trigger/ledtrig-timer.o
  CC      mm/shrinker.o
  CC      lib/fdt.o
  CC      mm/shmem.o
  CC      drivers/irqchip/irq-gic.o
  CC      drivers/bus/fsl-mc/obj-api.o
  CC      drivers/irqchip/irq-gic-common.o
  CC      drivers/leds/trigger/ledtrig-disk.o
  CC      lib/fdt_addresses.o
  CC      drivers/leds/blink/leds-bcm63138.o
  AR      drivers/leds/simatic/built-in.a
  CC      drivers/phy/amlogic/phy-meson-axg-mipi-pcie-analog.o
  CC      fs/namespace.o
  CC      net/ipv6/ndisc.o
  CC      net/ipv6/udp.o
  CC      net/ipv6/raw.o
  CC      net/ipv6/icmp.o
  CC      lib/fdt_empty_tree.o
  CC      net/ipv6/mcast.o
  CC      kernel/sysctl.o
  CC      drivers/irqchip/irq-gic-pm.o
  CC      kernel/capability.o
  CC      arch/arm64/mm/context.o
  AS      arch/arm64/mm/proc.o
  CC      lib/fdt_ro.o
  CC      lib/fdt_rw.o
  CC      drivers/phy/broadcom/phy-brcm-usb-init.o
  CC      net/netfilter/nf_bpf_link.o
  CC      drivers/leds/trigger/ledtrig-heartbeat.o
  CC      drivers/pwm/pwm-bcm-iproc.o
  CC      drivers/pwm/pwm-rockchip.o
  CC      drivers/pwm/pwm-samsung.o
  CC      crypto/akcipher.o
  CC      drivers/phy/broadcom/phy-brcm-usb-init-synopsys.o
  CC      net/ipv4/inet_connection_sock.o
  CC      mm/util.o
  CC      drivers/video/aperture.o
  CC      net/ipv4/tcp.o
  AS      arch/arm64/kvm/hyp/vhe/../fpsimd.o
  CC      net/ipv4/tcp_input.o
  CC      net/ipv4/tcp_output.o
  CC      net/ipv4/tcp_timer.o
  AS      arch/arm64/kvm/hyp/vhe/../hyp-entry.o
  CC      lib/fdt_strerror.o
  CC      drivers/bus/sunxi-rsb.o
  CC      drivers/bus/simple-pm-bus.o
  CC      drivers/bus/ti-sysc.o
  CC      security/keys/compat.o
  CC      io_uring/uring_cmd.o
  CC      arch/arm64/kvm/hyp/vhe/../exception.o
  AR      net/dsa/built-in.a
  CC      lib/fdt_sw.o
  CC      lib/fdt_wip.o
  CC      lib/flex_proportions.o
  CC      lib/idr.o
  CC      drivers/pinctrl/actions/pinctrl-owl.o
  CC      net/ipv6/reassembly.o
  CC      security/keys/proc.o
  AR      net/netlink/built-in.a
  CC      net/ipv4/tcp_ipv4.o
  CC      drivers/pci/pci.o
  CC      drivers/pci/pci-driver.o
  CC      drivers/pci/search.o
  CC      drivers/pci/rebar.o
  AR      drivers/leds/blink/built-in.a
  AR      drivers/bus/fsl-mc/built-in.a
  CC      net/ipv6/tcp_ipv6.o
  CC      net/ipv6/ping.o
  CC      security/keys/sysctl.o
  CC      drivers/leds/trigger/ledtrig-cpu.o
  CC      drivers/leds/trigger/ledtrig-default-on.o
  CC      lib/iomem_copy.o
  CC      drivers/phy/broadcom/phy-bcm-sr-pcie.o
  CC      lib/irq_regs.o
  CC      net/core/sysctl_net_core.o
  CC      net/core/dev.o
  CC      drivers/char/ipmi/ipmi_dmi.o
  AR      drivers/idle/built-in.a
  AR      net/unix/built-in.a
  CC      arch/arm64/kvm/../../../virt/kvm/eventfd.o
  CC      kernel/user.o
  CC      kernel/ptrace.o
  CC      kernel/signal.o
  CC      kernel/sys.o
  CC      arch/arm64/mm/pageattr.o
  CC      drivers/leds/trigger/ledtrig-panic.o
  AR      drivers/pwm/built-in.a
  CC      arch/arm64/kernel/stacktrace.o
  CC      arch/arm64/kernel/time.o
  CC      drivers/acpi/tables.o
  CC      drivers/video/screen_info_generic.o
  CC      drivers/phy/amlogic/phy-meson-axg-mipi-dphy.o
  CC      security/keys/keyctl_pkey.o
  CC      drivers/pinctrl/actions/pinctrl-s700.o
  CC      drivers/pci/rom.o
  CC      lib/is_single_threaded.o
  CC      net/ipv6/exthdrs.o
  CC      net/ipv6/datagram.o
  CC      net/ipv6/ip6_flowlabel.o
  CC      drivers/irqchip/irq-msi-lib.o
  CC      net/ipv6/inet6_connection_sock.o
  CC      drivers/irqchip/irq-gic-v2m.o
  CC      block/blk-lib.o
  CC      block/blk-mq.o
  CC      drivers/bus/uniphier-system-bus.o
  CC      drivers/bus/vexpress-config.o
  CC      net/ipv6/udp_offload.o
  CC      crypto/sig.o
  CC      io_uring/openclose.o
  CC      net/ipv6/seg6.o
  CC      arch/arm64/kvm/hyp/vhe/../vgic-v5-sr.o
  CC      fs/seq_file.o
  CC      drivers/pinctrl/bcm/pinctrl-bcm2835.o
  AR      drivers/pinctrl/cirrus/built-in.a
  CC      arch/arm64/kvm/hyp/nvhe/psci-relay.nvhe.o
  CC      arch/arm64/kvm/hyp/nvhe/early_alloc.nvhe.o
  AR      drivers/leds/trigger/built-in.a
  CC      drivers/video/screen_info_pci.o
  CC      fs/xattr.o
  CC      fs/libfs.o
  AR      drivers/leds/built-in.a
  CC      net/ethtool/linkinfo.o
  CC      net/ipv6/fib6_notifier.o
  CC      kernel/umh.o
  CC      lib/klist.o
  CC      drivers/gpio/gpiolib-devres.o
  CC      drivers/gpio/gpiolib-legacy.o
  CC      arch/arm64/mm/fixmap.o
  CC      arch/arm64/mm/contpte.o
  AR      net/bpf/built-in.a
  CC      drivers/pinctrl/actions/pinctrl-s900.o
  CC      arch/arm64/mm/hugetlbpage.o
  CC      drivers/char/ipmi/ipmi_plat_data.o
  CC      drivers/pnp/core.o
  CC      net/ethtool/linkmodes.o
  CC      net/ethtool/linkstate.o
  CC      net/ethtool/rss.o
  CC      mm/mmzone.o
  CC      mm/vmstat.o
  CC      drivers/pnp/card.o
  CC      drivers/pinctrl/bcm/pinctrl-bcm4908.o
  CC      lib/kobject.o
  CC      net/core/dev_api.o
  CC      net/ipv4/tcp_minisocks.o
  CC      drivers/phy/broadcom/phy-bcm-sr-usb.o
  CC      net/ipv4/tcp_cong.o
  CC      drivers/pinctrl/bcm/pinctrl-brcmstb.o
  AR      security/keys/built-in.a
  AR      drivers/bus/mhi/built-in.a
  CC      drivers/pinctrl/bcm/pinctrl-brcmstb-bcm2712.o
  AR      drivers/phy/amlogic/built-in.a
  AR      security/built-in.a
  AR      drivers/bus/built-in.a
  CC      net/ipv6/rpl.o
  CC      net/sunrpc/clnt.o
  CC      net/8021q/vlan_core.o
  AR      net/wireless/tests/built-in.a
  AR      net/wireless/built-in.a
  CC      drivers/acpi/osi.o
  CC      drivers/acpi/osl.o
  CC      drivers/acpi/utils.o
  CC      drivers/pci/setup-res.o
  CC      drivers/pci/irq.o
  CC      drivers/irqchip/irq-gic-v3.o
  CC      drivers/pnp/driver.o
  CC      io_uring/sqpoll.o
  CC      drivers/pnp/resource.o
  ASN.1   crypto/rsapubkey.asn1.[ch]
  ASN.1   crypto/rsaprivkey.asn1.[ch]
  CC      crypto/rsa.o
  AR      arch/arm64/kvm/hyp/vhe/built-in.a
  CC      drivers/gpio/gpiolib-of.o
  CC      drivers/video/cmdline.o
  CC      drivers/video/nomodeset.o
  AR      drivers/pinctrl/actions/built-in.a
  CC      arch/arm64/mm/trans_pgd.o
  AS      arch/arm64/mm/trans_pgd-asm.o
  CC      arch/arm64/mm/mteswap.o
  CC      arch/arm64/mm/gcs.o
  CC      drivers/pci/vpd.o
  CC      arch/arm64/kernel/traps.o
  CC      arch/arm64/kernel/io.o
  CC      arch/arm64/kernel/vdso.o
  AR      drivers/char/ipmi/built-in.a
  CC      net/core/dev_addr_lists.o
  CC      drivers/pci/setup-bus.o
  CC      lib/kobject_uevent.o
  CC      lib/logic_pio.o
  CC      drivers/gpio/gpiolib-cdev.o
  CC      drivers/pnp/manager.o
  CC      drivers/pnp/support.o
  CC      mm/backing-dev.o
  CC      net/ethtool/debug.o
  CC      drivers/amba/bus.o
  CC      drivers/clk/clk-devres.o
  CC      drivers/pinctrl/bcm/pinctrl-iproc-gpio.o
  CC      net/core/dst.o
  CC      net/ipv6/ioam6.o
  CC      drivers/irqchip/irq-gic-v3-mbi.o
  CC      net/ipv6/sysctl_net_ipv6.o
  CC      arch/arm64/kvm/hyp/nvhe/page_alloc.nvhe.o
  CC      block/blk-mq-tag.o
  CC      drivers/irqchip/irq-gic-its-msi-parent.o
  CC      drivers/irqchip/irq-gic-v3-its.o
  CC      fs/fs-writeback.o
  AR      net/packet/built-in.a
  CC      drivers/irqchip/irq-gic-v4.o
  CC      drivers/irqchip/irq-gic-v3-its-fsl-mc-msi.o
  CC      drivers/irqchip/irq-gic-v5.o
  CC      drivers/irqchip/irq-gic-v5-irs.o
  CC      drivers/irqchip/irq-gic-v5-its.o
  AS      arch/arm64/kernel/hyp-stub.o
  CC      crypto/rsa_helper.o
  CC      crypto/rsa-pkcs1pad.o
  CC      crypto/rsassa-pkcs1.o
  AR      drivers/phy/broadcom/built-in.a
  CC      net/ipv4/tcp_metrics.o
  AR      drivers/phy/eswin/built-in.a
  CC      drivers/phy/freescale/phy-fsl-imx8m-pcie.o
  CC      net/ipv4/tcp_fastopen.o
  AR      drivers/phy/canaan/built-in.a
  CC      net/ethtool/wol.o
  CC      net/sysctl_net.o
  CC      net/9p/mod.o
  AR      net/netfilter/built-in.a
  CC      net/9p/client.o
  CC      drivers/acpi/reboot.o
  CC      drivers/acpi/nvs.o
  CC      drivers/clk/clk-bulk.o
  CC      drivers/clk/clkdev.o
  AR      net/sched/built-in.a
  CC      drivers/pinctrl/bcm/pinctrl-ns2-mux.o
  CC      drivers/pci/vc.o
  CC      drivers/video/hdmi.o
  CC      drivers/pnp/interface.o
  CC      drivers/video/console/dummycon.o
  AR      drivers/video/backlight/built-in.a
  CC      drivers/video/logo/logo.o
  HOSTCC  drivers/video/logo/pnmtologo
  CC      crypto/acompress.o
  CC      net/9p/error.o
  CC      crypto/scompress.o
  CC      lib/maple_tree.o
  CC      net/ipv4/tcp_recovery.o
  CC      io_uring/xattr.o
  CC      io_uring/nop.o
  AR      drivers/pinctrl/cix/built-in.a
  CC      net/sunrpc/xprt.o
  CC      net/sunrpc/socklib.o
  CC      net/sunrpc/sched.o
  CC      net/sunrpc/xprtsock.o
  CC      io_uring/fs.o
  CC      io_uring/splice.o
  LOGO    drivers/video/logo/logo_linux_clut224.c
  CC      mm/mm_init.o
  AR      arch/arm64/mm/built-in.a
  CC      net/sunrpc/auth.o
  CC      arch/arm64/kernel/psci.o
  CC      arch/arm64/kernel/cpu_ops.o
  CC      net/sunrpc/auth_null.o
  CC      net/sunrpc/auth_tls.o
  CC      drivers/amba/tegra-ahb.o
  AS      arch/arm64/kvm/hyp/nvhe/cache.nvhe.o
  CC      kernel/workqueue.o
  AR      net/devlink/built-in.a
  CC      drivers/dma/dmaengine.o
  CC      drivers/dma/virt-dma.o
  CC      drivers/gpio/gpiolib-acpi-core.o
  CC      drivers/dma/acpi-dma.o
  CC      drivers/video/logo/logo_linux_clut224.o
  CC      mm/percpu.o
  CC      drivers/clk/clk.o
  CC      drivers/pnp/quirks.o
  CC      mm/compaction.o
  CC      mm/slab_common.o
  AR      drivers/video/logo/built-in.a
  CC      drivers/acpi/wakeup.o
  CC      mm/show_mem.o
  CC      drivers/acpi/device_sysfs.o
  CC      mm/interval_tree.o
  CC      mm/list_lru.o
  AR      drivers/phy/freescale/built-in.a
  CC      drivers/phy/hisilicon/phy-hi6220-usb.o
  CC      arch/arm64/kernel/return_address.o
  AR      drivers/pinctrl/bcm/built-in.a
  AR      drivers/video/console/built-in.a
  CC      drivers/pinctrl/mediatek/mtk-eint.o
  CC      drivers/pnp/system.o
  CC      drivers/pinctrl/freescale/pinctrl-imx.o
  CC      crypto/algboss.o
  CC      drivers/pnp/pnpacpi/core.o
  CC      drivers/pinctrl/meson/pinctrl-meson.o
  CC      lib/memcat_p.o
  CC      drivers/irqchip/irq-gic-v5-iwb.o
  CC      arch/arm64/kvm/hyp/nvhe/setup.nvhe.o
  CC      kernel/pid.o
  CC      io_uring/sync.o
  CC      drivers/video/fbdev/core/fb_notify.o
  CC      drivers/pci/mmap.o
  CC      io_uring/msg_ring.o
  CC      io_uring/advise.o
  CC      net/ipv6/netfilter.o
  CC      net/core/netevent.o
  CC      net/core/neighbour.o
  CC      arch/arm64/kernel/cpuinfo.o
  CC      arch/arm64/kernel/cpu_errata.o
  CC      arch/arm64/kernel/cpufeature.o
  CC      net/ipv4/tcp_ulp.o
  CC      net/ipv4/tcp_offload.o
  CC      net/9p/protocol.o
  AR      drivers/amba/built-in.a
  CC      net/ipv4/tcp_plb.o
  CC      net/9p/trans_common.o
  CC      net/ipv4/datagram.o
  CC      net/ipv4/raw.o
  CC      io_uring/statx.o
  AR      drivers/soc/aspeed/built-in.a
  CC      io_uring/timeout.o
  AR      drivers/soc/apple/built-in.a
  CC      io_uring/cancel.o
  CC      drivers/soc/bcm/brcmstb/common.o
  CC      io_uring/waitid.o
  CC      lib/nmi_backtrace.o
  CC      lib/objpool.o
  CC      net/sunrpc/auth_unix.o
  CC      net/sunrpc/svc.o
  CC      arch/arm64/kvm/../../../virt/kvm/binary_stats.o
  CC      arch/arm64/kvm/../../../virt/kvm/vfio.o
  CC      arch/arm64/kernel/alternative.o
  CC      net/ethtool/features.o
  CC      net/ethtool/privflags.o
  CC      drivers/clk/clk-divider.o
  CC      drivers/pinctrl/mediatek/pinctrl-mtk-common.o
  CC      net/ipv6/proc.o
  CC      arch/arm64/kernel/cacheinfo.o
  CC      drivers/dma/of-dma.o
  CC      drivers/pinctrl/freescale/pinctrl-scu.o
  CC      drivers/acpi/device_pm.o
  CC      net/ethtool/rings.o
  CC      net/ethtool/channels.o
  CC      drivers/phy/hisilicon/phy-histb-combphy.o
  CC      net/ethtool/coalesce.o
  CC      drivers/pinctrl/freescale/pinctrl-imx-scmi.o
  AR      drivers/pinctrl/microchip/built-in.a
  CC      drivers/pinctrl/freescale/pinctrl-imx8mm.o
  CC      drivers/pinctrl/freescale/pinctrl-imx8mn.o
  CC      drivers/pinctrl/freescale/pinctrl-imx8mp.o
  CC      drivers/gpio/gpiolib-acpi-quirks.o
  CC      drivers/pci/devres.o
  CC      drivers/gpio/gpiolib-swnode.o
  CC      drivers/video/fbdev/core/fb_info.o
  CC      drivers/video/display_timing.o
  CC      drivers/gpio/gpiolib-shared.o
  CC      drivers/gpio/gpio-mmio.o
  CC      fs/pnode.o
  AR      net/8021q/built-in.a
  CC      drivers/pinctrl/meson/pinctrl-meson8-pmx.o
  CC      drivers/pinctrl/meson/pinctrl-meson-gxbb.o
  CC      net/ethtool/pause.o
  CC      drivers/pnp/pnpacpi/rsparser.o
  CC      crypto/testmgr.o
  CC      net/ethtool/eee.o
  CC      drivers/dma/bcm2835-dma.o
  CC      drivers/dma/fsl-edma-main.o
  CC      drivers/soc/bcm/brcmstb/biuctrl.o
  CC      drivers/dma/fsl-edma-common.o
  AR      drivers/dma/idxd/built-in.a
  AR      net/ipv6/netfilter/built-in.a
  CC      net/ipv6/addrconf_core.o
  CC      io_uring/register.o
  CC      net/ipv4/udp.o
  CC      drivers/video/videomode.o
  CC      net/core/rtnetlink.o
  CC      mm/workingset.o
  CC      net/9p/trans_fd.o
  CC      mm/debug.o
  CC      mm/gup.o
  CC      mm/mmap_lock.o
  CC      lib/plist.o
  CC      mm/vma_init.o
  CC      net/ipv4/udp_offload.o
  CC      net/ipv4/arp.o
  CC      net/ipv4/icmp.o
  CC      drivers/pinctrl/meson/pinctrl-meson-gxl.o
  CC      net/sunrpc/svcsock.o
  CC      net/sunrpc/svcauth.o
  CC      net/sunrpc/svcauth_unix.o
  CC      drivers/pinctrl/freescale/pinctrl-imx8mq.o
  CC      drivers/pinctrl/freescale/pinctrl-imx8qm.o
  CC      crypto/crypto_user.o
  CC      drivers/video/of_display_timing.o
  CC      crypto/ecb.o
  CC      net/ethtool/tsinfo.o
  CC      net/ethtool/cabletest.o
  CC      net/ipv6/exthdrs_core.o
  CC      net/ethtool/tunnels.o
  CC      drivers/pinctrl/freescale/pinctrl-imx8qxp.o
  CC      drivers/pinctrl/mediatek/pinctrl-mtk-common-v2.o
  CC      drivers/pinctrl/mediatek/pinctrl-moore.o
  CC      drivers/dma/k3dma.o
  AR      drivers/phy/ingenic/built-in.a
  CC      drivers/dma/mv_xor.o
  CC      crypto/lzo.o
  CC      crypto/lzo-rle.o
  CC      crypto/rng.o
  CC      drivers/clk/clk-fixed-factor.o
  AR      drivers/phy/intel/built-in.a
  AR      drivers/phy/lantiq/built-in.a
  CC      net/ipv4/devinet.o
  CC      io_uring/truncate.o
  CC      net/ipv4/af_inet.o
  CC      drivers/pci/msi/pcidev_msi.o
  CC      drivers/pci/msi/api.o
  CC      drivers/phy/hisilicon/phy-hisi-inno-usb2.o
  CC      arch/arm64/kvm/hyp/nvhe/mm.nvhe.o
  CC      arch/arm64/kvm/hyp/nvhe/mem_protect.nvhe.o
  CC      net/ipv4/igmp.o
  CC      net/ipv4/fib_frontend.o
  CC      drivers/gpio/gpio-xgs-iproc.o
  CC      net/ipv4/fib_semantics.o
  AR      drivers/soc/bcm/brcmstb/built-in.a
  AR      drivers/soc/bcm/built-in.a
  CC      drivers/soc/fsl/rcpm.o
  CC      drivers/soc/fsl/qbman/bman_ccsr.o
  AR      drivers/soc/fujitsu/built-in.a
  AR      drivers/video/fbdev/omap/built-in.a
  CC      net/core/utils.o
  CC      net/core/link_watch.o
  CC      net/ipv6/ip6_checksum.o
  CC      net/ipv6/ip6_icmp.o
  CC      arch/arm64/kvm/hyp/nvhe/sys_regs.nvhe.o
  CC      drivers/acpi/bus.o
  CC      arch/arm64/kvm/hyp/nvhe/pkvm.nvhe.o
  AR      drivers/video/fbdev/omap2/omapfb/dss/built-in.a
  AR      drivers/video/fbdev/omap2/omapfb/displays/built-in.a
  CC      drivers/video/of_videomode.o
  AR      drivers/video/fbdev/omap2/omapfb/built-in.a
  CC      drivers/video/fbdev/core/fbmem.o
  AR      drivers/video/fbdev/omap2/built-in.a
  CC      drivers/irqchip/irq-mbigen.o
  CC      net/ethtool/fec.o
  CC      drivers/pinctrl/meson/pinctrl-meson-axg-pmx.o
  CC      drivers/pinctrl/meson/pinctrl-meson-axg.o
  CC      net/ipv4/fib_trie.o
  CC      lib/radix-tree.o
  CC      drivers/pinctrl/freescale/pinctrl-imx8dxl.o
  CC      arch/arm64/kernel/smp.o
  AR      drivers/pnp/pnpacpi/built-in.a
  CC      drivers/soc/fsl/qbman/qman_ccsr.o
  CC      fs/sync.o
  CC      fs/splice.o
  AR      drivers/pnp/built-in.a
  CC      drivers/video/fbdev/core/fbcmap.o
  CC      drivers/video/fbdev/core/modedb.o
  CC      net/sunrpc/addr.o
  CC      mm/highmem.o
  CC      drivers/clk/clk-fixed-rate.o
  CC      arch/arm64/kvm/../../../virt/kvm/coalesced_mmio.o
  CC      arch/arm64/kvm/../../../virt/kvm/irqchip.o
  CC      drivers/clk/clk-gate.o
  CC      block/blk-mq-dma.o
  CC      net/ethtool/eeprom.o
  CC      net/ethtool/stats.o
  CC      drivers/phy/marvell/phy-mvebu-a3700-comphy.o
  CC      drivers/pinctrl/mediatek/pinctrl-paris.o
  CC      drivers/pinctrl/mediatek/pinctrl-mt2712.o
  CC      net/ipv6/output_core.o
  CC      net/dns_resolver/dns_key.o
  CC      net/ipv6/protocol.o
  CC      net/switchdev/switchdev.o
  AR      drivers/phy/hisilicon/built-in.a
  CC      drivers/gpio/gpio-blzp1600.o
  CC      net/handshake/alert.o
  CC      drivers/pci/msi/msi.o
  CC      kernel/task_work.o
  CC      kernel/extable.o
  CC      crypto/rsapubkey.asn1.o
  CC      crypto/asymmetric_keys/asymmetric_type.o
  CC      crypto/asymmetric_keys/restrict.o
  CC      io_uring/memmap.o
  CC      io_uring/alloc_cache.o
  CC      drivers/pinctrl/freescale/pinctrl-imx8ulp.o
  CC      drivers/pinctrl/freescale/pinctrl-imx91.o
  CC      drivers/gpio/gpio-brcmstb.o
  CC      net/sunrpc/rpcb_clnt.o
  CC      drivers/pinctrl/meson/pinctrl-meson-g12a.o
  CC      net/sunrpc/timer.o
  CC      net/sunrpc/xdr.o
  CC      drivers/dma/mv_xor_v2.o
  CC      drivers/pmdomain/actions/owl-sps-helper.o
  CC      drivers/pmdomain/actions/owl-sps.o
  AR      drivers/soc/hisilicon/built-in.a
  CC      lib/ratelimit.o
  CC      drivers/irqchip/irq-renesas-irqc.o
  CC      drivers/irqchip/irq-renesas-rzg2l.o
  CC      fs/utimes.o
  CC      drivers/soc/fsl/qbman/bman_portal.o
  CC      net/sunrpc/sunrpc_syms.o
  CC      drivers/soc/fsl/qbman/qman_portal.o
  CC      drivers/acpi/glue.o
  CC      drivers/acpi/scan.o
  CC      drivers/acpi/mipi-disco-img.o
  CC      net/sunrpc/cache.o
  CC      net/sunrpc/rpc_pipe.o
  CC      crypto/asymmetric_keys/signature.o
  CC      crypto/asymmetric_keys/public_key.o
  CC      drivers/clk/clk-multiplier.o
  CC      drivers/clk/clk-mux.o
  CC      drivers/clk/clk-composite.o
  CC      net/ethtool/phc_vclocks.o
  CC      drivers/pinctrl/mediatek/pinctrl-mt6765.o
  CC      lib/seq_buf.o
  CC      lib/rbtree.o
  CC      net/sunrpc/sysfs.o
  CC      drivers/pinctrl/freescale/pinctrl-imx93.o
  CC      drivers/clk/clk-fractional-divider.o
  CC      net/ipv6/ip6_offload.o
  CC      net/ipv6/exthdrs_offload.o
  CC      net/ipv6/inet6_hashtables.o
  CC      net/ipv6/mcast_snoop.o
  CC      kernel/params.o
  CC      kernel/kthread.o
  CC      net/ethtool/mm.o
  CC      net/ethtool/module.o
  CC      drivers/soc/fsl/guts.o
  CC      drivers/soc/imx/soc-imx8m.o
  CC      drivers/soc/imx/imx93-src.o
  CC      arch/arm64/kvm/hyp/nvhe/stacktrace.nvhe.o
  CC      drivers/soc/imx/soc-imx9.o
  CC      drivers/pci/msi/irqdomain.o
  CC      drivers/soc/fsl/dpio/dpio.o
  CC      drivers/pinctrl/meson/pinctrl-meson-a1.o
  CC      io_uring/query.o
  CC      io_uring/loop.o
  AR      drivers/pmdomain/actions/built-in.a
  CC      net/dns_resolver/dns_query.o
  CC      drivers/pmdomain/amlogic/meson-ee-pwrc.o
  CC      drivers/pmdomain/apple/pmgr-pwrstate.o
  CC      drivers/gpio/gpio-davinci.o
  CC      drivers/pmdomain/amlogic/meson-secure-pwrc.o
  CC      drivers/pinctrl/mvebu/pinctrl-mvebu.o
  CC      drivers/pinctrl/mvebu/pinctrl-armada-ap806.o
  AR      drivers/pinctrl/nomadik/built-in.a
  CC      drivers/pinctrl/mvebu/pinctrl-armada-cp110.o
  CC      drivers/video/fbdev/core/fbcvt.o
  CC      drivers/video/fbdev/core/fb_cmdline.o
  CC      arch/arm64/kernel/smp_spin_table.o
  CC      arch/arm64/kernel/topology.o
  ASN.1   crypto/asymmetric_keys/x509.asn1.[ch]
  ASN.1   crypto/asymmetric_keys/x509_akid.asn1.[ch]
  CC      crypto/asymmetric_keys/x509_loader.o
  CC      crypto/asymmetric_keys/x509_public_key.o
  AS      arch/arm64/kernel/smccc-call.o
  CC      arch/arm64/kernel/proton-pack.o
  CC      drivers/dma/owl-dma.o
  CC      arch/arm64/kernel/syscall.o
  CC      drivers/dma/pl330.o
  CC      lib/siphash.o
  CC      mm/memory.o
  CC      drivers/dma/sh/rcar-dmac.o
  CC      net/9p/trans_virtio.o
  CC      drivers/clk/clk-gpio.o
  CC      drivers/soc/fsl/qbman/bman.o
  CC      drivers/soc/fsl/qbman/qman.o
  CC      fs/d_path.o
  CC      drivers/pci/pcie/portdrv.o
  CC      drivers/pinctrl/mediatek/pinctrl-mt6779.o
  ASN.1   crypto/asymmetric_keys/pkcs7.asn1.[ch]
  AR      drivers/pinctrl/freescale/built-in.a
  CC      net/ethtool/cmis_fw_update.o
  CC      net/ethtool/cmis_cdb.o
  CC      net/ethtool/plca.o
  CC      net/ethtool/pse-pd.o
  AR      drivers/pinctrl/nuvoton/built-in.a
  CC      drivers/phy/marvell/phy-mvebu-a3700-utmi.o
  AR      drivers/soc/imx/built-in.a
  CC      net/sunrpc/svc_xprt.o
  CC      drivers/soc/fsl/dpio/qbman-portal.o
  CC      net/sunrpc/xprtmultipath.o
  CC      crypto/rsaprivkey.asn1.o
  CC      drivers/clk/clk-conf.o
  CC      net/handshake/genl.o
  CC      drivers/irqchip/irq-renesas-rzt2h.o
  CC      drivers/irqchip/irq-renesas-rzv2h.o
  CC      block/blk-stat.o
  CC      drivers/dma/tegra186-gpc-dma.o
  CC      block/blk-mq-sysfs.o
  CC      drivers/pinctrl/meson/pinctrl-meson-s4.o
  CC      drivers/soc/fsl/dpio/dpio-service.o
  AR      drivers/pmdomain/apple/built-in.a
  CC      net/handshake/netlink.o
  CC      net/handshake/tlshd.o
  CC      net/handshake/request.o
  CC      lib/string.o
  CC      lib/sys_info.o
  CC      fs/stack.o
  CC      lib/timerqueue.o
  CC      kernel/sys_ni.o
  CC      net/ethtool/phy.o
  CC      drivers/pinctrl/mvebu/pinctrl-armada-37xx.o
  CC      crypto/asymmetric_keys/pkcs7_trust.o
  AR      drivers/pmdomain/amlogic/built-in.a
  CC      crypto/asymmetric_keys/pkcs7_verify.o
  CC      io_uring/zcrx.o
  CC      drivers/acpi/resource.o
  CC      drivers/pmdomain/arm/scmi_perf_domain.o
  AR      drivers/pci/msi/built-in.a
  CC      drivers/pmdomain/arm/scmi_pm_domain.o
  CC      arch/arm64/kvm/hyp/nvhe/ffa.nvhe.o
  CC      arch/arm64/kvm/hyp/nvhe/../vgic-v3-sr.nvhe.o
  CC      drivers/gpio/gpio-dwapb.o
  CC      arch/arm64/kvm/hyp/nvhe/../aarch32.nvhe.o
  CC      arch/arm64/kvm/hyp/nvhe/../vgic-v2-cpuif-proxy.nvhe.o
  AS      arch/arm64/kvm/hyp/nvhe/../entry.nvhe.o
  CC      drivers/video/fbdev/core/fb_backlight.o
  AR      drivers/soc/ixp4xx/built-in.a
  AS      arch/arm64/kvm/hyp/nvhe/../fpsimd.nvhe.o
  CC      fs/fs_struct.o
  CC      drivers/dma/tegra20-apb-dma.o
  AR      drivers/dma/amd/built-in.a
  CC      drivers/phy/marvell/phy-mvebu-cp110-comphy.o
  CC      net/ethtool/tsconfig.o
  CC      net/ethtool/mse.o
  CC      lib/union_find.o
  CC      lib/vsprintf.o
  CC      net/ipv4/fib_notifier.o
  CC      net/ipv4/inet_fragment.o
  CC      fs/statfs.o
  CC      drivers/clk/clk-cs2000-cp.o
  AS      arch/arm64/kvm/hyp/nvhe/../hyp-entry.nvhe.o
  CC      arch/arm64/kvm/hyp/nvhe/../exception.nvhe.o
  CC      net/ipv4/ping.o
  CC      kernel/nsproxy.o
  CC      net/ipv4/ip_tunnel_core.o
  CC      drivers/pinctrl/mediatek/pinctrl-mt6795.o
  CC      drivers/pinctrl/mediatek/pinctrl-mt6797.o
  CC      arch/arm64/kvm/hyp/nvhe/../pgtable.nvhe.o
  CC      arch/arm64/kvm/hyp/nvhe/../vgic-v5-sr.nvhe.o
  CC      crypto/asymmetric_keys/x509.asn1.o
  CC      crypto/asymmetric_keys/x509_akid.asn1.o
  CC      net/ipv4/gre_offload.o
  CC      arch/arm64/kernel/idle.o
  CC      drivers/pci/pcie/rcec.o
  AR      drivers/pinctrl/nxp/built-in.a
  CC      drivers/pinctrl/qcom/pinctrl-msm.o
  CC      crypto/asymmetric_keys/x509_cert_parser.o
  CC      crypto/asymmetric_keys/pkcs7.asn1.o
  CC      drivers/pmdomain/arm/scpi_pm_domain.o
  CC      block/blk-mq-cpumap.o
  CC      drivers/pinctrl/meson/pinctrl-amlogic-a4.o
  CC      arch/arm64/kernel/patching.o
  CC      drivers/pinctrl/mediatek/pinctrl-mt6878.o
  CC      net/handshake/trace.o
  CC      io_uring/io-wq.o
  CC      drivers/dma/sh/rz-dmac.o
  CC      drivers/soc/fsl/dpaa2-console.o
  CC      drivers/pinctrl/mediatek/pinctrl-mt6893.o
  CC      drivers/soc/fsl/dpio/dpio-driver.o
  CC      crypto/asymmetric_keys/pkcs7_parser.o
  CC      drivers/pinctrl/meson/pinctrl-amlogic-c3.o
  CC      arch/arm64/kernel/pi/idreg-override.o
  CC      drivers/acpi/acpi_processor.o
  CC      drivers/acpi/processor_core.o
  CC      drivers/irqchip/irq-xilinx-intc.o
  CC      drivers/irqchip/irq-bcm7038-l1.o
  CC      drivers/virtio/virtio.o
  CC      drivers/xen/cpu_hotplug.o
  CC      drivers/xen/grant-table.o
  CC      drivers/pinctrl/mvebu/pinctrl-ac5.o
  CC      fs/fs_pin.o
  CC      fs/nsfs.o
  AR      net/dns_resolver/built-in.a
  CC      drivers/irqchip/irq-bcm7120-l2.o
  CC      drivers/video/fbdev/xen-fbfront.o
  CC      mm/mincore.o
  CC      drivers/video/fbdev/efifb.o
  CC      drivers/soc/fsl/qbman/dpaa_sys.o
  CC      net/ipv4/metrics.o
  CC      net/ipv4/netlink.o
  CC      drivers/pinctrl/mediatek/pinctrl-mt7622.o
  CC      drivers/pinctrl/mediatek/pinctrl-mt7981.o
  CC      drivers/pinctrl/mediatek/pinctrl-mt7986.o
  AR      drivers/dma/loongson/built-in.a
  AR      drivers/dma/mediatek/built-in.a
  CC      drivers/video/fbdev/core/fbmon.o
  CC      net/sunrpc/backchannel_rqst.o
  AS      arch/arm64/kvm/hyp/nvhe/../../../kernel/smccc-call.nvhe.o
  AS      arch/arm64/kvm/hyp/nvhe/../../../lib/clear_page.nvhe.o
  AS      arch/arm64/kvm/hyp/nvhe/../../../lib/copy_page.nvhe.o
  AR      drivers/pmdomain/arm/built-in.a
  CC      arch/arm64/kvm/../../../virt/kvm/dirty_ring.o
  CC      drivers/pmdomain/bcm/bcm-pmb.o
  CC      block/blk-mq-sched.o
  CC      drivers/gpio/gpio-en7523.o
  CC      arch/arm64/kvm/../../../virt/kvm/guest_memfd.o
  CC      drivers/pinctrl/meson/pinctrl-amlogic-t7.o
  AS      arch/arm64/kvm/hyp/nvhe/../../../lib/memcpy.nvhe.o
  CC      net/core/filter.o
  CC      drivers/pci/pcie/bwctrl.o
  CC      net/core/sock_diag.o
  CC      lib/win_minmax.o
  CC      lib/xarray.o
  CC      drivers/clk/clk-sparx5.o
  CC      drivers/pinctrl/mediatek/pinctrl-mt7988.o
  CC      net/sunrpc/stats.o
  AR      drivers/pinctrl/mvebu/built-in.a
  AR      crypto/asymmetric_keys/built-in.a
  CC      lib/lockref.o
  CC      drivers/pinctrl/mediatek/pinctrl-mt8167.o
  CC      fs/fs_dirent.o
  CC      lib/bcd.o
  AR      crypto/built-in.a
  CC      lib/parser.o
  CC      lib/sort.o
  CC      lib/debug_locks.o
  CC      lib/random32.o
  CC      lib/bust_spinlocks.o
  CC      arch/arm64/kernel/rsi.o
  AR      net/9p/built-in.a
  CC      kernel/nstree.o
  CC      kernel/nscommon.o
  CC      kernel/notifier.o
  CC      kernel/ksysfs.o
  CC      block/ioctl.o
  CC      drivers/pmdomain/bcm/bcm2835-power.o
  CC      drivers/pmdomain/bcm/raspberrypi-power.o
  AR      drivers/soc/fsl/dpio/built-in.a
  CC      fs/fs_context.o
  CC      kernel/cred.o
  AR      net/switchdev/built-in.a
  CC      kernel/reboot.o
  AR      drivers/phy/marvell/built-in.a
  CC      kernel/async.o
  CC      kernel/range.o
  CC      net/sunrpc/sysctl.o
  CC      kernel/smpboot.o
  HOSTCC  arch/arm64/kernel/pi/relacheck
  CC      drivers/phy/mediatek/phy-mtk-tphy.o
  CC      drivers/phy/mediatek/phy-mtk-ufs.o
  CC      drivers/dma/qcom/bam_dma.o
  CC      net/sunrpc/auth_gss/auth_gss.o
  CC      drivers/pinctrl/qcom/pinctrl-eliza.o
  CC      net/sunrpc/auth_gss/gss_mech_switch.o
  CC      net/sunrpc/auth_gss/svcauth_gss.o
  CC      net/sunrpc/auth_gss/gss_rpc_upcall.o
  CC      drivers/virtio/virtio_ring.o
  CC      drivers/virtio/virtio_anchor.o
  CC      drivers/virtio/virtio_pci_modern_dev.o
  AR      drivers/soc/fsl/qbman/built-in.a
  CC      drivers/virtio/virtio_pci_legacy_dev.o
  CC      drivers/virtio/virtio_mmio.o
  CC      drivers/virtio/virtio_pci_modern.o
  AR      drivers/soc/fsl/built-in.a
  CC      drivers/virtio/virtio_pci_common.o
  CC      fs/fs_parser.o
  AR      drivers/soc/loongson/built-in.a
  AR      net/ipv6/built-in.a
  CC      drivers/soc/mediatek/mtk-infracfg.o
  CC      arch/arm64/kernel/pi/map_kernel.o
  CC      net/ipv4/nexthop.o
  AR      drivers/soc/nuvoton/built-in.a
  CC      drivers/soc/microchip/mpfs-irqmux.o
  CC      net/ipv4/udp_tunnel_stub.o
  CC      net/ipv4/sysctl_net_ipv4.o
  CC      net/ipv4/proc.o
  CC      net/ipv4/ipconfig.o
  CC      net/ipv4/netfilter.o
  CC      net/ipv4/inet_diag.o
  AR      net/ipv4/netfilter/built-in.a
  CC      net/ipv4/tcp_diag.o
  CC      drivers/irqchip/irq-brcmstb-l2.o
  CC      drivers/irqchip/irq-mtk-sysirq.o
  AR      drivers/dma/stm32/built-in.a
  CC      mm/mlock.o
  CC      drivers/irqchip/irq-mtk-cirq.o
  CC      drivers/irqchip/irq-imx-gpcv2.o
  CC      drivers/irqchip/irq-mvebu-gicp.o
  AS      arch/arm64/kvm/hyp/nvhe/../../../lib/memset.nvhe.o
  AS      arch/arm64/kvm/hyp/nvhe/../../../lib/tishift.nvhe.o
  CC      drivers/gpio/gpio-imx-scu.o
  AR      drivers/dma/sh/built-in.a
  CC      lib/kasprintf.o
  CC      drivers/acpi/pci_root.o
  CC      net/ipv4/tcp_cubic.o
  CC      net/ipv4/tcp_bpf.o
  AR      drivers/pinctrl/meson/built-in.a
  CC      drivers/clk/clk-en7523.o
  CC      net/ipv4/udp_bpf.o
  HOSTCC  arch/arm64/kvm/hyp/nvhe/gen-hyprel
  CC      block/genhd.o
  CC      drivers/soc/mediatek/mtk-pmic-wrap.o
  CC      drivers/virtio/virtio_pci_legacy.o
  CC      net/sunrpc/auth_gss/gss_rpc_xdr.o
  LD      arch/arm64/kvm/hyp/nvhe/kvm_nvhe.tmp.o
  CC      mm/mmap.o
  CC      net/sunrpc/auth_gss/trace.o
  CC      net/sunrpc/auth_gss/gss_krb5_mech.o
  CC      net/sunrpc/auth_gss/gss_krb5_seal.o
  CC      net/sunrpc/auth_gss/gss_krb5_unseal.o
  CC      drivers/video/fbdev/core/fb_defio.o
  CC      net/sunrpc/auth_gss/gss_krb5_wrap.o
  CC      drivers/pinctrl/mediatek/pinctrl-mt8173.o
  CC      drivers/xen/features.o
  CC      lib/bitmap.o
  HYPREL  arch/arm64/kvm/hyp/nvhe/hyp-reloc.S
  CC      fs/fsopen.o
  CC      net/sunrpc/auth_gss/gss_krb5_crypto.o
  AS      arch/arm64/kvm/hyp/nvhe/hyp-reloc.o
  CC      net/sunrpc/auth_gss/gss_krb5_keys.o
  CC      drivers/clk/clk-fsl-flexspi.o
  LD      arch/arm64/kvm/hyp/nvhe/kvm_nvhe.rel.o
  CC      kernel/ucount.o
  CC      drivers/regulator/core.o
  HYPCOPY arch/arm64/kvm/hyp/nvhe/kvm_nvhe.o
  CC      drivers/reset/core.o
  CC      net/ipv4/bpf_tcp_ca.o
  CC      drivers/reset/amlogic/reset-meson.o
  AR      arch/arm64/kvm/hyp/nvhe/built-in.a
  CC      drivers/soc/mediatek/mtk-regulator-coupler.o
  CC      drivers/pci/pcie/aspm.o
  AR      arch/arm64/kvm/hyp/built-in.a
  CC      drivers/pinctrl/qcom/pinctrl-glymur.o
  CC      drivers/pinctrl/qcom/pinctrl-ipq5018.o
  CC      drivers/pinctrl/qcom/pinctrl-ipq5210.o
  CC      arch/arm64/kvm/arm.o
  CC      drivers/xen/balloon.o
  AR      net/handshake/built-in.a
  CC      arch/arm64/kvm/mmu.o
  CC      kernel/regset.o
  AR      drivers/pmdomain/bcm/built-in.a
  CC      drivers/dma/ti/k3-udma.o
  CC      drivers/pmdomain/imx/gpcv2.o
  CC      drivers/gpio/gpio-max732x.o
  CC      drivers/dma/ti/k3-udma-glue.o
  CC      drivers/dma/ti/k3-psil.o
  CC      fs/init.o
  CC      drivers/virtio/virtio_balloon.o
  AR      drivers/soc/pxa/built-in.a
  CC      drivers/pci/pcie/aer.o
  CC      drivers/soc/microchip/mpfs-control-scb.o
  CC      arch/arm64/kernel/pi/map_range.o
  CC      arch/arm64/kernel/pi/lib-fdt.o
  AR      net/ethtool/built-in.a
  CC      drivers/pinctrl/realtek/pinctrl-rtd1619b.o
  CC      drivers/pinctrl/realtek/pinctrl-rtd.o
  CC      fs/kernel_read_file.o
  CC      fs/mnt_idmapping.o
  CC      fs/remap_range.o
  CC      io_uring/futex.o
  CC      arch/arm64/kvm/mmio.o
  CC      arch/arm64/kvm/psci.o
  CC      drivers/video/fbdev/core/fb_chrdev.o
  CC      drivers/reset/hisilicon/hi6220_reset.o
  CC      drivers/video/fbdev/core/fb_procfs.o
  CC      drivers/dma/qcom/hidma_mgmt.o
  CC      drivers/pinctrl/mediatek/pinctrl-mt8183.o
  CC      drivers/video/fbdev/core/fbsysfs.o
  CC      drivers/dma/qcom/hidma_mgmt_sys.o
  CC      drivers/dma/qcom/hidma_ll.o
  CC      drivers/xen/manage.o
  CC      kernel/ksyms_common.o
  CC      kernel/groups.o
  CC      block/ioprio.o
  CC      drivers/dma/qcom/hidma.o
  CC      drivers/clk/clk-fsl-sai.o
  CC      drivers/regulator/dummy.o
  CC      drivers/reset/amlogic/reset-meson-common.o
  CC      kernel/sched/core.o
  CC      mm/mmu_gather.o
  CC      mm/mprotect.o
  CC      drivers/acpi/pci_link.o
  CC      drivers/pci/pwrctrl/core.o
  CC      drivers/pci/pwrctrl/generic.o
  CC      drivers/irqchip/irq-mvebu-icu.o
  CC      drivers/dma/ti/k3-psil-am654.o
  CC      lib/scatterlist.o
  CC      block/badblocks.o
  CC      drivers/dma/qcom/hidma_dbg.o
  CC      drivers/pinctrl/qcom/pinctrl-ipq5332.o
  CC      drivers/clk/clk-plldig.o
  CC      drivers/clk/clk-pwm.o
  CC      drivers/gpio/gpio-max77620.o
  CC      drivers/gpio/gpio-mb86s7x.o
  CC      block/partitions/core.o
  CC      drivers/soc/microchip/mpfs-mss-top-sysreg.o
  CC      net/core/dev_ioctl.o
  CC      drivers/tty/tty_io.o
  CC      drivers/soc/mediatek/mtk-socinfo.o
  CC      drivers/tty/n_tty.o
  CC      fs/pidfs.o
  CC      block/blk-rq-qos.o
  CC      fs/file_attr.o
  CC      arch/arm64/kernel/pi/lib-fdt_ro.o
  CC      drivers/reset/hisilicon/reset-hi3660.o
  AR      drivers/reset/amlogic/built-in.a
  CC      arch/arm64/kernel/jump_label.o
  AR      drivers/reset/spacemit/built-in.a
  CC      drivers/soc/amlogic/meson-clk-measure.o
  AR      drivers/phy/mediatek/built-in.a
  CC      drivers/pinctrl/mediatek/pinctrl-mt8186.o
  AR      drivers/phy/microchip/built-in.a
  CC      drivers/soc/qcom/qcom_aoss.o
  CC      drivers/soc/qcom/qcom-geni-se.o
  AR      drivers/phy/motorola/built-in.a
  AR      drivers/phy/mscc/built-in.a
  CC      drivers/soc/qcom/cmd-db.o
  AR      drivers/phy/nuvoton/built-in.a
  CC      block/partitions/msdos.o
  CC      arch/arm64/kernel/pi/relocate.o
  AR      drivers/phy/qualcomm/built-in.a
  CC      drivers/pmdomain/imx/scu-pd.o
  AR      drivers/phy/ralink/built-in.a
  AR      drivers/phy/realtek/built-in.a
  CC      drivers/clk/clk-qoriq.o
  CC      drivers/pinctrl/realtek/pinctrl-rtd1319d.o
  CC      drivers/phy/renesas/r8a779f0-ether-serdes.o
  CC      fs/fserror.o
  CC      fs/nullfs.o
  CC      block/partitions/efi.o
  CC      drivers/irqchip/irq-mvebu-odmi.o
  CC      drivers/irqchip/irq-mvebu-pic.o
  CC      drivers/clk/clk-rk808.o
  CC      drivers/pinctrl/qcom/pinctrl-ipq5424.o
  CC      block/disk-events.o
  CC      drivers/pinctrl/mediatek/pinctrl-mt8188.o
  CC      drivers/pci/pcie/err.o
  CC      drivers/pci/pcie/tlp.o
  CC      drivers/phy/renesas/phy-rcar-gen3-pcie.o
  CC      drivers/pci/pcie/pme.o
  CC      block/blk-ia-ranges.o
  CC      drivers/soc/qcom/rpmh-rsc.o
  CC      drivers/soc/qcom/rpmh.o
  CC      drivers/xen/time.o
  CC      drivers/soc/qcom/rpm-proc.o
  CC      drivers/soc/qcom/smd-rpm.o
  AR      drivers/virtio/built-in.a
  AR      drivers/reset/starfive/built-in.a
  AR      drivers/soc/microchip/built-in.a
  CC      fs/buffer.o
  CC      drivers/soc/amlogic/meson-gx-socinfo.o
  CC      drivers/pci/proc.o
  CC      drivers/pci/pci-sysfs.o
  CC      drivers/soc/qcom/smem.o
  CC      drivers/soc/renesas/renesas-soc.o
  CC      drivers/pinctrl/renesas/core.o
  CC      block/early-lookup.o
  AR      drivers/soc/mediatek/built-in.a
  CC      io_uring/epoll.o
  CC      io_uring/napi.o
  CC      io_uring/net.o
  CC      io_uring/cmd_net.o
  AR      drivers/pci/pwrctrl/built-in.a
  CC      block/bsg.o
  CC      drivers/soc/rockchip/grf.o
  CC      block/bsg-lib.o
  CC      drivers/video/fbdev/core/fbcon.o
  CC      drivers/gpio/gpio-mpc8xxx.o
  CC      drivers/acpi/pci_irq.o
  CC      drivers/video/fbdev/core/bitblit.o
  CC      lib/list_sort.o
  AR      drivers/reset/hisilicon/built-in.a
  CC      arch/arm64/kernel/pi/kaslr_early.o
  CC      io_uring/fdinfo.o
  OBJCOPY arch/arm64/kernel/pi/idreg-override.pi.o
  CC      block/blk-cgroup.o
  AR      drivers/reset/sti/built-in.a
  CC      kernel/sched/fair.o
  CC      drivers/reset/tegra/reset-bpmp.o
  CC      kernel/sched/build_policy.o
  CC      drivers/pinctrl/realtek/pinctrl-rtd1315e.o
  AR      drivers/dma/qcom/built-in.a
  CC      drivers/pinctrl/realtek/pinctrl-rtd1625.o
  CC      fs/mpage.o
  CC      drivers/phy/rockchip/phy-rockchip-emmc.o
  CC      drivers/phy/rockchip/phy-rockchip-inno-usb2.o
  CC      drivers/pmdomain/imx/imx8m-blk-ctrl.o
  CC      drivers/phy/samsung/phy-exynos-dp-video.o
  CC      drivers/soc/samsung/exynos-chipid.o
  CC      drivers/soc/samsung/exynos-asv.o
  CC      drivers/soc/samsung/exynos-usi.o
  CC      fs/proc_namespace.o
  CC      drivers/phy/samsung/phy-exynos-mipi-video.o
  CC      fs/direct-io.o
  CC      drivers/soc/qcom/smem_state.o
  CC      block/blk-cgroup-rwstat.o
  CC      block/mq-deadline.o
  CC      kernel/sched/build_utility.o
  CC      fs/notify/fsnotify.o
  CC      lib/uuid.o
  CC      drivers/pinctrl/qcom/pinctrl-ipq8074.o
  CC      fs/notify/notification.o
  CC      drivers/regulator/fixed-helper.o
  CC      drivers/xen/mem-reservation.o
  CC      drivers/pinctrl/mediatek/pinctrl-mt8189.o
  CC      drivers/regulator/helpers.o
  AR      drivers/soc/amlogic/built-in.a
  CC      drivers/pinctrl/mediatek/pinctrl-mt8192.o
  CC      drivers/pinctrl/mediatek/pinctrl-mt8195.o
  CC      drivers/soc/renesas/r9a08g045-sysc.o
  OBJCOPY arch/arm64/kernel/pi/map_kernel.pi.o
  AR      drivers/soc/sophgo/built-in.a
  OBJCOPY arch/arm64/kernel/pi/map_range.pi.o
  CC      fs/notify/group.o
  CC      drivers/soc/samsung/exynos-pmu.o
  OBJCOPY arch/arm64/kernel/pi/lib-fdt.pi.o
  CC      drivers/soc/samsung/gs101-pmu.o
  OBJCOPY arch/arm64/kernel/pi/lib-fdt_ro.pi.o
  CC      lib/iov_iter.o
  OBJCOPY arch/arm64/kernel/pi/relocate.pi.o
  OBJCOPY arch/arm64/kernel/pi/kaslr_early.pi.o
  CC      drivers/phy/socionext/phy-uniphier-usb2.o
  CC      drivers/soc/renesas/r9a08g046-sysc.o
  CC      fs/eventpoll.o
  CC      drivers/pinctrl/renesas/pinctrl.o
  AR      arch/arm64/kernel/pi/built-in.a
  CC      drivers/phy/socionext/phy-uniphier-usb3hs.o
  CC      drivers/pinctrl/qcom/pinctrl-ipq6018.o
  CC      drivers/pinctrl/renesas/pfc-r8a7796.o
  CC      arch/arm64/kernel/sys32.o
  CC      drivers/phy/samsung/phy-gs101-ufs.o
  CC      arch/arm64/kernel/signal32.o
  CC      fs/notify/mark.o
  AR      net/sunrpc/auth_gss/built-in.a
  CC      fs/notify/fdinfo.o
  AR      net/sunrpc/built-in.a
  CC      drivers/soc/rockchip/io-domain.o
  CC      fs/notify/dnotify/dnotify.o
  AR      drivers/pci/pcie/built-in.a
  CC      fs/notify/fanotify/fanotify.o
  CC      fs/notify/inotify/inotify_fsnotify.o
  CC      fs/notify/inotify/inotify_user.o
  CC      drivers/clk/clk-hi655x.o
  AR      drivers/dma/xilinx/built-in.a
  CC      drivers/soc/qcom/smp2p.o
  CC      arch/arm64/kvm/hypercalls.o
  CC      drivers/irqchip/irq-mvebu-sei.o
  CC      drivers/soc/qcom/smsm.o
  CC      fs/notify/fanotify/fanotify_user.o
  CC      block/kyber-iosched.o
  AR      drivers/pinctrl/realtek/built-in.a
  CC      drivers/soc/renesas/r9a09g047-sys.o
  CC      drivers/pinctrl/qcom/pinctrl-ipq9574.o
  CC      drivers/soc/renesas/r9a09g056-sys.o
  CC      drivers/pinctrl/qcom/pinctrl-kaanapali.o
  CC      drivers/clk/clk-s2mps11.o
  CC      block/bfq-iosched.o
  CC      block/bfq-wf2q.o
  AR      drivers/reset/tegra/built-in.a
  CC      drivers/gpio/gpio-mvebu.o
  CC      drivers/gpio/gpio-mxc.o
  CC      drivers/gpio/gpio-pca953x.o
  CC      drivers/reset/reset-brcmstb.o
  CC      block/bfq-cgroup.o
  CC      drivers/gpio/gpio-pl061.o
  CC      block/bio-integrity.o
  CC      drivers/phy/renesas/phy-rcar-gen3-usb2.o
  CC      block/blk-integrity.o
  CC      drivers/soc/qcom/kryo-l2-accessors.o
  AR      block/partitions/built-in.a
  CC      block/t10-pi.o
  CC      block/bio-integrity-auto.o
  CC      kernel/locking/mutex.o
  CC      kernel/power/qos.o
  CC      kernel/power/main.o
  CC      drivers/soc/renesas/r9a09g057-sys.o
  CC      drivers/soc/renesas/pwc-rzv2m.o
  CC      arch/arm64/kvm/pvtime.o
  CC      drivers/pci/slot.o
  CC      drivers/pci/pci-acpi.o
  CC      drivers/pci/iomap.o
  CC      drivers/pci/of.o
  CC      drivers/phy/socionext/phy-uniphier-usb3ss.o
  CC      drivers/soc/renesas/rcar-rst.o
  CC      drivers/phy/socionext/phy-uniphier-ahci.o
  CC      drivers/acpi/acpi_apd.o
  CC      io_uring/bpf_filter.o
  CC      block/bio-integrity-fs.o
  CC      drivers/regulator/devres.o
  CC      drivers/dma/ti/k3-psil-j721e.o
  CC      block/blk-mq-debugfs.o
  CC      drivers/xen/events/events_base.o
  CC      drivers/xen/events/events_2l.o
  CC      drivers/soc/renesas/rz-sysc.o
  CC      drivers/dma/ti/k3-psil-j7200.o
  CC      drivers/dma/ti/k3-psil-am64.o
  CC      drivers/pinctrl/mediatek/pinctrl-mt8196.o
  CC      drivers/pmdomain/imx/imx8mp-blk-ctrl.o
  CC      kernel/locking/semaphore.o
  CC      block/blk-pm.o
  CC      drivers/video/fbdev/core/softcursor.o
  CC      kernel/power/console.o
  CC      drivers/dma/ti/k3-psil-j721s2.o
  CC      block/blk-crypto.o
  CC      drivers/pinctrl/qcom/pinctrl-msm8916.o
  CC      drivers/pinctrl/qcom/pinctrl-msm8953.o
  CC      block/blk-crypto-profile.o
  AR      drivers/phy/sophgo/built-in.a
  CC      drivers/pinctrl/qcom/pinctrl-msm8976.o
  CC      drivers/pinctrl/qcom/pinctrl-msm8994.o
  CC      drivers/char/mem.o
  CC      drivers/phy/samsung/phy-samsung-ufs.o
  CC      drivers/pinctrl/qcom/pinctrl-msm8996.o
  CC      drivers/phy/samsung/phy-exynos7-ufs.o
  CC      mm/mremap.o
  CC      drivers/phy/rockchip/phy-rockchip-snps-pcie3.o
  CC      mm/msync.o
  CC      drivers/phy/rockchip/phy-rockchip-typec.o
  CC      fs/anon_inodes.o
  CC      fs/signalfd.o
  CC      drivers/pinctrl/renesas/pfc-r8a77965.o
  CC      drivers/dma/ti/k3-psil-am62.o
  CC      drivers/reset/reset-brcmstb-rescal.o
  CC      fs/timerfd.o
  CC      drivers/tty/tty_ioctl.o
  CC      drivers/tty/tty_ldisc.o
  CC      drivers/clk/clk-scmi.o
  CC      drivers/clk/clk-scpi.o
  CC      block/blk-crypto-sysfs.o
  CC      block/holder.o
  AR      drivers/soc/qcom/built-in.a
  CC      drivers/dma/ti/k3-psil-am62a.o
  CC      lib/clz_ctz.o
  CC      drivers/iommu/arm/arm-smmu/qcom_iommu.o
  CC      drivers/iommu/arm/arm-smmu/arm-smmu.o
  CC      drivers/gpio/gpio-raspberrypi-exp.o
  CC      drivers/irqchip/irq-ls-extirq.o
  CC      drivers/iommu/arm/arm-smmu/arm-smmu-impl.o
  AR      drivers/soc/samsung/built-in.a
  CC      drivers/iommu/arm/arm-smmu/arm-smmu-nvidia.o
  AR      drivers/soc/rockchip/built-in.a
  CC      drivers/soc/sunxi/sunxi_mbus.o
  CC      fs/eventfd.o
  CC      drivers/soc/tegra/fuse/fuse-tegra.o
  CC      drivers/soc/tegra/fuse/fuse-tegra30.o
  CC      drivers/dma/ti/k3-psil-j784s4.o
  CC      lib/bsearch.o
  CC      drivers/pinctrl/mediatek/pinctrl-mt8365.o
  CC      drivers/pinctrl/mediatek/pinctrl-mt8516.o
  CC      drivers/gpio/gpio-rcar.o
  CC      lib/find_bit.o
  CC      lib/llist.o
  CC      drivers/regulator/irq_helpers.o
  CC      drivers/dma/ti/k3-psil-am62p.o
  AR      drivers/phy/spacemit/built-in.a
  CC      drivers/irqchip/irq-ls-scfg-msi.o
  CC      drivers/pinctrl/renesas/pfc-r8a77990.o
  AR      net/ipv4/built-in.a
  CC      drivers/soc/tegra/cbb/tegra-cbb.o
  CC      drivers/soc/tegra/common.o
  CC      drivers/soc/tegra/flowctrl.o
  AR      drivers/dma/ti/built-in.a
  CC      drivers/pinctrl/renesas/pfc-r8a77951.o
  AR      drivers/pmdomain/marvell/built-in.a
  CC      drivers/pinctrl/renesas/pfc-r8a77970.o
  CC      drivers/pinctrl/renesas/pfc-r8a77980.o
  AR      drivers/dma/built-in.a
  CC      drivers/regulator/of_regulator.o
  CC      fs/aio.o
  CC      fs/locks.o
  CC      fs/binfmt_script.o
  CC      drivers/acpi/acpi_platform.o
  CC      arch/arm64/kernel/sys_compat.o
  CC      fs/binfmt_elf.o
  AR      drivers/soc/renesas/built-in.a
  CC      fs/compat_binfmt_elf.o
  CC      kernel/printk/printk.o
  CC      drivers/iommu/arm/arm-smmu/arm-smmu-qcom.o
  AR      fs/notify/dnotify/built-in.a
  CC      lib/lwq.o
  AR      drivers/phy/renesas/built-in.a
  CC      drivers/irqchip/irq-stm32mp-exti.o
  CC      drivers/irqchip/qcom-irq-combiner.o
  CC      drivers/pinctrl/qcom/pinctrl-msm8998.o
  CC      drivers/pinctrl/qcom/pinctrl-qcm2290.o
  CC      fs/backing-file.o
  CC      drivers/reset/reset-imx7.o
  CC      drivers/reset/reset-imx8mp-audiomix.o
  AR      drivers/phy/starfive/built-in.a
  AR      drivers/phy/st/built-in.a
  CC      drivers/reset/reset-npcm.o
  AR      drivers/phy/sunplus/built-in.a
  CC      mm/page_vma_mapped.o
  CC      kernel/power/process.o
  AS      arch/arm64/kernel/sigreturn32.o
  CC      drivers/phy/tegra/xusb.o
  CC      drivers/pmdomain/mediatek/mtk-mfg-pmdomain.o
  CC      drivers/clk/clk-renesas-pcie.o
  CC      drivers/video/fbdev/core/fb_logo.o
  CC      drivers/video/fbdev/core/cfbfillrect.o
  CC      lib/memweight.o
  CC      drivers/gpio/gpio-rockchip.o
  CC      drivers/pci/quirks.o
  CC      drivers/gpio/gpio-rtd.o
  CC      kernel/locking/rwsem.o
  CC      drivers/phy/tegra/xusb-tegra124.o
  CC      drivers/pinctrl/renesas/pfc-r8a77995.o
  CC      drivers/phy/tegra/xusb-tegra210.o
  CC      drivers/gpio/gpio-syscon.o
  CC      drivers/soc/tegra/fuse/tegra-apbmisc.o
  CC      drivers/soc/tegra/fuse/speedo-tegra124.o
  CC      drivers/reset/reset-ma35d1.o
  AR      drivers/phy/socionext/built-in.a
  CC      arch/arm64/kvm/inject_fault.o
  CC      kernel/power/suspend.o
  AR      drivers/phy/xilinx/built-in.a
  CC      drivers/phy/ti/phy-gmii-sel.o
  CC      kernel/power/hibernate.o
  CC      kernel/power/snapshot.o
  CC      drivers/acpi/power.o
  CC      drivers/acpi/acpi_pnp.o
  CC      drivers/acpi/event.o
  CC      drivers/soc/sunxi/sunxi_sram.o
  AR      drivers/iommu/iommufd/built-in.a
  CC      drivers/pmdomain/imx/imx93-pd.o
  CC      drivers/iommu/iommu.o
  CC      drivers/soc/tegra/pmc.o
  CC      net/core/tso.o
  CC      drivers/phy/tegra/xusb-tegra186.o
  CC      drivers/tty/tty_buffer.o
  CC      lib/kfifo.o
  CC      lib/percpu-refcount.o
  CC      drivers/pinctrl/renesas/pfc-r8a779a0.o
  AR      fs/notify/inotify/built-in.a
  CC      drivers/reset/reset-mpfs.o
  CC      drivers/tty/tty_port.o
  CC      drivers/tty/tty_mutex.o
  CC      fs/mbcache.o
  CC      kernel/printk/printk_safe.o
  CC      fs/posix_acl.o
  AR      drivers/phy/rockchip/built-in.a
  AR      fs/notify/fanotify/built-in.a
  CC      net/core/sock_reuseport.o
  CC      drivers/soc/tegra/ari-tegra186.o
  CC      drivers/pinctrl/renesas/pfc-r8a779f0.o
  AR      fs/notify/built-in.a
  CC      drivers/pinctrl/renesas/pfc-r8a779g0.o
  CC      drivers/pinctrl/renesas/pfc-r8a779h0.o
  AR      io_uring/built-in.a
  CC      drivers/pinctrl/renesas/pinctrl-rzg2l.o
  CC      drivers/pinctrl/renesas/pinctrl-rzt2h.o
  CC      drivers/pinctrl/renesas/pinctrl-rzv2m.o
  CC      drivers/soc/tegra/cbb/tegra194-cbb.o
  CC      fs/nfs_common/grace.o
  CC      fs/nfs_common/nfs_ssc.o
  CC      fs/nfs_common/common.o
  CC      drivers/acpi/evged.o
  CC      drivers/phy/samsung/phy-exynosautov9-ufs.o
  CC      drivers/pmdomain/qcom/cpr.o
  CC      drivers/phy/samsung/phy-exynosautov920-ufs.o
  CC      drivers/acpi/sysfs.o
  CC      drivers/pinctrl/mediatek/pinctrl-mt6397.o
  CC      drivers/acpi/property.o
  CC      drivers/irqchip/irq-uniphier-aidet.o
  CC      drivers/acpi/debugfs.o
  CC      drivers/char/random.o
  CC      fs/coredump.o
  CC      fs/drop_caches.o
  CC      drivers/pinctrl/qcom/pinctrl-qcs404.o
  CC      drivers/xen/xenbus/xenbus_client.o
  CC      drivers/xen/events/events_fifo.o
  CC      drivers/xen/arm-device.o
  CC      drivers/xen/pci.o
  CC      drivers/soc/ti/ti_sci_inta_msi.o
  CC      drivers/soc/ti/k3-ringacc.o
  CC      drivers/gpu/host1x/context_bus.o
  CC      fs/sysctls.o
  CC      fs/fhandle.o
  CC      fs/quota/dquot.o
  CC      fs/proc/task_mmu.o
  CC      fs/iomap/trace.o
  CC      drivers/acpi/acpi_lpat.o
  CC      fs/quota/quota.o
  CC      drivers/pmdomain/imx/imx93-blk-ctrl.o
  CC      fs/quota/kqid.o
  CC      drivers/reset/reset-qcom-aoss.o
  CC      drivers/pmdomain/qcom/rpmpd.o
  CC      drivers/pmdomain/qcom/rpmhpd.o
  CC      drivers/regulator/fixed.o
  CC      drivers/iommu/iommu-pages.o
  CC      drivers/soc/tegra/fuse/speedo-tegra210.o
  AS      arch/arm64/kernel/kuser32.o
  CC      arch/arm64/kernel/module.o
  CC      fs/iomap/iter.o
  CC      fs/iomap/buffered-io.o
  CC      drivers/pmdomain/mediatek/mtk-scpsys.o
  CC      drivers/clk/clk-versaclock3.o
  CC      drivers/clk/clk-versaclock5.o
  CC      fs/proc/inode.o
  CC      drivers/irqchip/irq-sni-exiu.o
  CC      fs/proc/root.o
  CC      fs/iomap/direct-io.o
  CC      drivers/video/fbdev/core/cfbcopyarea.o
  CC      fs/iomap/ioend.o
  AR      drivers/soc/sunxi/built-in.a
  AR      drivers/pinctrl/mediatek/built-in.a
  CC      fs/iomap/fiemap.o
  CC      kernel/locking/percpu-rwsem.o
  CC      kernel/locking/spinlock.o
  CC      drivers/iommu/iommu-traces.o
  CC      lib/rhashtable.o
  CC      drivers/pinctrl/sophgo/pinctrl-sophgo-common.o
  CC      drivers/pinctrl/samsung/pinctrl-samsung.o
  AR      drivers/pinctrl/spacemit/built-in.a
  CC      drivers/pinctrl/qcom/pinctrl-qcs615.o
  CC      kernel/irq/irqdesc.o
  CC      kernel/printk/nbcon.o
  CC      kernel/printk/printk_ringbuffer.o
  CC      drivers/tty/tty_ldsem.o
  CC      drivers/gpio/gpio-tegra186.o
  CC      drivers/pinctrl/qcom/pinctrl-qcs8300.o
  AR      drivers/gpu/host1x/built-in.a
  CC      lib/base64.o
  CC      drivers/base/component.o
  AR      drivers/gpu/vga/built-in.a
  CC      drivers/irqchip/irq-meson-gpio.o
  CC      drivers/phy/samsung/phy-fsd-ufs.o
  CC      drivers/irqchip/qcom-pdc.o
  AR      drivers/iommu/arm/arm-smmu/built-in.a
  CC      drivers/iommu/arm/arm-smmu-v3/arm-smmu-v3.o
  CC      drivers/phy/samsung/phy-samsung-usb2.o
  CC      kernel/irq/handle.o
  CC      kernel/irq/manage.o
  AR      drivers/xen/events/built-in.a
  CC      drivers/soc/tegra/cbb/tegra234-cbb.o
  CC      kernel/irq/spurious.o
  CC      drivers/xen/dbgp.o
  CC      drivers/xen/biomerge.o
  CC      drivers/xen/xen-balloon.o
  CC      kernel/power/swap.o
  CC      drivers/gpu/drm/drm_panel_orientation_quirks.o
  CC      drivers/acpi/irq.o
  CC      fs/iomap/seek.o
  AR      drivers/pmdomain/imx/built-in.a
  CC      drivers/acpi/prmt.o
  CC      mm/pagewalk.o
  CC      mm/pgtable-generic.o
  AR      drivers/pmdomain/qcom/built-in.a
  CC      fs/kernfs/mount.o
  CC      drivers/xen/evtchn.o
  CC      fs/kernfs/inode.o
  CC      fs/sysfs/file.o
  CC      fs/sysfs/dir.o
  CC      drivers/reset/reset-raspberrypi.o
  CC      fs/sysfs/symlink.o
  CC      fs/sysfs/mount.o
  CC      drivers/soc/ti/k3-socinfo.o
  CC      arch/arm64/kernel/module-plts.o
  CC      drivers/reset/reset-rzg2l-usbphy-ctrl.o
  CC      drivers/pmdomain/mediatek/mtk-pm-domains.o
  CC      drivers/reset/reset-scmi.o
  CC      fs/iomap/bio.o
  CC      drivers/xen/xenbus/xenbus_comms.o
  CC      fs/iomap/swapfile.o
  AR      drivers/soc/tegra/fuse/built-in.a
  CC      kernel/locking/osq_lock.o
  CC      drivers/video/fbdev/core/cfbimgblt.o
  CC      drivers/regulator/cros-ec-regulator.o
  CC      drivers/iommu/iommu-sysfs.o
  AR      drivers/gpu/tests/built-in.a
  CC      drivers/gpu/trace/trace_gpu_mem.o
  CC      drivers/pinctrl/qcom/pinctrl-qdf2xxx.o
  CC      fs/configfs/inode.o
  CC      fs/configfs/file.o
  AR      drivers/phy/ti/built-in.a
  CC      drivers/base/core.o
  CC      drivers/base/bus.o
  CC      drivers/base/dd.o
  CC      drivers/reset/reset-simple.o
  CC      drivers/tty/tty_baudrate.o
  CC      fs/devpts/inode.o
  CC      net/core/fib_notifier.o
  CC      fs/netfs/buffered_read.o
  CC      fs/netfs/buffered_write.o
  AR      block/built-in.a
  CC      fs/netfs/direct_read.o
  CC      fs/netfs/direct_write.o
  CC      drivers/pinctrl/samsung/pinctrl-exynos.o
  CC      drivers/pinctrl/samsung/pinctrl-exynos-arm64.o
  CC      drivers/pinctrl/sophgo/pinctrl-cv18xx.o
  CC      kernel/printk/sysctl.o
  CC      drivers/pinctrl/sophgo/pinctrl-sg2000.o
  CC      arch/arm64/kvm/va_layout.o
  CC      drivers/gpio/gpio-tegra.o
  CC      kernel/locking/qspinlock.o
  CC      drivers/clk/clk-xgene.o
  CC      fs/proc/base.o
  CC      fs/proc/generic.o
  CC      lib/once.o
  CC      lib/refcount.o
  CC      fs/kernfs/dir.o
  CC      fs/kernfs/file.o
  CC      fs/proc/array.o
  CC      drivers/pci/hotplug/pci_hotplug_core.o
  CC      drivers/pci/hotplug/acpi_pcihp.o
  CC      kernel/irq/resend.o
  CC      kernel/irq/chip.o
  CC      kernel/irq/dummychip.o
  CC      drivers/irqchip/irq-qcom-mpm.o
  CC      drivers/reset/reset-sunxi.o
  CC      drivers/char/misc.o
  CC      fs/sysfs/group.o
  CC      drivers/xen/xenbus/xenbus_xs.o
  CC      drivers/xen/xenbus/xenbus_probe.o
  AR      drivers/gpu/trace/built-in.a
  CC      fs/proc/fd.o
  CC      drivers/iommu/dma-iommu.o
  CC      drivers/iommu/io-pgtable.o
  AR      drivers/soc/ti/built-in.a
  CC      drivers/regulator/scmi-regulator.o
  CC      drivers/regulator/axp20x-regulator.o
  CC      fs/netfs/iterator.o
  CC      drivers/tty/tty_jobctrl.o
  CC      fs/netfs/locking.o
  AR      drivers/gpu/drm/tests/built-in.a
  CC      drivers/pci/ats.o
  CC      drivers/pci/iov.o
  CC      drivers/gpu/drm/drm_mipi_dsi.o
  AR      drivers/gpu/drm/arm/built-in.a
  AR      drivers/gpu/drm/clients/built-in.a
  AR      kernel/printk/built-in.a
  CC      kernel/irq/devres.o
  CC      fs/kernfs/symlink.o
  CC      drivers/pmdomain/mediatek/airoha-cpu-pmdomain.o
  CC      kernel/rcu/update.o
  AR      drivers/phy/samsung/built-in.a
  AR      kernel/livepatch/built-in.a
  CC      fs/netfs/main.o
  CC      drivers/pci/hotplug/acpiphp_core.o
  CC      fs/netfs/misc.o
  CC      drivers/acpi/acpi_pcc.o
  CC      drivers/pmdomain/renesas/r8a774a1-sysc.o
  CC      drivers/pmdomain/renesas/r8a774b1-sysc.o
  CC      drivers/pmdomain/renesas/r8a774c0-sysc.o
  CC      drivers/xen/gntdev.o
  CC      drivers/reset/reset-ti-sci.o
  CC      fs/ext4/balloc.o
  CC      fs/jbd2/transaction.o
  CC      arch/arm64/kernel/perf_regs.o
  CC      lib/rcuref.o
  CC      lib/usercopy.o
  CC      lib/errseq.o
  CC      lib/bucket_locks.o
  CC      fs/configfs/dir.o
  CC      kernel/locking/rtmutex_api.o
  AR      drivers/soc/tegra/cbb/built-in.a
  CC      fs/configfs/symlink.o
  CC      fs/configfs/mount.o
  CC      fs/jbd2/commit.o
  CC      drivers/video/fbdev/core/fb_io_fops.o
  AR      drivers/soc/tegra/built-in.a
  CC      drivers/pinctrl/qcom/pinctrl-milos.o
  CC      drivers/pinctrl/qcom/pinctrl-spmi-gpio.o
  AR      drivers/soc/versatile/built-in.a
  CC      drivers/pci/pci-bridge-emul.o
  CC      arch/arm64/kvm/handle_exit.o
  AR      kernel/sched/built-in.a
  CC      fs/proc/proc_tty.o
  AR      drivers/soc/vt8500/built-in.a
  CC      drivers/soc/xilinx/zynqmp_power.o
  CC      fs/proc/cmdline.o
  CC      fs/proc/consoles.o
  CC      drivers/clk/actions/owl-common.o
  CC      drivers/gpio/gpio-tps65219.o
  CC      drivers/clk/actions/owl-gate.o
  CC      mm/rmap.o
  CC      kernel/locking/qrwlock.o
  CC      fs/configfs/item.o
  AR      fs/nfs_common/built-in.a
  CC      drivers/iommu/io-pgtable-arm-v7s.o
  AR      drivers/pinctrl/sprd/built-in.a
  CC      lib/generic-radix-tree.o
  CC      lib/bitmap-str.o
  CC      lib/string_helpers.o
  AR      drivers/pinctrl/sophgo/built-in.a
  CC      kernel/power/user.o
  CC      kernel/power/energy_model.o
  CC      kernel/power/poweroff.o
  CC      drivers/char/virtio_console.o
  CC      kernel/power/em_netlink_autogen.o
  CC      kernel/irq/kexec.o
  CC      drivers/acpi/acpica/dsargs.o
  CC      drivers/iommu/io-pgtable-arm.o
  CC      lib/hexdump.o
  CC      lib/kstrtox.o
  AR      drivers/pinctrl/samsung/built-in.a
  CC      drivers/acpi/acpica/dscontrol.o
  CC      net/core/xdp.o
  AR      drivers/pinctrl/starfive/built-in.a
  CC      drivers/pinctrl/stm32/pinctrl-stm32.o
  AR      drivers/pinctrl/sunplus/built-in.a
  CC      drivers/acpi/pci_mcfg.o
  CC      drivers/pinctrl/qcom/pinctrl-spmi-mpp.o
  CC      drivers/pinctrl/sunxi/pinctrl-sunxi.o
  CC      drivers/pinctrl/sunxi/pinctrl-sunxi-dt.o
  CC      drivers/reset/reset-ti-syscon.o
  CC      drivers/reset/reset-uniphier.o
  CC      drivers/pmdomain/renesas/r8a774e1-sysc.o
  AR      drivers/phy/tegra/built-in.a
  AR      drivers/phy/built-in.a
  CC      drivers/base/syscore.o
  CC      drivers/tty/n_null.o
  CC      drivers/tty/pty.o
  CC      drivers/tty/tty_audit.o
  CC      drivers/pinctrl/sunxi/pinctrl-sun50i-a64.o
  CC      drivers/pinctrl/sunxi/pinctrl-sun50i-a64-r.o
  CC      drivers/pinctrl/sunxi/pinctrl-sun50i-a100.o
  CC      drivers/pinctrl/sunxi/pinctrl-sun50i-a100-r.o
  CC      drivers/pinctrl/sunxi/pinctrl-sun8i-h3-r.o
  CC      drivers/pinctrl/sunxi/pinctrl-sun50i-h5.o
  CC      drivers/pci/hotplug/acpiphp_glue.o
  CC      fs/proc/cpuinfo.o
  CC      fs/proc/devices.o
  CC      drivers/pmdomain/renesas/r8a7795-sysc.o
  CC      fs/proc/interrupts.o
  CC      fs/proc/loadavg.o
  CC      drivers/clk/actions/owl-mux.o
  AR      fs/sysfs/built-in.a
  AR      drivers/gpu/drm/display/built-in.a
  CC      drivers/irqchip/irq-imx-irqsteer.o
  CC      drivers/irqchip/irq-imx-intmux.o
  CC      drivers/irqchip/irq-ti-sci-intr.o
  AR      drivers/gpu/drm/renesas/rcar-du/built-in.a
  CC      drivers/xen/xenbus/xenbus_probe_backend.o
  AR      drivers/gpu/drm/renesas/rz-du/built-in.a
  AR      drivers/gpu/drm/renesas/built-in.a
  CC      drivers/irqchip/irq-ti-sci-inta.o
  AR      drivers/gpu/drm/omapdrm/built-in.a
  CC      drivers/iommu/io-pgtable-dart.o
  AR      drivers/gpu/drm/tilcdc/built-in.a
  CC      fs/jbd2/recovery.o
  AR      drivers/gpu/drm/imx/built-in.a
  CC      arch/arm64/kernel/perf_callchain.o
  AR      drivers/gpu/drm/panel/built-in.a
  CC      kernel/power/em_netlink.o
  AR      drivers/gpu/drm/bridge/analogix/built-in.a
  AR      drivers/gpu/drm/bridge/cadence/built-in.a
  CC      fs/jbd2/checkpoint.o
  CC      drivers/regulator/bd718x7-regulator.o
  CC      fs/jbd2/revoke.o
  AR      drivers/gpu/drm/bridge/imx/built-in.a
  CC      fs/jbd2/journal.o
  AR      drivers/gpu/drm/bridge/synopsys/built-in.a
  CC      drivers/irqchip/irq-mst-intc.o
  AR      drivers/gpu/drm/bridge/built-in.a
  CC      drivers/irqchip/irq-sl28cpld.o
  AR      drivers/gpu/drm/hisilicon/built-in.a
  AR      kernel/locking/built-in.a
  CC      drivers/pinctrl/sunxi/pinctrl-sun50i-h6.o
  CC      drivers/acpi/acpica/dsdebug.o
  CC      drivers/iommu/iova.o
  AR      drivers/gpu/drm/mxsfb/built-in.a
  AR      drivers/gpu/drm/sysfb/built-in.a
  AR      drivers/gpu/drm/tiny/built-in.a
  CC      drivers/pinctrl/tegra/pinctrl-tegra.o
  AR      drivers/pinctrl/ti/built-in.a
  CC      mm/vmalloc.o
  CC      drivers/pinctrl/uniphier/pinctrl-uniphier-core.o
  CC      drivers/video/fbdev/core/sysfillrect.o
  CC      fs/netfs/objects.o
  AR      fs/quota/built-in.a
  CC      drivers/gpio/gpio-uniphier.o
  AR      drivers/gpu/drm/xlnx/built-in.a
  CC      fs/ext4/bitmap.o
  CC      fs/netfs/read_collect.o
  AR      drivers/gpu/drm/gud/built-in.a
  AR      drivers/gpu/drm/sitronix/built-in.a
  AR      drivers/gpu/drm/solomon/built-in.a
  CC      drivers/acpi/acpica/dsfield.o
  CC      arch/arm64/kernel/hw_breakpoint.o
  AS      arch/arm64/kernel/sleep.o
  CC      drivers/soc/xilinx/xlnx_event_manager.o
  CC      drivers/pci/pci-label.o
  CC      drivers/pci/syscall.o
  CC      drivers/pci/ecam.o
  CC      drivers/tty/sysrq.o
  CC      fs/squashfs/block.o
  CC      drivers/pinctrl/qcom/pinctrl-qdu1000.o
  CC      drivers/acpi/acpica/dsinit.o
  CC      kernel/irq/generic-chip.o
  CC      drivers/pinctrl/qcom/pinctrl-sa8775p.o
  CC      kernel/rcu/sync.o
  CC      drivers/acpi/acpica/dsmethod.o
  AR      fs/devpts/built-in.a
  CC      drivers/acpi/acpica/dsobject.o
  CC      drivers/pinctrl/qcom/pinctrl-sc7180.o
  CC      drivers/acpi/acpica/dsmthdat.o
  CC      drivers/pinctrl/qcom/pinctrl-sc7280.o
  CC      drivers/clk/actions/owl-divider.o
  CC      drivers/pinctrl/qcom/pinctrl-sc8180x.o
  CC      drivers/pinctrl/sunxi/pinctrl-sun50i-h6-r.o
  CC      drivers/pmdomain/renesas/r8a77960-sysc.o
  CC      drivers/pmdomain/renesas/r8a77961-sysc.o
  CC      fs/netfs/read_pgpriv2.o
  AR      drivers/gpu/drm/built-in.a
  CC      fs/proc/stat.o
  CC      fs/proc/meminfo.o
  AR      drivers/gpu/built-in.a
  CC      fs/proc/uptime.o
  CC      fs/squashfs/cache.o
  CC      drivers/reset/reset-uniphier-glue.o
  CC      drivers/acpi/acpica/dsopcode.o
  CC      drivers/pmdomain/rockchip/pm-domains.o
  CC      drivers/reset/reset-zynqmp.o
  CC      fs/ext4/block_validity.o
  AR      fs/iomap/built-in.a
  CC      fs/ext4/dir.o
  CC      drivers/pmdomain/renesas/r8a77965-sysc.o
  CC      drivers/pmdomain/renesas/r8a77970-sysc.o
  CC      drivers/pmdomain/renesas/r8a77980-sysc.o
  CC      drivers/pmdomain/renesas/r8a77990-sysc.o
  CC      drivers/pmdomain/renesas/r8a77995-sysc.o
  AR      lib/kunit/built-in.a
  AR      drivers/pmdomain/mediatek/built-in.a
  CC      drivers/acpi/acpica/dspkginit.o
  CC      drivers/xen/xenbus/xenbus_dev_frontend.o
  CC      drivers/acpi/acpica/dsutils.o
  CC      drivers/acpi/acpica/dswexec.o
  CC      drivers/acpi/acpica/dswload2.o
  CC      drivers/pmdomain/renesas/r8a779a0-sysc.o
  CC      drivers/acpi/acpica/dswload.o
  CC      drivers/acpi/acpica/dswscope.o
  CC      drivers/pmdomain/renesas/r8a779f0-sysc.o
  CC      drivers/pmdomain/renesas/r8a779g0-sysc.o
  CC      drivers/pmdomain/renesas/r8a779h0-sysc.o
  CC      lib/debug_info.o
  CC      drivers/acpi/acpica/dswstate.o
  CC      kernel/rcu/srcutree.o
  CC      drivers/acpi/acpica/evevent.o
  CC      fs/squashfs/dir.o
  CC      fs/squashfs/export.o
  CC      fs/netfs/read_retry.o
  CC      fs/netfs/read_single.o
  CC      fs/netfs/rolling_buffer.o
  CC      drivers/iommu/of_iommu.o
  CC      drivers/pmdomain/renesas/rcar-sysc.o
  CC      drivers/pinctrl/stm32/pinctrl-stm32mp257.o
  CC      drivers/video/fbdev/core/syscopyarea.o
  CC      fs/proc/util.o
  CC      drivers/irqchip/irq-apple-aic.o
  CC      drivers/clk/actions/owl-factor.o
  CC      fs/ext4/ext4_jbd2.o
  CC      fs/ext4/extents.o
  CC      fs/ext4/extents_status.o
  CC      fs/ramfs/inode.o
  CC      fs/ext4/file.o
  AR      drivers/iommu/arm/arm-smmu-v3/built-in.a
  CC      fs/ext4/fsmap.o
  AR      drivers/iommu/arm/built-in.a
  CC      fs/ext4/fsync.o
  CC      drivers/gpio/gpio-vf610.o
  CC      drivers/iommu/mtk_iommu.o
  CC      drivers/char/hw_random/core.o
  CC      drivers/char/hw_random/airoha-trng.o
  CC      drivers/pinctrl/visconti/pinctrl-common.o
  CC      drivers/acpi/acpica/evgpe.o
  CC      drivers/acpi/acpica/evgpeblk.o
  CC      drivers/acpi/acpica/evgpeinit.o
  CC      drivers/pinctrl/tegra/pinctrl-tegra124.o
  CC      drivers/acpi/acpica/evgpeutil.o
  CC      arch/arm64/kvm/config.o
  CC      arch/arm64/kvm/guest.o
  CC      arch/arm64/kvm/debug.o
  CC      arch/arm64/kvm/reset.o
  CC      arch/arm64/kvm/sys_regs.o
  CC      drivers/acpi/acpica/evglock.o
  AR      kernel/liveupdate/built-in.a
  CC      drivers/xen/gntalloc.o
  CC      drivers/block/loop.o
  CC      drivers/misc/eeprom/eeprom_93cx6.o
  AR      fs/configfs/built-in.a
  CC      drivers/pinctrl/uniphier/pinctrl-uniphier-ld11.o
  AR      fs/kernfs/built-in.a
  CC      drivers/pinctrl/uniphier/pinctrl-uniphier-ld20.o
  CC      drivers/pinctrl/uniphier/pinctrl-uniphier-pxs3.o
  AR      drivers/misc/cb710/built-in.a
  AR      drivers/misc/lis3lv02d/built-in.a
  CC      drivers/iommu/rockchip-iommu.o
  CC      drivers/pinctrl/stm32/pinctrl-stm32-hdp.o
  CC      fs/proc/version.o
  AR      drivers/soc/xilinx/built-in.a
  CC      drivers/pinctrl/qcom/pinctrl-sc8280xp.o
  CC      arch/arm64/kernel/suspend.o
  AR      drivers/soc/built-in.a
  CC      drivers/regulator/bd9571mwv-regulator.o
  CC      mm/vma.o
  CC      mm/vma_exec.o
  CC      drivers/acpi/acpica/evhandler.o
  CC      drivers/mfd/bcm2835-pm.o
  AR      drivers/reset/built-in.a
  CC      drivers/pinctrl/sunxi/pinctrl-sun50i-h616.o
  CC      fs/netfs/write_collect.o
  CC      fs/netfs/write_issue.o
  AR      kernel/power/built-in.a
  CC      drivers/regulator/fan53555.o
  CC      drivers/regulator/gpio-regulator.o
  CC      drivers/regulator/hi6421v530-regulator.o
  CC      drivers/regulator/hi655x-regulator.o
  AR      drivers/pci/hotplug/built-in.a
  CC      drivers/regulator/max77620-regulator.o
  CC      drivers/base/driver.o
  CC      drivers/acpi/acpica/evmisc.o
  CC      drivers/acpi/acpica/evregion.o
  CC      net/core/flow_offload.o
  CC      kernel/irq/autoprobe.o
  CC      net/core/gro.o
  CC      net/core/netdev-genl.o
  CC      net/core/netdev-genl-gen.o
  CC      drivers/tty/vt/vt_ioctl.o
  CC      drivers/tty/hvc/hvc_console.o
  CC      drivers/tty/serdev/core.o
  CC      drivers/tty/serial/serial_core.o
  CC      drivers/acpi/ac.o
  CC      drivers/tty/serial/serial_base_bus.o
  CC      drivers/clk/actions/owl-composite.o
  CC      drivers/mfd/bd9571mwv.o
  CC      drivers/pmdomain/renesas/rcar-gen4-sysc.o
  CC      drivers/xen/xenbus/xenbus_dev_backend.o
  CC      drivers/pci/vgaarb.o
  CC      drivers/acpi/acpica/evrgnini.o
  CC      drivers/pci/endpoint/pci-ep-cfs.o
  CC      drivers/pci/endpoint/pci-epc-core.o
  CC      drivers/pci/endpoint/pci-epf-core.o
  CC      drivers/pinctrl/visconti/pinctrl-tmpv7700.o
  CC      drivers/pci/endpoint/pci-epc-mem.o
  CC      drivers/acpi/acpica/evsci.o
  CC      drivers/pinctrl/qcom/pinctrl-sdm660.o
  CC      drivers/gpio/gpio-visconti.o
  CC      drivers/gpio/gpio-xgene.o
  CC      fs/squashfs/file.o
  CC      fs/squashfs/fragment.o
  CC      drivers/pinctrl/uniphier/pinctrl-uniphier-nx1.o
  CC      drivers/xen/sys-hypervisor.o
  CC      drivers/pci/controller/pci-aardvark.o
  CC      drivers/xen/xenfs/super.o
  CC      drivers/xen/xenfs/xenstored.o
  CC      drivers/pinctrl/tegra/pinctrl-tegra210.o
  AR      drivers/pmdomain/rockchip/built-in.a
  AR      drivers/misc/eeprom/built-in.a
  CC      drivers/char/hw_random/atmel-rng.o
  CC      fs/squashfs/id.o
  CC      drivers/misc/sram.o
  CC      drivers/char/hw_random/exynos-trng.o
  CC      drivers/acpi/acpica/evxface.o
  CC      drivers/acpi/acpica/evxfevnt.o
  CC      drivers/acpi/acpica/evxfgpe.o
  CC      drivers/acpi/acpica/evxfregn.o
  AR      drivers/pinctrl/stm32/built-in.a
  CC      drivers/tty/hvc/hvc_irq.o
  CC      fs/squashfs/inode.o
  CC      kernel/rcu/tree.o
  CC      kernel/irq/irqdomain.o
  CC      drivers/pinctrl/sunxi/pinctrl-sun50i-h616-r.o
  AR      drivers/clk/analogbits/built-in.a
  CC      drivers/acpi/acpica/exconcat.o
  AR      drivers/clk/aspeed/built-in.a
  CC      fs/proc/softirqs.o
  CC      fs/proc/namespaces.o
  CC      fs/proc/self.o
  CC      fs/proc/thread_self.o
  CC      drivers/base/class.o
  CC      drivers/video/fbdev/core/sysimgblt.o
  CC      drivers/iommu/tegra-smmu.o
  CC      fs/squashfs/namei.o
  CC      fs/squashfs/super.o
  CC      drivers/clk/actions/owl-pll.o
  CC      lib/math/div64.o
  CC      lib/crc/crc7.o
  CC      lib/crc/crc8.o
  CC      drivers/xen/swiotlb-xen.o
  CC      drivers/acpi/acpica/exconfig.o
  CC      drivers/acpi/acpica/exconvrt.o
  CC      fs/ext4/hash.o
  AR      drivers/pmdomain/renesas/built-in.a
  CC      drivers/acpi/acpica/excreate.o
  AR      drivers/irqchip/built-in.a
  CC      drivers/pmdomain/samsung/exynos-pm-domains.o
  CC      drivers/acpi/acpica/exdebug.o
  AS      arch/arm64/kernel/efi-rt-wrapper.o
  CC      arch/arm64/kernel/efi.o
  CC      lib/math/gcd.o
  CC      lib/math/lcm.o
  AR      drivers/pinctrl/visconti/built-in.a
  CC      fs/ramfs/file-mmu.o
  CC      drivers/char/hw_random/omap-rng.o
  CC      fs/netfs/write_retry.o
  AR      drivers/pinctrl/uniphier/built-in.a
  CC      drivers/pinctrl/tegra/pinctrl-tegra186.o
  CC      drivers/acpi/acpica/exdump.o
  CC      drivers/acpi/acpica/exfield.o
  CC      fs/ext4/ialloc.o
  CC      drivers/regulator/max8973-regulator.o
  CC      drivers/regulator/mp8859.o
  CC      drivers/pinctrl/qcom/pinctrl-sdm670.o
  CC      drivers/regulator/mt6357-regulator.o
  AR      drivers/pci/switch/built-in.a
  CC      fs/squashfs/symlink.o
  CC      drivers/pci/controller/pci-tegra.o
  CC      fs/squashfs/decompressor.o
  CC      arch/arm64/kvm/stacktrace.o
  CC      drivers/pci/controller/pcie-rcar.o
  CC      drivers/gpio/gpio-xgene-sb.o
  CC      lib/math/int_log.o
  CC      kernel/rcu/rcu_segcblist.o
  CC      fs/proc/proc_sysctl.o
  CC      kernel/dma/mapping.o
  CC      fs/ext4/indirect.o
  CC      fs/ext4/inline.o
  CC      drivers/mfd/cros_ec_dev.o
  CC      drivers/xen/xenbus/xenbus_probe_frontend.o
  CC      fs/proc/proc_net.o
  CC      drivers/pinctrl/sunxi/pinctrl-sun55i-a523.o
  CC      fs/proc/vmcore.o
  CC      fs/proc/kmsg.o
  CC      drivers/tty/hvc/hvc_xen.o
  CC      fs/proc/page.o
  CC      fs/ext4/inode.o
  CC      fs/squashfs/page_actor.o
  CC      drivers/base/platform.o
  AR      fs/jbd2/built-in.a
  CC      lib/crypto/hash_info.o
  AR      lib/tests/built-in.a
  CC      lib/vdso/datastore.o
  CC      drivers/acpi/acpica/exfldio.o
  CC      lib/iomap_copy.o
  AR      drivers/misc/cardreader/built-in.a
  CC      lib/devres.o
  CC      lib/math/int_pow.o
  CC      lib/cache_maint.o
  CC      fs/hugetlbfs/inode.o
  AR      drivers/misc/keba/built-in.a
  AR      lib/raid/xor/tests/built-in.a
  AR      drivers/misc/amd-sbi/built-in.a
  AR      lib/raid/xor/built-in.a
  AR      lib/raid/built-in.a
  CC      lib/math/int_sqrt.o
  AR      drivers/clk/axis/built-in.a
  CC      drivers/acpi/button.o
  CC      drivers/acpi/fan_core.o
  AR      drivers/misc/built-in.a
  CC      drivers/acpi/fan_attr.o
  CC      lib/crc/crc16.o
  CC      lib/crc/crc-itu-t.o
  CC      drivers/regulator/mt6358-regulator.o
  CC      drivers/clk/actions/owl-reset.o
  CC      drivers/acpi/acpica/exmisc.o
  CC      drivers/pinctrl/tegra/pinctrl-tegra194.o
  CC      fs/ext4/ioctl.o
  CC      drivers/pinctrl/qcom/pinctrl-sdm845.o
  CC      drivers/tty/serdev/serdev-ttyport.o
  CC      drivers/pinctrl/qcom/pinctrl-sdx75.o
  CC      drivers/pinctrl/qcom/pinctrl-sm6125.o
  CC      drivers/pinctrl/qcom/pinctrl-sm6115.o
  CC      drivers/pinctrl/qcom/pinctrl-sm4450.o
  CC      drivers/pinctrl/qcom/pinctrl-sm6350.o
  CC      lib/math/reciprocal_div.o
  AR      drivers/xen/xenfs/built-in.a
  CC      lib/hweight.o
  CC      drivers/acpi/acpica/exmutex.o
  CC      net/core/gso.o
  CC      net/core/net-sysfs.o
  CC      net/core/hotdata.o
  CC      fs/squashfs/file_cache.o
  CC      drivers/tty/vt/vc_screen.o
  AR      drivers/pmdomain/samsung/built-in.a
  CC      lib/math/rational.o
  CC      fs/ext4/mballoc.o
  AR      drivers/pci/endpoint/functions/built-in.a
  CC      fs/ext4/migrate.o
  AR      drivers/pci/endpoint/built-in.a
  AR      drivers/pmdomain/st/built-in.a
  CC      fs/ext4/mmp.o
  AR      drivers/pmdomain/starfive/built-in.a
  CC      drivers/pinctrl/tegra/pinctrl-tegra234.o
  CC      fs/squashfs/decompressor_single.o
  CC      drivers/pmdomain/sunxi/sun20i-ppu.o
  AR      drivers/char/agp/built-in.a
  CC      fs/squashfs/zlib_wrapper.o
  CC      lib/interval_tree.o
  CC      drivers/acpi/acpica/exnames.o
  CC      drivers/acpi/acpica/exoparg1.o
  CC      drivers/acpi/acpica/exoparg2.o
  CC      drivers/block/virtio_blk.o
  CC      net/core/netdev_config.o
  CC      net/core/netdev_rx_queue.o
  CC      kernel/irq/proc.o
  CC      kernel/irq/cpuhotplug.o
  AR      drivers/nfc/built-in.a
  CC      drivers/acpi/acpica/exoparg3.o
  CC      drivers/acpi/acpica/exoparg6.o
  CC      kernel/irq/pm.o
  CC      drivers/clk/actions/owl-s500.o
  CC      drivers/acpi/fan_hwmon.o
  CC      drivers/acpi/processor_driver.o
  CC      drivers/video/fbdev/core/fb_sys_fops.o
  CC      lib/crc/crc-t10dif-main.o
  CC      drivers/pinctrl/sunxi/pinctrl-sun55i-a523-r.o
  CC      drivers/gpio/gpio-zynqmp-modepin.o
  CC      arch/arm64/kvm/vgic-sys-reg-v3.o
  CC      arch/arm64/kvm/fpsimd.o
  CC      drivers/char/hw_random/virtio-rng.o
  CC      lib/crypto/memneq.o
  CC      arch/arm64/kvm/pkvm.o
  CC      drivers/mfd/tps65219.o
  CC      lib/crypto/utils.o
  AR      lib/vdso/built-in.a
  CC      lib/crypto/aes.o
  CC      fs/ext4/move_extent.o
  CC      drivers/clk/actions/owl-s700.o
  CC      drivers/clk/actions/owl-s900.o
  CC      drivers/acpi/acpica/exprep.o
  CC      arch/arm64/kernel/pci.o
  CC      drivers/acpi/acpica/exregion.o
  CC      lib/assoc_array.o
  CC      lib/bitrev.o
  CC      lib/linear_ranges.o
  CC      drivers/acpi/acpica/exresnte.o
  CC      mm/process_vm_access.o
  CC      mm/mseal.o
  CC      arch/arm64/kernel/acpi.o
  AR      drivers/xen/xenbus/built-in.a
  CC      arch/arm64/kernel/acpi_numa.o
  CC      arch/arm64/kernel/paravirt.o
  AR      drivers/xen/xen-pciback/built-in.a
  CC      drivers/xen/privcmd.o
  CC      arch/arm64/kernel/kaslr.o
  CC      arch/arm64/kernel/hibernate.o
  CC      drivers/acpi/acpica/exresolv.o
  CC      drivers/acpi/acpica/exresop.o
  CC      drivers/acpi/acpica/exserial.o
  CC      drivers/acpi/acpica/exstore.o
  CC      drivers/pinctrl/qcom/pinctrl-sm6375.o
  AR      lib/math/tests/built-in.a
  AR      lib/math/built-in.a
  CC      drivers/acpi/acpica/exstoren.o
  AR      fs/netfs/built-in.a
  CC      drivers/acpi/acpica/exstorob.o
  CC      drivers/acpi/acpica/exsystem.o
  AR      drivers/tty/serdev/built-in.a
  CC      fs/fat/cache.o
  CC      fs/nfs/client.o
  CC      fs/nfs/dir.o
  CC      drivers/pinctrl/tegra/pinctrl-tegra-xusb.o
  CC      fs/nfs/file.o
  AR      drivers/tty/hvc/built-in.a
  CC      fs/lockd/clntlock.o
  CC      fs/nls/nls_base.o
  CC      fs/nls/nls_cp437.o
  CC      fs/exportfs/expfs.o
  AR      drivers/tty/ipwireless/built-in.a
  CC      kernel/dma/direct.o
  AR      drivers/iommu/built-in.a
  CC      fs/nls/nls_iso8859-1.o
  CC      drivers/regulator/mt6359-regulator.o
  CC      drivers/base/cpu.o
  CC      drivers/regulator/mt6360-regulator.o
  CC      drivers/regulator/mt6397-regulator.o
  CC      drivers/acpi/acpica/extrace.o
  CC      drivers/acpi/acpica/exutils.o
  CC      drivers/pmdomain/sunxi/sun55i-pck600.o
  CC      drivers/tty/serial/serial_ctrl.o
  AR      drivers/pinctrl/sunxi/built-in.a
  AS      lib/crypto/arm64/aes-cipher-core.o
  CC      fs/lockd/clntproc.o
  AS      lib/crc/arm64/crc-t10dif-core.o
  HOSTCC  lib/crc/gen_crc32table
  AR      fs/ramfs/built-in.a
  CC      drivers/acpi/acpica/hwacpi.o
  CC      fs/ext4/namei.o
  CC      fs/ext4/page-io.o
  CC      fs/ext4/readpage.o
  CC      fs/ext4/resize.o
  CC      fs/ext4/super.o
  CC      drivers/tty/vt/selection.o
  CC      fs/ext4/symlink.o
  CC      fs/ext4/sysfs.o
  AR      drivers/gpio/built-in.a
  CC      drivers/tty/vt/keyboard.o
  CC      drivers/pmdomain/tegra/powergate-bpmp.o
  CC      drivers/tty/vt/vt.o
  CC      lib/packing.o
  CC      lib/xxhash.o
  AS      lib/crc/arm64/crc32-core.o
  AR      drivers/dax/hmem/built-in.a
  AR      drivers/dax/built-in.a
  CC      lib/genalloc.o
  CC      fs/fat/dir.o
  CC      drivers/char/hw_random/hisi-rng.o
  CC      drivers/char/hw_random/histb-rng.o
  CC      kernel/irq/msi.o
  AS      lib/crypto/arm64/aes-ce-core.o
  CC      fs/ext4/xattr.o
  CC      fs/ext4/xattr_hurd.o
  CC      drivers/regulator/qcom-rpmh-regulator.o
  HOSTCC  lib/crc/gen_crc64table
  CC      drivers/pci/controller/pcie-rcar-host.o
  CC      drivers/regulator/qcom_smd-regulator.o
  AR      drivers/clk/actions/built-in.a
  CC      drivers/pci/controller/pcie-rcar-ep.o
  CC      drivers/clk/bcm/clk-bcm63xx.o
  CC      drivers/pinctrl/qcom/pinctrl-sm8150.o
  CC      drivers/clk/berlin/berlin2-avpll.o
  CC      drivers/clk/hisilicon/clk.o
  AS      lib/crypto/arm64/aes-ce.o
  CC      drivers/clk/berlin/berlin2-pll.o
  CC      drivers/clk/hisilicon/clkgate-separated.o
  CC      lib/crc/arm64/crc64-neon-inner.o
  AS      lib/crypto/arm64/aes-neon.o
  CC      drivers/mfd/mfd-core.o
  CC      drivers/mfd/axp20x.o
  CC      kernel/dma/ops_helpers.o
  CC      drivers/acpi/acpica/hwesleep.o
  CC      drivers/acpi/acpica/hwgpe.o
  CC      drivers/mfd/axp20x-i2c.o
  CC      drivers/block/xen-blkfront.o
  CC      drivers/mfd/axp20x-rsb.o
  CC      lib/crypto/gf128mul.o
  CC      lib/crypto/blake2s.o
  COPY    drivers/tty/vt/defkeymap.c
  AR      drivers/video/fbdev/core/built-in.a
  CC      fs/ext4/xattr_trusted.o
  CC      drivers/tty/vt/consolemap.o
  CC      net/core/netdev_queues.o
  AR      fs/squashfs/built-in.a
  AR      drivers/video/fbdev/built-in.a
  CC      drivers/char/hw_random/bcm2835-rng.o
  CC      net/core/page_pool.o
  CC      drivers/char/hw_random/bcm74110-rng.o
  CC      net/core/page_pool_user.o
  AR      drivers/video/built-in.a
  CC      kernel/dma/dummy.o
  CC      drivers/tty/serial/serial_port.o
  CC      drivers/tty/serial/earlycon.o
  CC      mm/page_alloc.o
  CC      drivers/acpi/acpica/hwregs.o
  CC      drivers/acpi/acpica/hwsleep.o
  AR      drivers/pmdomain/sunxi/built-in.a
  CC      drivers/acpi/acpica/hwvalid.o
  CC      drivers/acpi/acpica/hwxface.o
  CC      drivers/tty/serial/8250/8250_core.o
  CC      drivers/tty/serial/8250/8250_platform.o
  CC      drivers/tty/serial/8250/8250_pnp.o
  AR      fs/exportfs/built-in.a
  CC      fs/nfs/getroot.o
  CC      fs/nfs/inode.o
  GEN     lib/crc/crc32table.h
  CC      drivers/acpi/processor_thermal.o
  AR      lib/crc/tests/built-in.a
  CC      drivers/clk/bcm/clk-iproc-armpll.o
  GEN     lib/crc/crc64table.h
  CC      lib/crc/crc32-main.o
  AR      fs/unicode/built-in.a
  CC      fs/autofs/init.o
  CC      fs/autofs/inode.o
  CC      fs/autofs/root.o
  CC      drivers/char/tpm/tpm-chip.o
  CC      drivers/char/tpm/tpm-dev-common.o
  CC      fs/lockd/clntxdr.o
  CC      drivers/regulator/qcom_spmi-regulator.o
  CC      fs/fat/fatent.o
  CC      drivers/acpi/processor_idle.o
  CC      drivers/acpi/processor_perflib.o
  CC      drivers/pinctrl/qcom/pinctrl-sm8250.o
  CC      drivers/pinctrl/qcom/pinctrl-sm8350.o
  CC      drivers/pinctrl/qcom/pinctrl-sm8450.o
  AR      drivers/pmdomain/tegra/built-in.a
  CC      drivers/acpi/acpica/hwxfsleep.o
  AS      arch/arm64/kernel/hibernate-asm.o
  CC      drivers/acpi/acpica/hwpci.o
  AR      fs/hugetlbfs/built-in.a
  CC      drivers/acpi/acpica/nsaccess.o
  AR      drivers/pmdomain/thead/built-in.a
  CC      drivers/clk/berlin/berlin2-div.o
  CC      drivers/pmdomain/xilinx/zynqmp-pm-domains.o
  CC      drivers/pmdomain/ti/ti_sci_pm_domains.o
  AR      drivers/pinctrl/tegra/built-in.a
  CC      fs/9p/vfs_super.o
  CC      fs/9p/vfs_inode.o
  AR      fs/nls/built-in.a
  HOSTCC  drivers/tty/vt/conmakehash
  CC      arch/arm64/kernel/elfcore.o
  CC      arch/arm64/kernel/machine_kexec.o
  AS      arch/arm64/kernel/relocate_kernel.o
  CC      drivers/base/firmware.o
  CC      drivers/base/init.o
  CC      drivers/base/map.o
  CC      drivers/base/devres.o
  CC      drivers/base/attribute_container.o
  CC      fs/ext4/xattr_user.o
  CC      fs/ext4/fast_commit.o
  CC      fs/ext4/orphan.o
  CC      drivers/xen/privcmd-buf.o
  CC      drivers/regulator/pca9450-regulator.o
  CC      drivers/acpi/container.o
  CC      drivers/clk/hisilicon/clkdivider-hi6220.o
  CC      drivers/clk/hisilicon/clk-hisi-phase.o
  CC      arch/arm64/kvm/arch_timer.o
  AR      fs/hostfs/built-in.a
  CC      lib/crypto/chacha-block-generic.o
  CC      lib/crypto/sha1.o
  CC      drivers/clk/bcm/clk-iproc-pll.o
  CC      drivers/tty/serial/8250/8250_port.o
  CC      drivers/char/hw_random/iproc-rng200.o
  CC      kernel/dma/contiguous.o
  CC      drivers/char/hw_random/xgene-rng.o
  AR      drivers/pinctrl/renesas/built-in.a
  COPY    drivers/tty/vt/ucs_width_table.h
  CC      fs/fat/file.o
  CC      fs/fat/inode.o
  CC      fs/lockd/host.o
  CC      fs/lockd/svc.o
  CC      fs/lockd/svclock.o
  CC      fs/ext4/acl.o
  CC      kernel/irq/ipi.o
  CC      kernel/irq/ipi-mux.o
  CC      lib/crc/crc64-main.o
  CC      fs/fat/misc.o
  CC      drivers/pci/controller/pcie-rzg3s-host.o
  CC      fs/lockd/svcshare.o
  CC      fs/lockd/svcproc.o
  CC      fs/lockd/svcsubs.o
  CC      drivers/char/hw_random/stm32-rng.o
  CC      fs/lockd/mon.o
  CC      fs/lockd/trace.o
  CC      fs/lockd/xdr.o
  CC      drivers/mfd/max77620.o
  CC      fs/9p/vfs_inode_dotl.o
  AR      drivers/pmdomain/xilinx/built-in.a
  CC      drivers/mfd/mt6360-core.o
  AR      drivers/clk/berlin/built-in.a
  CC      fs/lockd/netlink.o
  CC      drivers/acpi/acpica/nsalloc.o
  CC      drivers/acpi/acpica/nsarguments.o
  COPY    drivers/tty/vt/ucs_recompose_table.h
  CC      drivers/acpi/acpica/nsconvert.o
  CC      drivers/acpi/acpica/nsdump.o
  CC      drivers/dma-buf/dma-buf.o
  CC      fs/autofs/symlink.o
  CC      fs/autofs/waitq.o
  CC      fs/autofs/expire.o
  CC      drivers/tty/serial/8250/8250_dma.o
  CC      drivers/clk/bcm/clk-iproc-asiu.o
  CC      drivers/clk/bcm/clk-bcm2711-dvp.o
  CC      mm/page_frag_cache.o
  CC      drivers/pinctrl/qcom/pinctrl-sm8550.o
  CC      drivers/pinctrl/qcom/pinctrl-sm8650.o
  AR      drivers/pmdomain/ti/built-in.a
  CC      drivers/acpi/acpica/nseval.o
  CC      drivers/pmdomain/core.o
  CC      drivers/clk/hisilicon/crg-hi3516cv300.o
  AR      fs/proc/built-in.a
  CC      drivers/dma-buf/dma-fence.o
  CC      drivers/clk/hisilicon/clk-hi3519.o
  CC      drivers/xen/efi.o
  CC      drivers/xen/xlate_mmu.o
  AS      lib/crypto/arm64/sha1-ce-core.o
  CC      drivers/base/transport_class.o
  CC      drivers/char/tpm/tpm-dev.o
  CC      drivers/char/tpm/tpm-interface.o
  AS      arch/arm64/kernel/cpu-reset.o
  CC      drivers/acpi/acpica/nsinit.o
  CC      lib/crypto/sha256.o
  CC      drivers/acpi/acpica/nsload.o
  CC      drivers/acpi/acpica/nsnames.o
  AR      lib/crc/built-in.a
  CC      drivers/acpi/acpica/nsobject.o
  CC      fs/fat/nfs.o
  CC      arch/arm64/kernel/machine_kexec_file.o
  CC      arch/arm64/kernel/kexec_image.o
  CC      drivers/regulator/pf8x00-regulator.o
  CC      drivers/regulator/pfuze100-regulator.o
  CC      kernel/dma/coherent.o
  CC      drivers/regulator/pwm-regulator.o
  CC      drivers/regulator/raa215300.o
  AR      kernel/rcu/built-in.a
  CC      kernel/dma/swiotlb.o
  CC      arch/arm64/kernel/crash_dump.o
  CC      kernel/irq/affinity.o
  CC      drivers/char/hw_random/meson-rng.o
  CC      drivers/char/hw_random/cavium-rng.o
  CC      drivers/char/hw_random/cavium-rng-vf.o
  CC      drivers/char/hw_random/mtk-rng.o
  CC      drivers/acpi/acpica/nsparse.o
  CC      drivers/tty/serial/8250/8250_dwlib.o
  CC      drivers/tty/serial/8250/8250_pcilib.o
  AR      drivers/block/built-in.a
  CC      drivers/tty/serial/8250/8250_early.o
  CC      drivers/tty/serial/8250/8250_bcm2835aux.o
  COPY    drivers/tty/vt/ucs_fallback_table.h
  CC      drivers/tty/vt/defkeymap.o
  CONMK   drivers/tty/vt/consolemap_deftbl.c
  CC      drivers/pinctrl/qcom/pinctrl-sm8750.o
  CC      drivers/pinctrl/qcom/pinctrl-x1e80100.o
  CC      net/core/net-procfs.o
  CC      drivers/base/topology.o
  CC      drivers/base/container.o
  CC      fs/debugfs/inode.o
  CC      fs/debugfs/file.o
  CC      drivers/clk/hisilicon/clk-hi3559a.o
  CC      drivers/clk/bcm/clk-bcm2835.o
  CC      fs/9p/vfs_addr.o
  CC      drivers/clk/bcm/clk-bcm2835-aux.o
  CC      drivers/clk/bcm/clk-raspberrypi.o
  CC      drivers/mfd/mt6397-core.o
  CC      drivers/tty/vt/ucs.o
  CC      drivers/tty/vt/consolemap_deftbl.o
  CC      drivers/clk/hisilicon/clk-hi3660.o
  CC      drivers/clk/hisilicon/clk-hi3670.o
  CC      kernel/dma/pool.o
  CC      fs/autofs/dev-ioctl.o
  CC      kernel/dma/remap.o
  CC      fs/nfs/super.o
  AS      lib/crypto/arm64/sha256-ce.o
  CC      fs/nfs/io.o
  CC      fs/fat/namei_vfat.o
  AR      drivers/tty/vt/built-in.a
  CC      drivers/acpi/acpica/nspredef.o
  AR      drivers/xen/built-in.a
  AR      drivers/macintosh/built-in.a
  CC      fs/pstore/inode.o
  AR      drivers/cxl/core/built-in.a
  AR      drivers/cxl/built-in.a
  CC      arch/arm64/kernel/vmcore_info.o
  CC      fs/efivarfs/inode.o
  CC      arch/arm64/kernel/sdei.o
  CC      drivers/acpi/acpica/nsprepkg.o
  PERLASM lib/crypto/arm64/sha256-core.S
  CC      lib/crypto/mpi/generic_mpih-lshift.o
  CC      lib/crypto/mpi/generic_mpih-mul1.o
  CC      drivers/char/tpm/tpm1-cmd.o
  CC      drivers/tty/serial/amba-pl011.o
  CC      drivers/tty/serial/bcm63xx_uart.o
  AR      drivers/clk/imgtec/built-in.a
  CC      drivers/char/hw_random/optee-rng.o
  CC      drivers/char/hw_random/npcm-rng.o
  CC      drivers/acpi/acpica/nsrepair.o
  CC      drivers/char/hw_random/arm_smccc_trng.o
  AR      kernel/irq/built-in.a
  CC      drivers/pci/controller/pci-host-common.o
  CC      fs/9p/vfs_file.o
  CC      fs/pstore/platform.o
  CC      fs/9p/vfs_dir.o
  CC      drivers/clk/bcm/clk-ns2.o
  CC      drivers/char/hw_random/cn10k-rng.o
  CC      drivers/acpi/acpica/nsrepair2.o
  AR      drivers/pinctrl/qcom/built-in.a
  CC      fs/nfs/direct.o
  AR      drivers/pinctrl/built-in.a
  CC      fs/9p/vfs_dentry.o
  CC      fs/9p/fid.o
  CC      fs/9p/v9fs.o
  CC      fs/9p/xattr.o
  CC      drivers/acpi/acpica/nssearch.o
  CC      drivers/acpi/acpica/nsutils.o
  CC      drivers/acpi/acpica/nswalk.o
  CC      drivers/char/hw_random/rockchip-rng.o
  CC      drivers/clk/bcm/clk-sr.o
  CC      fs/ext4/xattr_security.o
  CC      drivers/base/property.o
  CC      drivers/regulator/rk808-regulator.o
  CC      drivers/regulator/rohm-regulator.o
  CC      drivers/tty/serial/8250/8250_bcm7271.o
  CC      lib/zlib_inflate/inffast.o
  CC      drivers/pci/controller/pci-host-generic.o
  CC      drivers/mfd/mt6397-irq.o
  CC      drivers/mfd/mt6358-irq.o
  CC      drivers/mfd/qcom-spmi-pmic.o
  CC      drivers/mfd/rz-mtu3.o
  CC      drivers/mfd/rk8xx-core.o
  CC      drivers/scsi/scsi.o
  CC      drivers/mfd/rk8xx-i2c.o
  CC      lib/zlib_inflate/inflate.o
  CC      lib/zlib_inflate/infutil.o
  CC      arch/arm64/kvm/trng.o
  CC      drivers/clk/hisilicon/crg-hi3798cv200.o
  CC      drivers/clk/hisilicon/clk-hi6220.o
  CC      drivers/dma-buf/dma-fence-array.o
  CC      drivers/dma-buf/dma-fence-chain.o
  CC      drivers/mtd/mtdcore.o
  CC      drivers/ata/libata-core.o
  AR      drivers/nvme/common/built-in.a
  CC      drivers/spi/spi.o
  CC      drivers/spi/spi-mem.o
  CC      drivers/spmi/spmi.o
  CC      drivers/spmi/spmi-devres.o
  CC      drivers/acpi/acpica/nsxfeval.o
  AR      drivers/nvme/host/built-in.a
  CC      lib/crypto/mpi/generic_mpih-mul2.o
  AR      drivers/nvme/target/built-in.a
  CC      drivers/regulator/s2mps11.o
  AR      drivers/nvme/built-in.a
  CC      drivers/regulator/sun20i-regulator.o
  CC      fs/lockd/clnt4xdr.o
  CC      drivers/spi/spi-armada-3700.o
  CC      drivers/acpi/acpica/nsxfname.o
  CC      drivers/acpi/acpica/nsxfobj.o
  CC      arch/arm64/kernel/pointer_auth.o
  AR      kernel/dma/built-in.a
  CC      kernel/entry/common.o
  CC      drivers/net/mii.o
  CC      drivers/net/loopback.o
  AR      drivers/net/pse-pd/built-in.a
  CC      kernel/entry/virt.o
  CC      drivers/net/phy/stubs.o
  CC      drivers/net/phy/mdio_bus.o
  CC      fs/lockd/svc4proc.o
  CC      fs/lockd/nlm4xdr_gen.o
  AR      drivers/clk/bcm/built-in.a
  CC      drivers/tty/serial/fsl_linflexuart.o
  CC      drivers/tty/serial/fsl_lpuart.o
  CC      fs/efivarfs/file.o
  CC      drivers/acpi/thermal_lib.o
  CC      drivers/acpi/acpica/psargs.o
  CC      fs/efivarfs/super.o
  CC      drivers/acpi/acpica/psloop.o
  CC      fs/lockd/procfs.o
  CC      lib/zlib_inflate/inftrees.o
  CC      drivers/pci/controller/pci-thunder-ecam.o
  CC      lib/zlib_inflate/inflate_syms.o
  CC      arch/arm64/kernel/mte.o
  CC      drivers/char/tpm/tpm2-cmd.o
  CC      net/core/selftests.o
  CC      net/core/ptp_classifier.o
  CC      net/core/dst_cache.o
  CC      net/core/gro_cells.o
  CC      drivers/acpi/acpica/psobject.o
  CC      drivers/acpi/acpica/psopcode.o
  CC      drivers/acpi/acpica/psopinfo.o
  AR      drivers/char/hw_random/built-in.a
  CC      drivers/acpi/acpica/psparse.o
  CC      drivers/acpi/thermal.o
  CC      drivers/acpi/acpica/psscope.o
  CC      drivers/acpi/acpica/pstree.o
  CC      drivers/ata/libata-scsi.o
  CC      drivers/pmdomain/governor.o
  CC      drivers/ata/libata-eh.o
  CC      drivers/dma-buf/dma-fence-unwrap.o
  CC      drivers/ata/libata-transport.o
  CC      drivers/clk/hisilicon/reset.o
  CC      drivers/clk/hisilicon/clk-hi6220-stub.o
  AR      drivers/firewire/built-in.a
  CC      fs/efivarfs/vars.o
  AR      drivers/cdrom/built-in.a
  CC      drivers/vfio/vfio_main.o
  CC      drivers/vfio/group.o
  CC      drivers/dma-buf/dma-resv.o
  CC      drivers/vfio/container.o
  CC      drivers/clk/imx/clk.o
  CC      drivers/vfio/virqfd.o
  CC      drivers/vfio/vfio_iommu_type1.o
  CC      drivers/vfio/pci/vfio_pci_core.o
  CC      drivers/acpi/numa/srat.o
  CC      drivers/vfio/pci/vfio_pci_intrs.o
  CC      drivers/net/phy/phylink.o
  CC      lib/crypto/mpi/generic_mpih-mul3.o
  CC      lib/crypto/mpi/generic_mpih-rshift.o
  CC      arch/arm64/kvm/vmid.o
  CC      fs/nfs/pagelist.o
  AS      lib/crypto/arm64/sha256-core.o
  CC      drivers/spmi/spmi-pmic-arb.o
  CC      drivers/tty/serial/8250/8250_dw.o
  CC      drivers/tty/serial/8250/8250_em.o
  CC      drivers/tty/serial/imx.o
  CC      drivers/acpi/acpi_memhotplug.o
  CC      drivers/acpi/battery.o
  CC      drivers/mfd/rk8xx-spi.o
  CC      drivers/clk/imx/clk-busy.o
  CC      drivers/clk/imx/clk-composite-7ulp.o
  CC      drivers/clk/imx/clk-composite-8m.o
  CC      drivers/clk/imx/clk-composite-93.o
  AR      lib/zlib_inflate/built-in.a
  AR      fs/pstore/built-in.a
  CC      drivers/scsi/hosts.o
  AR      drivers/clk/ingenic/built-in.a
  CC      drivers/clk/keystone/sci-clk.o
  CC      drivers/acpi/acpica/psutils.o
  AR      kernel/unwind/built-in.a
  CC      mm/init-mm.o
  CC      drivers/spi/spi-brcmstb-qspi.o
  CC      drivers/spi/spi-iproc-qspi.o
  CC      drivers/tty/serial/8250/8250_exar.o
  CC      drivers/net/phy/phy.o
  CC      drivers/base/cacheinfo.o
  CC      drivers/pci/controller/pci-thunder-pem.o
  CC      drivers/net/phy/phy-c45.o
  CC      drivers/net/phy/phy-core.o
  CC      drivers/acpi/numa/hmat.o
  CC      drivers/pci/controller/pcie-xilinx.o
  CC      drivers/clk/mediatek/clk-mtk.o
  CC      drivers/clk/mediatek/clk-pll.o
  CC      drivers/spi/spi-bcm-qspi.o
  AR      fs/fat/built-in.a
  CC      drivers/spi/spi-cadence-quadspi.o
  CC      drivers/spi/spi-fsl-dspi.o
  CC      mm/memblock.o
  CC      mm/memory_hotplug.o
  CC      drivers/pci/controller/pcie-xilinx-nwl.o
  AR      drivers/auxdisplay/built-in.a
  CC      fs/nfs/read.o
  CC      fs/nfs/symlink.o
  CC      fs/nfs/unlink.o
  CC      drivers/net/phy/phy_device.o
  CC      drivers/char/tpm/tpmrm-dev.o
  CC      fs/nfs/write.o
  AR      fs/autofs/built-in.a
  CC      drivers/tty/serial/imx_earlycon.o
  CC      fs/nfs/namespace.o
  CC      fs/nfs/mount_clnt.o
  AS      arch/arm64/kernel/vdso-wrap.o
  CC      drivers/acpi/hed.o
  CC      drivers/ata/libata-trace.o
  CC      drivers/clk/hisilicon/clk-hi3660-stub.o
  AR      drivers/pmdomain/built-in.a
  AR      arch/arm64/kernel/probes/built-in.a
  CC      drivers/acpi/acpica/pswalk.o
  CC      fs/nfs/nfstrace.o
  CC      drivers/acpi/cppc_acpi.o
  CC      drivers/usb/common/common.o
  CC      fs/nfs/export.o
  CC      fs/nfs/sysfs.o
  AS      arch/arm64/kernel/head.o
  CC      fs/nfs/fs_context.o
  CC      lib/crypto/mpi/generic_mpih-sub1.o
  CC      lib/crypto/mpi/generic_mpih-add1.o
  AR      kernel/entry/built-in.a
  CC      drivers/mtd/mtdsuper.o
  CC      drivers/mtd/mtdconcat.o
  CC      drivers/acpi/acpica/psxface.o
  CC      kernel/module/main.o
  LDS     arch/arm64/kernel/vmlinux.lds
  AR      arch/arm64/kernel/built-in.a
  CC      fs/nfs/nfsroot.o
  CC      fs/nfs/sysctl.o
  CC      drivers/vfio/pci/vfio_pci_rdwr.o
  AR      fs/9p/built-in.a
  CC      drivers/input/input.o
  CC      drivers/input/serio/serio.o
  CC      drivers/input/serio/ambakmi.o
  CC      drivers/rtc/lib.o
  AR      fs/debugfs/built-in.a
  CC      drivers/clk/imx/clk-fracn-gppll.o
  CC      drivers/acpi/acpica/rsaddr.o
  CC      drivers/net/mdio/acpi_mdio.o
  CC      drivers/regulator/tps65219-regulator.o
  CC      drivers/acpi/acpica/rscalc.o
  CC      drivers/acpi/acpica/rscreate.o
  CC      drivers/clk/keystone/syscon-clk.o
  CC      drivers/dma-buf/dma-buf-mapping.o
  CC      fs/nfs/nfs3super.o
  CC      fs/nfs/nfs3client.o
  CC      drivers/pci/controller/pcie-xilinx-cpm.o
  CC      drivers/mfd/sec-common.o
  CC      fs/nfs/nfs3proc.o
  CC      drivers/acpi/acpica/rsdumpinfo.o
  CC      drivers/acpi/acpica/rsinfo.o
  CC      drivers/tty/serial/8250/8250_fsl.o
  CC      drivers/tty/serial/8250/8250_mtk.o
  CC      drivers/tty/serial/8250/8250_of.o
  CC      drivers/acpi/spcr.o
  CC      drivers/acpi/pptt.o
  CC      drivers/dma-buf/sync_file.o
  CC      drivers/usb/core/hub.o
  CC      drivers/usb/core/usb.o
  CC      drivers/usb/phy/phy.o
  CC      drivers/usb/core/hcd.o
  CC      drivers/clk/mediatek/clk-gate.o
  CC      drivers/clk/mediatek/clk-apmixed.o
  AR      drivers/spmi/built-in.a
  CC      fs/nfs/nfs3xdr.o
  CC      arch/arm64/kvm/emulate-nested.o
  CC      net/core/failover.o
  AR      fs/efivarfs/built-in.a
  CC      lib/zlib_deflate/deflate.o
  CC      lib/zlib_deflate/deftree.o
  CC      drivers/char/tpm/tpm2-space.o
  CC      drivers/vfio/pci/vfio_pci_config.o
  CC      drivers/vfio/pci/vfio_pci.o
  CC      drivers/acpi/acpica/rsio.o
  CC      drivers/base/swnode.o
  CC      drivers/mtd/mtdpart.o
  CC      drivers/rtc/class.o
  AR      drivers/acpi/pmic/built-in.a
  CC      drivers/acpi/apei/apei-base.o
  CC      drivers/clk/imx/clk-cpu.o
  CC      drivers/clk/imx/clk-divider-gate.o
  CC      drivers/acpi/apei/hest.o
  AR      drivers/clk/hisilicon/built-in.a
  CC      drivers/clk/imx/clk-fixup-div.o
  CC      drivers/scsi/scsi_ioctl.o
  CC      lib/crypto/mpi/mpicoder.o
  CC      fs/nfs/nfs4proc.o
  CC      fs/nfs/nfs4xdr.o
  CC      drivers/usb/common/usb-conn-gpio.o
  CC      drivers/acpi/apei/erst.o
  CC      kernel/kcmp.o
  CC      fs/nfs/nfs4state.o
  CC      drivers/spi/spi-fsl-lpspi.o
  CC      lib/zlib_deflate/deflate_syms.o
  CC      drivers/spi/spi-fsl-qspi.o
  CC      lib/lzo/lzo1x_compress.o
  CC      fs/nfs/nfs4renewd.o
  CC      fs/nfs/nfs4super.o
  AR      drivers/clk/keystone/built-in.a
  CC      arch/arm64/kvm/nested.o
  AR      drivers/acpi/numa/built-in.a
  CC      drivers/mfd/sec-irq.o
  CC      drivers/acpi/apei/bert.o
  CC      drivers/clk/mediatek/clk-cpumux.o
  CC      fs/nfs/delegation.o
  CC      fs/nfs/nfs4file.o
  CC      drivers/base/faux.o
  CC      drivers/acpi/apei/ghes.o
  CC      drivers/acpi/acpica/rsirq.o
  AR      drivers/acpi/dptf/built-in.a
  CC      drivers/acpi/acpica/rslist.o
  CC      drivers/acpi/acpica/rsmemory.o
  CC      drivers/acpi/acpica/rsmisc.o
  CC      drivers/acpi/acpica/rsserial.o
  CC      drivers/acpi/acpica/rsutils.o
  CC      drivers/acpi/acpica/rsxface.o
  CC      drivers/mfd/sec-i2c.o
  AR      fs/lockd/built-in.a
  CC      drivers/input/serio/libps2.o
  CC      drivers/mfd/syscon.o
  AR      drivers/dma-buf/built-in.a
  CC      drivers/usb/phy/of.o
  CC      drivers/clk/mediatek/reset.o
  CC      drivers/rtc/interface.o
  CC      drivers/spi/spi-mt65xx.o
  CC      drivers/acpi/acpica/tbdata.o
  CC      drivers/clk/mediatek/clk-mux.o
  CC      drivers/clk/mediatek/clk-fhctl.o
  CC      drivers/clk/imx/clk-fixup-mux.o
  CC      drivers/clk/imx/clk-frac-pll.o
  CC      drivers/clk/mediatek/clk-mt6765.o
  CC      drivers/clk/mediatek/clk-pllfh.o
  CC      drivers/acpi/apei/ghes_helpers.o
  CC      fs/nfs/nfs4idmap.o
  CC      drivers/net/mdio/fwnode_mdio.o
  CC      drivers/pci/controller/pcie-xilinx-dma-pl.o
  CC      drivers/pci/controller/pci-xgene.o
  CC      drivers/clk/meson/meson-clkc-utils.o
  CC      drivers/input/input-compat.o
  CC      drivers/mtd/mtdchar.o
  CC      drivers/input/input-mt.o
  CC      drivers/clk/microchip/clk-mpfs.o
  CC      drivers/input/input-poller.o
  CC      drivers/regulator/uniphier-regulator.o
  CC      mm/slub.o
  CC      drivers/tty/serial/8250/8250_omap.o
  CC      drivers/acpi/apei/einj-core.o
  CC      drivers/scsi/scsicam.o
  CC      drivers/scsi/scsi_error.o
  CC      drivers/scsi/scsi_lib.o
  AR      lib/zlib_deflate/built-in.a
  CC      drivers/acpi/acpica/tbfadt.o
  CC      drivers/char/tpm/tpm-sysfs.o
  CC      lib/crypto/mpi/mpi-add.o
  CC      drivers/acpi/arm64/apmt.o
  CC      drivers/acpi/arm64/gtdt.o
  CC      drivers/clk/mediatek/clk-mt6779.o
  CC      drivers/ata/libata-sata.o
  CC      lib/lzo/lzo1x_compress_safe.o
  CC      drivers/ata/libata-sff.o
  CC      drivers/base/auxiliary.o
  CC      drivers/scsi/scsi_lib_dma.o
  CC      fs/nfs/callback.o
  CC      drivers/clk/mediatek/clk-mt6795-apmixedsys.o
  CC      drivers/ata/libata-pmp.o
  CC      drivers/net/pcs/pcs-lynx.o
  CC      drivers/tty/serial/8250/8250_pci.o
  CC      drivers/tty/serial/8250/8250_pericom.o
  CC      drivers/clk/imx/clk-gate2.o
  CC      lib/lzo/lzo1x_decompress_safe.o
  CC      drivers/tty/serial/8250/8250_uniphier.o
  CC      drivers/acpi/acpica/tbfind.o
  CC      drivers/tty/serial/8250/8250_tegra.o
  CC      drivers/base/devtmpfs.o
  CC      fs/nfs/callback_xdr.o
  CC      mm/madvise.o
  CC      fs/nfs/callback_proc.o
  CC      drivers/base/power/sysfs.o
  CC      fs/nfs/nfs4namespace.o
  CC      net/core/skmsg.o
  AR      drivers/vfio/pci/built-in.a
  CC      drivers/usb/common/ulpi.o
  CC      fs/nfs/nfs4getroot.o
  CC      drivers/mfd/vexpress-sysreg.o
  CC      fs/nfs/nfs4client.o
  AR      drivers/vfio/built-in.a
  CC      fs/nfs/nfs4session.o
  CC      fs/nfs/dns_resolve.o
  CC      fs/nfs/nfs4trace.o
  CC      fs/nfs/pnfs.o
  CC      drivers/clk/meson/meson-aoclk.o
  CC      fs/nfs/pnfs_dev.o
  CC      drivers/net/tun.o
  CC      drivers/net/virtio_net.o
  AR      drivers/input/serio/built-in.a
  CC      drivers/acpi/acpica/tbinstal.o
  AR      drivers/net/dsa/b53/built-in.a
  AR      drivers/net/dsa/hirschmann/built-in.a
  CC      fs/nfs/pnfs_nfs.o
  CC      drivers/acpi/arm64/iort.o
  AR      drivers/net/dsa/lantiq/built-in.a
  CC      drivers/acpi/arm64/cpuidle.o
  CC      drivers/acpi/arm64/amba.o
  CC      drivers/clk/meson/clk-cpu-dyndiv.o
  CC      drivers/acpi/arm64/dma.o
  AR      drivers/net/dsa/microchip/built-in.a
  AR      drivers/net/dsa/mxl862xx/built-in.a
  AR      drivers/net/dsa/mv88e6xxx/built-in.a
  CC      drivers/input/ff-core.o
  CC      drivers/input/touchscreen.o
  CC      fs/nfs/nfs4sysctl.o
  AR      drivers/net/dsa/ocelot/built-in.a
  CC      drivers/clk/microchip/clk-mpfs-ccc.o
  AR      drivers/net/dsa/qca/built-in.a
  AR      drivers/net/dsa/realtek/built-in.a
  CC      drivers/net/phy/linkmode.o
  AR      drivers/net/dsa/sja1105/built-in.a
  CC      drivers/net/phy/phy_link_topology.o
  AR      drivers/net/dsa/xrs700x/built-in.a
  AR      drivers/net/dsa/built-in.a
  CC      lib/crypto/mpi/mpi-bit.o
  CC      drivers/rtc/nvmem.o
  CC      drivers/acpi/acpica/tbprint.o
  CC      drivers/usb/phy/phy-generic.o
  AR      fs/ext4/built-in.a
  CC      drivers/acpi/acpica/tbutils.o
  CC      drivers/acpi/acpica/tbxface.o
  CC      drivers/acpi/acpica/tbxfload.o
  AR      drivers/clk/mstar/built-in.a
  CC      kernel/module/strict_rwx.o
  CC      drivers/acpi/acpica/tbxfroot.o
  CC      arch/arm64/kvm/at.o
  CC      drivers/mtd/parsers/ofpart_core.o
  AR      lib/lzo/built-in.a
  CC      drivers/acpi/acpica/utaddress.o
  CC      drivers/acpi/acpica/utalloc.o
  CC      lib/lz4/lz4_decompress.o
  CC      drivers/pci/controller/pci-xgene-msi.o
  CC      drivers/net/mdio/of_mdio.o
  CC      drivers/acpi/arm64/init.o
  CC      drivers/clk/mediatek/clk-mt6795-infracfg.o
  CC      drivers/clk/mediatek/clk-mt6795-pericfg.o
  CC      drivers/acpi/acpica/utascii.o
  CC      drivers/input/touch-overlay.o
  CC      drivers/base/power/generic_ops.o
  CC      drivers/rtc/dev.o
  CC      drivers/clk/imx/clk-gate-93.o
  CC      drivers/regulator/renesas-usb-vbus-regulator.o
  CC      drivers/clk/imx/clk-gate-exclusive.o
  CC      drivers/spi/spi-nxp-fspi.o
  CC      drivers/spi/spi-orion.o
  CC      drivers/mtd/parsers/ofpart_bcm4908.o
  CC      drivers/usb/dwc2/core.o
  CC      drivers/usb/dwc3/core.o
  CC      drivers/char/tpm/eventlog/common.o
  CC      drivers/mfd/hi6421-pmic-core.o
  CC      drivers/acpi/acpica/utbuffer.o
  CC      fs/nfs/nfs40client.o
  CC      drivers/base/power/common.o
  CC      drivers/base/power/qos.o
  CC      drivers/mtd/mtd_blkdevs.o
  CC      drivers/clk/meson/clk-mpll.o
  CC      drivers/clk/meson/clk-dualdiv.o
  CC      drivers/base/firmware_loader/fallback_table.o
  CC      drivers/acpi/acpica/utcksum.o
  CC      drivers/base/node.o
  CC      drivers/base/memory.o
  CC      drivers/mfd/hi655x-pmic.o
  CC      drivers/mtd/mtdblock.o
  CC      drivers/mfd/altera-sysmgr.o
  CC      drivers/mfd/rohm-bd718x7.o
  CC      drivers/mfd/simple-mfd-i2c.o
  CC      kernel/module/kmod.o
  AR      drivers/clk/microchip/built-in.a
  CC      kernel/module/tree_lookup.o
  CC      kernel/module/kallsyms.o
  CC      kernel/module/procfs.o
  CC      drivers/acpi/acpica/utcopy.o
  AR      drivers/usb/common/built-in.a
  CC      drivers/clk/mvebu/armada_ap_cp_helper.o
  CC      drivers/clk/mvebu/armada-37xx-xtal.o
  CC      lib/crypto/mpi/mpi-cmp.o
  CC      drivers/rtc/proc.o
  CC      lib/crypto/mpi/mpi-sub-ui.o
  CC      drivers/scsi/scsi_scan.o
  GEN     drivers/scsi/scsi_devinfo_tbl.c
  CC      drivers/clk/nuvoton/clk-ma35d1-divider.o
  CC      drivers/clk/nuvoton/clk-ma35d1.o
  CC      drivers/clk/imx/clk-pfd.o
  CC      drivers/input/matrix-keymap.o
  CC      fs/nfs/nfs40proc.o
  CC      drivers/base/module.o
  CC      fs/nfs/nfs42proc.o
  AR      drivers/tty/serial/8250/built-in.a
  CC      fs/nfs/nfs42xattr.o
  CC      drivers/tty/serial/meson_uart.o
  CC      drivers/clk/mediatek/clk-mt6795-topckgen.o
  AR      drivers/mtd/parsers/built-in.a
  CC      drivers/usb/core/urb.o
  CC      drivers/acpi/acpica/utexcep.o
  CC      drivers/acpi/arm64/thermal_cpufreq.o
  CC      drivers/usb/isp1760/isp1760-core.o
  CC      drivers/usb/isp1760/isp1760-if.o
  CC      drivers/usb/core/message.o
  CC      drivers/pci/controller/pcie-iproc.o
  CC      drivers/net/phy/phy_caps.o
  CC      drivers/net/phy/mdio_bus_provider.o
  CC      drivers/ata/libata-acpi.o
  CC      drivers/usb/phy/phy-tegra-usb.o
  CC      drivers/usb/phy/phy-ulpi.o
  CC      net/core/sock_map.o
  CC      net/core/bpf_sk_storage.o
  AR      drivers/acpi/apei/built-in.a
  AR      drivers/net/pcs/built-in.a
  CC      drivers/usb/phy/phy-ulpi-viewport.o
  AR      drivers/regulator/built-in.a
  AR      lib/lz4/built-in.a
  CC      drivers/net/phy/phy_port.o
  CC      fs/nfs/filelayout/filelayout.o
  CC      fs/nfs/filelayout/filelayoutdev.o
  CC      drivers/clk/qcom/common.o
  CC      drivers/clk/qcom/clk-regmap.o
  CC      drivers/ata/libata-pata-timings.o
  CC      fs/nfs/flexfilelayout/flexfilelayout.o
  CC      fs/nfs/flexfilelayout/flexfilelayoutdev.o
  CC      drivers/acpi/acpica/utdebug.o
  CC      drivers/char/tpm/eventlog/tpm1.o
  CC      drivers/clk/meson/clk-pll.o
  AR      drivers/net/ethernet/3com/built-in.a
  AR      drivers/net/ethernet/8390/built-in.a
  CC      arch/arm64/kvm/vgic/vgic.o
  AR      drivers/net/ethernet/actions/built-in.a
  CC      drivers/i2c/i2c-boardinfo.o
  AR      drivers/net/ethernet/adaptec/built-in.a
  CC      drivers/net/mdio/mdio-bcm-iproc.o
  CC      drivers/net/mdio/mdio-bcm-unimac.o
  AR      drivers/net/ethernet/adi/built-in.a
  CC      drivers/clk/mvebu/armada-37xx-tbg.o
  CC      drivers/clk/mediatek/clk-mt6795-mfg.o
  CC      drivers/clk/mvebu/armada-37xx-periph.o
  CC      drivers/clk/mvebu/ap806-system-controller.o
  AR      drivers/net/ethernet/alacritech/built-in.a
  AR      drivers/net/ethernet/agere/built-in.a
  CC      drivers/clk/mvebu/cp110-system-controller.o
  CC      drivers/usb/core/driver.o
  AR      drivers/i3c/built-in.a
  CC      drivers/acpi/acpica/utdecode.o
  CC      drivers/acpi/acpica/utdelete.o
  AR      drivers/net/ethernet/allwinner/built-in.a
  CC      drivers/clk/imx/clk-pfdv2.o
  CC      drivers/acpi/acpica/uterror.o
  AR      drivers/net/ethernet/amazon/built-in.a
  CC      drivers/base/firmware_loader/main.o
  CC      drivers/acpi/acpica/uteval.o
  CC      drivers/acpi/acpica/utglobal.o
  CC      drivers/acpi/acpica/uthex.o
  CC      drivers/net/ethernet/amd/xgbe/xgbe-main.o
  CC      lib/zstd/zstd_decompress_module.o
  CC      drivers/acpi/acpica/utids.o
  CC      drivers/acpi/acpica/utinit.o
  CC      drivers/acpi/acpica/utlock.o
  CC      net/core/of_net.o
  CC      drivers/input/vivaldi-fmap.o
  CC      net/core/devmem.o
  CC      lib/crypto/mpi/mpi-div.o
  CC      lib/crypto/mpi/mpi-mod.o
  CC      drivers/acpi/acpica/utmath.o
  CC      drivers/rtc/sysfs.o
  CC      drivers/mtd/chips/chipreg.o
  CC      drivers/usb/dwc2/core_intr.o
  CC      drivers/acpi/acpica/utmisc.o
  CC      drivers/acpi/acpica/utmutex.o
  CC      mm/page_io.o
  CC      drivers/base/power/runtime.o
  CC      drivers/clk/nuvoton/clk-ma35d1-pll.o
  CC      drivers/acpi/acpica/utnonansi.o
  CC      kernel/module/sysfs.o
  CC      drivers/usb/isp1760/isp1760-hcd.o
  CC      drivers/usb/isp1760/isp1760-udc.o
  CC      lib/zstd/decompress/huf_decompress.o
  CC      lib/zstd/decompress/zstd_ddict.o
  CC      drivers/acpi/acpica/utobject.o
  CC      drivers/acpi/acpica/utosi.o
  CC      drivers/acpi/acpica/utownerid.o
  CC      drivers/spi/spi-pl022.o
  CC      drivers/acpi/acpica/utpredef.o
  AR      drivers/acpi/arm64/built-in.a
  CC      arch/arm64/kvm/vgic/vgic-init.o
  CC      drivers/base/auxiliary_sysfs.o
  CC      drivers/input/input-leds.o
  CC      drivers/usb/mtu3/mtu3_plat.o
  CC      drivers/usb/mtu3/mtu3_host.o
  CC      drivers/clk/imx/clk-pllv1.o
  CC      drivers/net/mdio/mdio-bitbang.o
  CC      drivers/clk/imx/clk-pllv2.o
  CC      mm/swap_state.o
  CC      drivers/scsi/scsi_devinfo.o
  CC      drivers/clk/qcom/clk-alpha-pll.o
  CC      drivers/clk/qcom/clk-pll.o
  AR      drivers/mfd/built-in.a
  CC      drivers/tty/serial/msm_serial.o
  CC      drivers/pci/controller/pcie-iproc-msi.o
  CC      drivers/net/phy/mdio_device.o
  CC      drivers/pci/controller/pcie-iproc-platform.o
  CC      drivers/pci/controller/pcie-altera.o
  CC      drivers/acpi/acpica/utresdecode.o
  CC      drivers/ata/ahci.o
  CC      drivers/ata/libahci.o
  CC      drivers/acpi/acpica/utstate.o
  CC      drivers/acpi/acpica/utresrc.o
  CC      drivers/acpi/acpica/utstring.o
  CC      drivers/clk/meson/clk-regmap.o
  CC      drivers/clk/meson/vid-pll-div.o
  CC      drivers/clk/meson/vclk.o
  AR      drivers/mtd/lpddr/built-in.a
  CC      drivers/clk/meson/axg.o
  CC      drivers/clk/meson/axg-aoclk.o
  CC      drivers/acpi/acpica/utstrsuppt.o
  CC      drivers/clk/mediatek/clk-mt6795-mm.o
  CC      kernel/freezer.o
  CC      drivers/ata/ahci_platform.o
  CC      drivers/ata/sata_sil24.o
  CC      drivers/ata/ahci_ceva.o
  CC      drivers/ata/libahci_platform.o
  CC      drivers/clk/imx/clk-pllv3.o
  CC      drivers/acpi/acpica/utstrtoul64.o
  CC      drivers/acpi/acpica/utxface.o
  AR      drivers/clk/mvebu/built-in.a
  CC      drivers/acpi/acpica/utxfinit.o
  AR      drivers/clk/ralink/built-in.a
  CC      drivers/i2c/i2c-core-base.o
  CC      drivers/acpi/acpica/utxferror.o
  CC      drivers/acpi/acpica/utxfmutex.o
  CC      drivers/usb/dwc3/host.o
  CC      kernel/profile.o
  CC      drivers/rtc/rtc-amlogic-a4.o
  CC      drivers/usb/dwc3/gadget.o
  CC      drivers/mtd/chips/cfi_probe.o
  AR      drivers/net/wireless/admtek/built-in.a
  CC      drivers/ata/ahci_mvebu.o
  CC      drivers/clk/imx/clk-pllv4.o
  AR      drivers/net/wireless/ath/built-in.a
  AR      drivers/net/wireless/atmel/built-in.a
  CC      drivers/clk/imx/clk-pll14xx.o
  CC      drivers/ata/ahci_xgene.o
  CC      drivers/clk/imx/clk-sscg-pll.o
  CC      drivers/ata/ahci_qoriq.o
  CC      drivers/clk/imx/clk-gpr-mux.o
  AR      drivers/net/wireless/broadcom/built-in.a
  CC      lib/crypto/mpi/mpi-mul.o
  CC      lib/crypto/mpi/mpih-cmp.o
  AR      kernel/module/built-in.a
  CC      drivers/i2c/i2c-core-smbus.o
  AR      drivers/usb/phy/built-in.a
  AR      drivers/media/i2c/built-in.a
  CC      drivers/clk/imx/clk-imx8mm.o
  AR      drivers/media/tuners/built-in.a
  CC      lib/xz/xz_dec_syms.o
  CC      drivers/pps/pps.o
  AR      drivers/net/wireless/intel/built-in.a
  AR      drivers/media/rc/keymaps/built-in.a
  AR      drivers/media/rc/built-in.a
  CC      drivers/ata/sata_rcar.o
  AR      drivers/net/wireless/intersil/built-in.a
  AR      drivers/net/wireless/marvell/built-in.a
  AR      drivers/media/common/b2c2/built-in.a
  AR      drivers/media/common/saa7146/built-in.a
  CC      drivers/clk/imx/clk-imx8mn.o
  AR      drivers/net/wireless/mediatek/built-in.a
  AR      drivers/media/common/siano/built-in.a
  AR      drivers/media/common/v4l2-tpg/built-in.a
  CC      drivers/clk/imx/clk-imx8mp.o
  AR      drivers/media/common/videobuf2/built-in.a
  CC      drivers/char/tpm/eventlog/tpm2.o
  CC      drivers/char/tpm/tpm-buf.o
  AR      drivers/media/common/built-in.a
  CC      drivers/input/evdev.o
  AR      drivers/net/wireless/microchip/built-in.a
  AR      drivers/net/wireless/purelifi/built-in.a
  AR      drivers/net/wireless/ralink/built-in.a
  AR      drivers/media/platform/allegro-dvt/built-in.a
  AR      drivers/net/wireless/quantenna/built-in.a
  AR      drivers/clk/nuvoton/built-in.a
  CC      drivers/ata/pata_platform.o
  CC      lib/zstd/decompress/zstd_decompress.o
  AR      drivers/net/wireless/realtek/built-in.a
  AR      drivers/media/platform/amlogic/c3/isp/built-in.a
  AR      drivers/media/platform/amlogic/c3/mipi-adapter/built-in.a
  AR      drivers/media/pci/ttpci/built-in.a
  AR      drivers/net/wireless/silabs/built-in.a
  AR      drivers/net/wireless/rsi/built-in.a
  AR      drivers/media/platform/amlogic/c3/mipi-csi2/built-in.a
  CC      lib/xz/xz_dec_stream.o
  AR      drivers/media/pci/b2c2/built-in.a
  CC      drivers/base/firmware_loader/fallback.o
  CC      drivers/clk/renesas/r8a774a1-cpg-mssr.o
  CC      lib/xz/xz_dec_lzma2.o
  AR      drivers/media/platform/amlogic/c3/built-in.a
  AR      drivers/net/wireless/ti/built-in.a
  AR      drivers/net/wireless/st/built-in.a
  AR      drivers/media/pci/pluto2/built-in.a
  CC      lib/xz/xz_dec_bcj.o
  AR      drivers/media/platform/amlogic/meson-ge2d/built-in.a
  AR      drivers/media/pci/dm1105/built-in.a
  AR      drivers/net/wireless/zydas/built-in.a
  AR      drivers/media/platform/amlogic/built-in.a
  CC      drivers/input/keyboard/atkbd.o
  AR      drivers/net/wireless/virtual/built-in.a
  AR      drivers/media/pci/pt1/built-in.a
  AR      drivers/net/wireless/built-in.a
  AR      drivers/media/platform/amphion/built-in.a
  AR      drivers/media/pci/pt3/built-in.a
  AR      drivers/media/platform/aspeed/built-in.a
  CC      mm/swapfile.o
  AR      drivers/media/platform/arm/mali-c55/built-in.a
  AR      drivers/media/pci/ngene/built-in.a
  CC      mm/dmapool.o
  AR      drivers/media/pci/mantis/built-in.a
  CC      mm/hugetlb.o
  CC      mm/hugetlb_sysfs.o
  CC      drivers/net/ethernet/amd/xgbe/xgbe-drv.o
  AR      drivers/media/platform/arm/built-in.a
  CC      lib/zstd/decompress/zstd_decompress_block.o
  AR      drivers/media/pci/ddbridge/built-in.a
  CC      drivers/usb/dwc2/platform.o
  AR      drivers/media/platform/atmel/built-in.a
  CC      drivers/char/tpm/tpm2-sessions.o
  CC      drivers/char/tpm/tpm_ppi.o
  CC      drivers/clk/meson/c3-pll.o
  CC      drivers/clk/mediatek/clk-mt6795-vdecsys.o
  AR      drivers/media/pci/saa7146/built-in.a
  AR      drivers/media/platform/broadcom/built-in.a
  CC      drivers/base/power/wakeirq.o
  CC      drivers/clk/mediatek/clk-mt6795-vencsys.o
  AR      drivers/media/pci/smipcie/built-in.a
  CC      drivers/clk/mediatek/clk-mt6797.o
  CC      drivers/base/power/main.o
  AR      drivers/media/platform/cadence/built-in.a
  CC      drivers/base/power/wakeup.o
  AR      drivers/acpi/acpica/built-in.a
  CC      drivers/input/mouse/psmouse-base.o
  CC      drivers/usb/core/config.o
  AR      drivers/media/pci/netup_unidvb/built-in.a
  AR      drivers/media/platform/chips-media/coda/built-in.a
  AR      drivers/media/platform/chips-media/wave5/built-in.a
  AR      drivers/media/pci/intel/ipu3/built-in.a
  AR      drivers/media/platform/chips-media/built-in.a
  AR      drivers/acpi/built-in.a
  CC      drivers/clk/mediatek/clk-mt2712-apmixedsys.o
  AR      drivers/input/touchscreen/built-in.a
  AR      drivers/media/pci/intel/ivsc/built-in.a
  CC      drivers/scsi/scsi_sysctl.o
  CC      drivers/scsi/scsi_debugfs.o
  AR      drivers/media/pci/intel/built-in.a
  AR      drivers/media/platform/imagination/built-in.a
  CC      drivers/spi/spi-qup.o
  AR      drivers/media/pci/built-in.a
  AR      drivers/media/platform/marvell/built-in.a
  AR      drivers/media/platform/intel/built-in.a
  CC      drivers/net/mdio/mdio-cavium.o
  CC      drivers/spi/spi-rockchip.o
  AR      drivers/media/platform/mediatek/jpeg/built-in.a
  CC      drivers/usb/dwc2/drd.o
  CC      drivers/usb/dwc2/params.o
  AR      drivers/media/platform/mediatek/mdp/built-in.a
  CC      drivers/usb/dwc2/hcd.o
  CC      drivers/pci/controller/pcie-altera-msi.o
  AR      drivers/media/platform/mediatek/vpu/built-in.a
  AR      drivers/media/platform/mediatek/vcodec/common/built-in.a
  CC      drivers/net/phy/swphy.o
  CC      drivers/usb/dwc2/hcd_intr.o
  AR      drivers/media/platform/mediatek/vcodec/encoder/built-in.a
  CC      drivers/clk/imx/clk-imx8mp-audiomix.o
  CC      drivers/clk/qcom/clk-rcg.o
  AR      drivers/media/platform/mediatek/vcodec/decoder/built-in.a
  CC      drivers/mtd/chips/cfi_util.o
  AR      drivers/media/platform/mediatek/vcodec/built-in.a
  CC      drivers/mtd/chips/cfi_cmdset_0020.o
  CC      drivers/usb/dwc2/hcd_queue.o
  AR      drivers/media/platform/mediatek/mdp3/built-in.a
  AR      drivers/media/platform/mediatek/built-in.a
  CC      drivers/rtc/rtc-armada38x.o
  CC      drivers/usb/dwc2/hcd_ddma.o
  CC      drivers/pps/kapi.o
  AR      drivers/media/platform/microchip/built-in.a
  CC      drivers/rtc/rtc-brcmstb-waketimer.o
  AR      drivers/media/platform/nuvoton/built-in.a
  AR      drivers/usb/isp1760/built-in.a
  AR      drivers/media/usb/b2c2/built-in.a
  AR      drivers/media/usb/dvb-usb-v2/built-in.a
  AR      drivers/media/usb/dvb-usb/built-in.a
  CC      drivers/clk/imx/clk-imx8mq.o
  AR      drivers/media/platform/nvidia/tegra-vde/built-in.a
  CC      drivers/clk/imx/clk-imx93.o
  CC      drivers/usb/dwc3/ep0.o
  AR      drivers/media/platform/nvidia/built-in.a
  CC      drivers/clk/imx/clk-imx95-blk-ctl.o
  AR      drivers/media/usb/s2255/built-in.a
  AR      drivers/media/platform/nxp/dw100/built-in.a
  AR      drivers/media/usb/siano/built-in.a
  AR      drivers/media/platform/nxp/imx-jpeg/built-in.a
  CC      kernel/stacktrace.o
  CC      lib/crypto/mpi/mpih-div.o
  AR      drivers/media/usb/ttusb-budget/built-in.a
  AR      drivers/media/platform/nxp/imx8-isi/built-in.a
  CC      lib/crypto/mpi/mpih-mul.o
  AR      drivers/media/platform/nxp/built-in.a
  CC      drivers/clk/mediatek/clk-mt2712.o
  CC      kernel/time/time.o
  AR      drivers/media/usb/ttusb-dec/built-in.a
  AR      drivers/media/platform/qcom/camss/built-in.a
  AR      drivers/media/usb/built-in.a
  CC      drivers/usb/mtu3/mtu3_core.o
  AR      drivers/media/platform/qcom/iris/built-in.a
  AR      drivers/media/platform/qcom/venus/built-in.a
  CC      drivers/tty/serial/mvebu-uart.o
  AR      drivers/media/platform/qcom/built-in.a
  AR      drivers/media/platform/raspberrypi/pisp_be/built-in.a
  CC      drivers/clk/renesas/r8a774b1-cpg-mssr.o
  CC      drivers/ptp/ptp_clock.o
  CC      drivers/clk/renesas/r8a774c0-cpg-mssr.o
  AR      drivers/media/platform/raspberrypi/rp1-cfe/built-in.a
  AR      drivers/media/platform/renesas/rcar-isp/built-in.a
  AR      drivers/media/platform/raspberrypi/built-in.a
  CC      drivers/pps/sysfs.o
  CC      drivers/char/tpm/eventlog/acpi.o
  CC      drivers/clk/imx/clk-scu.o
  CC      kernel/futex/core.o
  AR      drivers/media/platform/renesas/rcar-vin/built-in.a
  AR      drivers/media/platform/renesas/rzg2l-cru/built-in.a
  AR      drivers/media/platform/renesas/rzv2h-ivc/built-in.a
  CC      kernel/futex/syscalls.o
  AR      drivers/media/platform/renesas/vsp1/built-in.a
  AR      drivers/media/platform/renesas/built-in.a
  AR      lib/xz/built-in.a
  CC      arch/arm64/kvm/vgic/vgic-irqfd.o
  CC      arch/arm64/kvm/vgic/vgic-v2.o
  AR      drivers/media/platform/rockchip/rga/built-in.a
  AR      drivers/media/platform/rockchip/rkcif/built-in.a
  CC      kernel/smp.o
  AR      drivers/media/platform/rockchip/rkisp1/built-in.a
  CC      drivers/input/mouse/synaptics.o
  AR      drivers/media/platform/rockchip/rkvdec/built-in.a
  AR      drivers/media/platform/rockchip/built-in.a
  CC      drivers/input/mouse/focaltech.o
  AR      drivers/media/platform/samsung/exynos-gsc/built-in.a
  AR      drivers/media/platform/samsung/exynos4-is/built-in.a
  AR      drivers/media/platform/samsung/s3c-camif/built-in.a
  CC      kernel/uid16.o
  CC      arch/arm64/kvm/vgic/vgic-v3.o
  CC      kernel/kallsyms.o
  CC      lib/zstd/zstd_common_module.o
  CC      kernel/acct.o
  AR      drivers/media/platform/samsung/s5p-g2d/built-in.a
  CC      drivers/clk/meson/c3-peripherals.o
  AR      drivers/media/platform/samsung/s5p-jpeg/built-in.a
  CC      drivers/base/firmware_loader/sysfs.o
  AR      drivers/media/platform/samsung/s5p-mfc/built-in.a
  AR      drivers/media/platform/samsung/built-in.a
  CC      drivers/base/power/wakeup_stats.o
  CC      drivers/char/tpm/eventlog/efi.o
  CC      drivers/net/phy/open_alliance_helpers.o
  CC      drivers/clk/rockchip/clk.o
  AR      drivers/media/platform/st/sti/bdisp/built-in.a
  AR      drivers/media/platform/st/sti/delta/built-in.a
  AR      drivers/media/platform/sunxi/sun4i-csi/built-in.a
  AR      drivers/media/platform/st/sti/hva/built-in.a
  CC      drivers/clk/qcom/clk-rcg2.o
  AR      drivers/media/platform/sunxi/sun6i-csi/built-in.a
  AR      drivers/media/platform/st/stm32/built-in.a
  AR      drivers/media/platform/sunxi/sun6i-mipi-csi2/built-in.a
  AR      drivers/media/platform/sunxi/sun8i-di/built-in.a
  AR      drivers/media/platform/sunxi/sun8i-a83t-mipi-csi2/built-in.a
  AR      drivers/media/platform/st/built-in.a
  CC      drivers/net/xen-netfront.o
  CC      kernel/time/timer.o
  CC      kernel/time/hrtimer.o
  CC      drivers/input/keyboard/cros_ec_keyb.o
  AR      drivers/media/platform/sunxi/sun8i-rotate/built-in.a
  CC      drivers/spi/spi-s3c64xx.o
  CC      drivers/spi/spi-sun6i.o
  AR      drivers/media/platform/sunxi/built-in.a
  CC      mm/hugetlb_sysctl.o
  CC      drivers/input/keyboard/gpio_keys.o
  AR      drivers/media/platform/synopsys/hdmirx/built-in.a
  AR      drivers/media/platform/ti/am437x/built-in.a
  AR      drivers/media/platform/synopsys/built-in.a
  AR      drivers/media/platform/ti/cal/built-in.a
  CC      drivers/input/mouse/alps.o
  CC      drivers/input/mouse/byd.o
  AR      drivers/media/platform/ti/vpe/built-in.a
  AR      drivers/pps/clients/built-in.a
  AR      drivers/pps/built-in.a
  CC      drivers/input/mouse/logips2pp.o
  AR      drivers/media/platform/ti/davinci/built-in.a
  CC      drivers/net/ethernet/apm/xgene/xgene_enet_hw.o
  CC      drivers/clk/renesas/r8a774e1-cpg-mssr.o
  CC      drivers/clk/renesas/r8a7795-cpg-mssr.o
  AR      drivers/media/platform/ti/j721e-csi2rx/built-in.a
  CC      drivers/base/power/clock_ops.o
  CC      drivers/clk/mediatek/clk-mt7622-apmixedsys.o
  AR      drivers/media/platform/ti/omap/built-in.a
  AR      drivers/media/platform/ti/omap3isp/built-in.a
  AR      drivers/media/platform/ti/built-in.a
  CC      drivers/power/sequencing/core.o
  CC      drivers/power/reset/brcmstb-reboot.o
  CC      drivers/power/supply/power_supply_core.o
  AR      drivers/media/platform/verisilicon/built-in.a
  CC      drivers/power/supply/power_supply_sysfs.o
  CC      drivers/pci/controller/pcie-rockchip.o
  AR      drivers/media/platform/via/built-in.a
  AR      net/core/built-in.a
  CC      drivers/mtd/chips/cfi_cmdset_0002.o
  CC      drivers/usb/core/file.o
  AR      drivers/media/platform/xilinx/built-in.a
  CC      drivers/usb/core/buffer.o
  AR      drivers/media/platform/built-in.a
  AR      net/built-in.a
  CC      kernel/time/sleep_timeout.o
  CC      drivers/input/mouse/trackpoint.o
  AR      drivers/media/firewire/built-in.a
  CC      drivers/input/mouse/cypress_ps2.o
  CC      drivers/clk/mediatek/clk-mt7622.o
  CC      drivers/clk/meson/gxbb.o
  CC      drivers/clk/mediatek/clk-mt7622-infracfg.o
  AR      drivers/media/mmc/siano/built-in.a
  AR      drivers/media/mmc/built-in.a
  CC      drivers/rtc/rtc-cros-ec.o
  CC      drivers/clk/mediatek/clk-mt7981-apmixed.o
  CC      drivers/net/mdio/mdio-gpio.o
  AR      drivers/media/spi/built-in.a
  CC      drivers/rtc/rtc-ds3232.o
  CC      drivers/i2c/i2c-core-acpi.o
  CC      drivers/net/phy/mdio_devres.o
  CC      lib/zstd/common/debug.o
  CC      drivers/tty/serial/owl-uart.o
  AR      drivers/media/test-drivers/built-in.a
  CC      lib/zstd/common/entropy_common.o
  CC      lib/zstd/common/error_private.o
  CC      lib/zstd/common/fse_decompress.o
  CC      lib/crypto/mpi/mpi-pow.o
  CC      lib/crypto/mpi/mpiutil.o
  CC      drivers/clk/mediatek/clk-mt7981-topckgen.o
  CC      drivers/clk/mediatek/clk-mt7981-infracfg.o
  CC      drivers/clk/mediatek/clk-mt7981-eth.o
  CC      drivers/scsi/scsi_trace.o
  CC      drivers/scsi/scsi_logging.o
  CC      drivers/scsi/scsi_pm.o
  CC      drivers/net/ethernet/amd/xgbe/xgbe-dev.o
  CC      drivers/net/ethernet/amd/xgbe/xgbe-desc.o
  AR      drivers/media/built-in.a
  CC      drivers/clk/mediatek/clk-mt7986-apmixed.o
  CC      drivers/clk/mediatek/clk-mt7986-topckgen.o
  CC      drivers/clk/mediatek/clk-mt7986-infracfg.o
  CC      lib/zstd/common/zstd_common.o
  AR      drivers/net/usb/built-in.a
  CC      kernel/time/timekeeping.o
  AR      fs/nfs/filelayout/built-in.a
  CC      drivers/ata/pata_of_platform.o
  CC      drivers/clk/mediatek/clk-mt7986-eth.o
  CC      drivers/mtd/maps/map_funcs.o
  CC      drivers/mtd/devices/mtd_dataflash.o
  CC      drivers/mtd/devices/sst25l.o
  AR      lib/zstd/built-in.a
  CC      kernel/vmcore_info.o
  CC      kernel/elfcorehdr.o
  CC      drivers/usb/dwc3/drd.o
  CC      kernel/crash_reserve.o
  CC      drivers/clk/meson/gxbb-aoclk.o
  CC      drivers/pci/controller/dwc/pcie-designware.o
  CC      drivers/pci/controller/dwc/pcie-designware-host.o
  CC      drivers/clk/rockchip/clk-pll.o
  CC      drivers/ptp/ptp_chardev.o
  CC      drivers/clk/renesas/r8a7796-cpg-mssr.o
  CC      drivers/char/tpm/eventlog/of.o
  CC      drivers/char/tpm/tpm_i2c_infineon.o
  CC      drivers/usb/dwc3/debugfs.o
  CC      drivers/hwmon/hwmon.o
  CC      kernel/kexec_core.o
  CC      drivers/watchdog/watchdog_core.o
  CC      drivers/thermal/thermal_core.o
  CC      drivers/thermal/thermal_sysfs.o
  CC      drivers/thermal/thermal_trip.o
  AR      fs/nfs/flexfilelayout/built-in.a
  CC      drivers/clk/qcom/clk-branch.o
  CC      drivers/thermal/thermal_helpers.o
  CC      drivers/power/reset/gpio-poweroff.o
  CC      drivers/input/mouse/psmouse-smbus.o
  CC      kernel/crash_core.o
  CC      kernel/kexec.o
  CC      kernel/kexec_file.o
  CC      kernel/compat.o
  CC      drivers/usb/mtu3/mtu3_gadget_ep0.o
  CC      drivers/usb/mtu3/mtu3_gadget.o
  CC      kernel/time/ntp.o
  CC      kernel/time/clocksource.o
  CC      kernel/time/jiffies.o
  CC      kernel/time/timer_list.o
  AR      drivers/spi/built-in.a
  AR      drivers/base/power/built-in.a
  CC      kernel/time/timeconv.o
  CC      kernel/time/timecounter.o
  CC      drivers/clk/meson/g12a.o
  CC      kernel/time/alarmtimer.o
  CC      drivers/mtd/chips/cfi_cmdset_0001.o
  AR      lib/crypto/mpi/built-in.a
  CC      drivers/power/supply/power_supply_leds.o
  AR      lib/crypto/built-in.a
  CC      lib/percpu_counter.o
  AR      drivers/power/sequencing/built-in.a
  CC      drivers/usb/core/sysfs.o
  CC      lib/audit.o
  CC      drivers/input/keyboard/imx-sm-bbm-key.o
  CC      drivers/hwmon/scmi-hwmon.o
  CC      drivers/clk/imx/clk-imx8qxp.o
  CC      drivers/clk/mediatek/clk-mt7988-apmixed.o
  CC      drivers/hwmon/scpi-hwmon.o
  CC      drivers/hwmon/cros_ec_hwmon.o
  CC      drivers/net/phy/phy_package.o
  CC      drivers/md/dm-builtin.o
  AR      drivers/net/ethernet/aquantia/built-in.a
  CC      drivers/mtd/maps/physmap-core.o
  AR      drivers/net/ethernet/arc/built-in.a
  CC      drivers/clk/mediatek/clk-mt7988-topckgen.o
  CC      drivers/net/mdio/mdio-thunder.o
  CC      drivers/net/mdio/mdio-xgene.o
  CC      drivers/power/supply/power_supply_hwmon.o
  CC      drivers/base/firmware_loader/sysfs_upload.o
  CC      drivers/pci/controller/dwc/pcie-designware-ep.o
  CC      drivers/pci/controller/dwc/pci-imx6.o
  CC      drivers/net/ethernet/apm/xgene/xgene_enet_sgmac.o
  CC      drivers/power/reset/gpio-restart.o
  CC      drivers/base/firmware_loader/builtin/main.o
  CC      drivers/power/reset/msm-poweroff.o
  CC      kernel/futex/pi.o
  CC      drivers/clk/renesas/r8a77965-cpg-mssr.o
  CC      drivers/clk/renesas/r8a77970-cpg-mssr.o
  CC      drivers/edac/edac_mc.o
  CC      drivers/tty/serial/qcom_geni_serial.o
  CC      drivers/clk/qcom/clk-regmap-divider.o
  CC      drivers/tty/serial/rsci.o
  CC      drivers/tty/serial/samsung_tty.o
  CC      drivers/rtc/rtc-efi.o
  CC      drivers/tty/serial/sh-sci.o
  CC      kernel/time/posix-timers.o
  CC      drivers/tty/serial/stm32-usart.o
  CC      kernel/time/posix-cpu-timers.o
  CC      drivers/clk/rockchip/clk-cpu.o
  CC      drivers/usb/core/endpoint.o
  CC      drivers/clk/rockchip/clk-gate-grf.o
  CC      drivers/mtd/chips/gen_probe.o
  CC      drivers/i2c/i2c-core-slave.o
  CC      drivers/thermal/thermal_thresholds.o
  CC      drivers/clk/meson/g12a-aoclk.o
  CC      kernel/time/posix-clock.o
  CC      kernel/time/itimer.o
  CC      kernel/futex/requeue.o
  CC      kernel/futex/waitwake.o
  CC      mm/hugetlb_cma.o
  AR      drivers/mtd/devices/built-in.a
  CC      arch/arm64/kvm/vgic/vgic-v4.o
  CC      kernel/utsname.o
  CC      arch/arm64/kvm/vgic/vgic-mmio.o
  CC      drivers/clk/samsung/clk.o
  CC      kernel/cgroup/cgroup.o
  CC      drivers/watchdog/watchdog_dev.o
  CC      kernel/user_namespace.o
  CC      kernel/cgroup/rstat.o
  CC      kernel/cgroup/namespace.o
  CC      kernel/cgroup/cgroup-v1.o
  CC      drivers/thermal/thermal_hwmon.o
  CC      kernel/cgroup/freezer.o
  CC      drivers/ptp/ptp_sysfs.o
  CC      kernel/pid_namespace.o
  CC      drivers/power/reset/syscon-reboot.o
  CC      drivers/power/reset/xgene-reboot.o
  CC      drivers/power/reset/syscon-poweroff.o
  CC      drivers/power/reset/reboot-mode.o
  CC      drivers/power/reset/syscon-reboot-mode.o
  CC      drivers/clk/qcom/clk-regmap-mux.o
  CC      drivers/usb/dwc2/gadget.o
  AR      drivers/mtd/maps/built-in.a
  CC      drivers/usb/dwc2/debugfs.o
  CC      drivers/scsi/scsi_bsg.o
  CC      drivers/net/net_failover.o
  CC      drivers/power/supply/bq27xxx_battery.o
  AR      drivers/ata/built-in.a
  CC      drivers/power/supply/bq27xxx_battery_i2c.o
  CC      drivers/power/supply/cros_charge-control.o
  CC      drivers/power/supply/cros_peripheral_charger.o
  CC      mm/mempolicy.o
  CC      mm/sparse.o
  AR      drivers/base/firmware_loader/builtin/built-in.a
  AR      drivers/input/keyboard/built-in.a
  CC      drivers/net/ethernet/amd/xgbe/xgbe-ethtool.o
  CC      drivers/clk/renesas/r8a77980-cpg-mssr.o
  CC      drivers/i2c/i2c-core-of.o
  UPD     kernel/config_data
  CC      drivers/i2c/i2c-core-of-prober.o
  CC      drivers/usb/dwc3/dwc3-am62.o
  CC      kernel/time/clockevents.o
  CC      drivers/clk/rockchip/clk-half-divider.o
  CC      kernel/time/tick-common.o
  CC      kernel/time/tick-broadcast.o
  AR      drivers/input/mouse/built-in.a
  AR      drivers/char/tpm/built-in.a
  CC      kernel/time/tick-broadcast-hrtimer.o
  CC      lib/compat_audit.o
  CC      kernel/time/sched_clock.o
  AR      drivers/char/built-in.a
  CC      drivers/input/misc/hisi_powerkey.o
  CC      kernel/time/tick-oneshot.o
  CC      kernel/time/tick-sched.o
  AR      drivers/md/built-in.a
  CC      kernel/time/timer_migration.o
  AR      drivers/hwmon/built-in.a
  CC      drivers/rtc/rtc-imx-sm-bbm.o
  CC      drivers/rtc/rtc-max77686.o
  CC      mm/sparse-vmemmap.o
  CC      mm/mmu_notifier.o
  CC      lib/syscall.o
  CC      drivers/usb/mtu3/mtu3_qmu.o
  CC      drivers/clk/socfpga/clk-s10.o
  CC      drivers/net/mdio/mdio-mux.o
  CC      drivers/net/phy/aquantia/aquantia_main.o
  CC      drivers/clk/samsung/clk-pll.o
  CC      drivers/net/phy/aquantia/aquantia_firmware.o
  CC      drivers/net/phy/aquantia/aquantia_leds.o
  AR      drivers/mtd/chips/built-in.a
  CC      drivers/clk/imx/clk-imx8qxp-rsrc.o
  CC      drivers/mtd/nand/core.o
  CC      drivers/clk/imx/clk-imx8qm-rsrc.o
  CC      drivers/watchdog/sp805_wdt.o
  CC      drivers/usb/core/devio.o
  CC      drivers/watchdog/sbsa_gwdt.o
  CC      drivers/clk/qcom/clk-regmap-mux-div.o
  CC      drivers/clk/mediatek/clk-mt7988-infracfg.o
  AR      drivers/base/firmware_loader/built-in.a
  CC      drivers/base/hypervisor.o
  CC      drivers/rtc/rtc-pl031.o
  CC      drivers/rtc/rtc-rtd119x.o
  CC      drivers/base/regmap/regmap.o
  AR      drivers/net/ethernet/asix/built-in.a
  CC      drivers/thermal/thermal_of.o
  AR      drivers/net/ethernet/atheros/built-in.a
  CC      drivers/base/regmap/regcache.o
  CC      drivers/net/phy/aquantia/aquantia_hwmon.o
  CC      drivers/clk/mediatek/clk-mt7988-eth.o
  CC      drivers/base/regmap/regcache-rbtree.o
  CC      drivers/base/regmap/regcache-flat.o
  CC      drivers/net/ethernet/apm/xgene/xgene_enet_xgmac.o
  CC      kernel/time/vsyscall.o
  CC      drivers/clk/meson/s4-pll.o
  CC      kernel/cgroup/legacy_freezer.o
  CC      drivers/net/ethernet/amd/xgbe/xgbe-mdio.o
  AR      drivers/power/reset/built-in.a
  CC      kernel/stop_machine.o
  CC      kernel/audit.o
  CC      drivers/clk/imx/clk-imx8dxl-rsrc.o
  CC      drivers/clk/imx/clk-lpcg-scu.o
  CC      arch/arm64/kvm/vgic/vgic-mmio-v2.o
  CC      kernel/time/timekeeping_debug.o
  CC      mm/ksm.o
  CC      drivers/clk/rockchip/clk-inverter.o
  CC      drivers/edac/edac_device.o
  CC      drivers/edac/edac_mc_sysfs.o
  CC      drivers/clk/renesas/r8a77990-cpg-mssr.o
  CC      drivers/ptp/ptp_vclock.o
  CC      drivers/ptp/ptp_dte.o
  CC      drivers/watchdog/s3c2410_wdt.o
  CC      drivers/pci/controller/dwc/pci-layerscape.o
  AR      drivers/mtd/tests/built-in.a
  CC      drivers/thermal/gov_step_wise.o
  CC      drivers/clk/socfpga/clk-pll-s10.o
  CC      drivers/i2c/i2c-smbus.o
  CC      drivers/input/misc/pm8941-pwrkey.o
  CC      kernel/time/namespace.o
  CC      mm/memtest.o
  CC      drivers/clk/qcom/clk-regmap-phy-mux.o
  CC      drivers/clk/qcom/clk-hfpll.o
  AR      kernel/futex/built-in.a
  CC      kernel/auditfilter.o
  AR      drivers/power/supply/built-in.a
  CC      mm/migrate.o
  CC      drivers/clk/qcom/reset.o
  AR      drivers/power/built-in.a
  CC      drivers/clk/qcom/gdsc.o
  CC      drivers/net/ethernet/apm/xgene/xgene_enet_main.o
  CC      mm/memory-tiers.o
  CC      drivers/clk/qcom/gcc-eliza.o
  CC      drivers/usb/dwc3/dwc3-apple.o
  CC      drivers/usb/dwc3/dwc3-exynos.o
  CC      drivers/mtd/nand/bbt.o
  CC      drivers/clk/samsung/clk-cpu.o
  CC      drivers/usb/dwc3/dwc3-pci.o
  CC      drivers/clk/samsung/clk-artpec8.o
  CC      drivers/thermal/gov_power_allocator.o
  CC      drivers/thermal/cpufreq_cooling.o
  CC      drivers/scsi/scsi_common.o
  CC      drivers/clk/rockchip/clk-mmc-phase.o
  CC      kernel/time/namespace_vdso.o
  CC      drivers/base/regmap/regcache-maple.o
  CC      drivers/base/regmap/regmap-debugfs.o
  CC      drivers/clk/imx/clk-imx8qxp-lpcg.o
  CC      drivers/base/regmap/regmap-i2c.o
  CC      drivers/base/regmap/regmap-spi.o
  CC      drivers/base/regmap/regmap-spmi.o
  CC      drivers/rtc/rtc-s3c.o
  CC      drivers/clk/meson/s4-peripherals.o
  CC      drivers/clk/renesas/r8a77995-cpg-mssr.o
  CC      drivers/clk/renesas/r8a779a0-cpg-mssr.o
  CC      kernel/auditsc.o
  CC      drivers/tty/serial/serial-tegra.o
  CC      drivers/tty/serial/tegra-tcu.o
  CC      kernel/cgroup/pids.o
  CC      kernel/cgroup/cpuset.o
  CC      drivers/clk/imx/clk-imx8-acm.o
  CC      drivers/clk/socfpga/clk-periph-s10.o
  CC      drivers/clk/socfpga/clk-gate-s10.o
  CC      drivers/clk/socfpga/clk-agilex5.o
  CC      drivers/clk/socfpga/clk-agilex.o
  CC      drivers/base/soc.o
  CC      drivers/usb/mtu3/mtu3_dr.o
  CC      drivers/clk/samsung/clk-artpec9.o
  CC      drivers/usb/dwc3/dwc3-haps.o
  CC      drivers/usb/dwc3/dwc3-keystone.o
  CC      drivers/usb/dwc3/dwc3-meson-g12a.o
  CC      drivers/base/regmap/regmap-mmio.o
  CC      drivers/base/regmap/regmap-irq.o
  CC      drivers/clk/qcom/gcc-glymur.o
  CC      drivers/net/mdio/mdio-mux-bcm-iproc.o
  CC      drivers/net/mdio/mdio-mux-mmioreg.o
  CC      lib/errname.o
  CC      lib/nlattr.o
  CC      drivers/net/mdio/mdio-mux-multiplexer.o
  CC      lib/checksum.o
  CC      drivers/net/ethernet/apm/xgene/xgene_enet_ring2.o
  CC      drivers/watchdog/dw_wdt.o
  CC      drivers/i2c/i2c-dev.o
  CC      drivers/i2c/i2c-mux.o
  CC      drivers/i2c/algos/i2c-algo-bit.o
  CC      drivers/edac/edac_module.o
  CC      drivers/ptp/ptp_kvm_arm.o
  CC      drivers/i2c/busses/i2c-bcm-iproc.o
  CC      drivers/ptp/ptp_kvm_common.o
  CC      drivers/clk/mediatek/clk-mt7988-xfipll.o
  CC      lib/cpu_rmap.o
  CC      drivers/clk/mediatek/clk-mt8167-apmixedsys.o
  CC      drivers/clk/mediatek/clk-mt8167.o
  CC      drivers/clk/mediatek/clk-mt8167-aud.o
  CC      drivers/input/misc/xen-kbdfront.o
  CC      drivers/tty/serial/xilinx_uartps.o
  CC      drivers/clk/rockchip/clk-muxgrf.o
  AR      drivers/pci/controller/plda/built-in.a
  CC      arch/arm64/kvm/vgic/vgic-mmio-v3.o
  CC      drivers/pci/controller/mobiveil/pcie-mobiveil.o
  CC      arch/arm64/kvm/vgic/vgic-kvm-device.o
  AR      drivers/net/phy/aquantia/built-in.a
  CC      drivers/net/phy/dp83867.o
  CC      drivers/net/phy/dp83td510.o
  CC      drivers/net/phy/fixed_phy.o
  CC      drivers/mtd/nand/ecc.o
  CC      drivers/net/phy/marvell10g.o
  CC      drivers/clk/mediatek/clk-mt8167-img.o
  CC      drivers/thermal/devfreq_cooling.o
  CC      drivers/i2c/muxes/i2c-mux-pca954x.o
  CC      drivers/watchdog/npcm_wdt.o
  CC      drivers/scsi/scsi_transport_sas.o
  CC      drivers/scsi/sd.o
  CC      drivers/scsi/megaraid/megaraid_sas_base.o
  CC      drivers/scsi/libsas/sas_init.o
  CC      drivers/pci/controller/dwc/pcie-qcom-common.o
  CC      drivers/clk/renesas/r8a779f0-cpg-mssr.o
  CC      drivers/scsi/libsas/sas_phy.o
  CC      drivers/scsi/libsas/sas_port.o
  CC      drivers/scsi/libsas/sas_event.o
  CC      drivers/scsi/libsas/sas_discover.o
  CC      drivers/scsi/libsas/sas_expander.o
  CC      drivers/scsi/libsas/sas_scsi_host.o
  CC      drivers/scsi/libsas/sas_task.o
  CC      kernel/audit_watch.o
  CC      drivers/usb/mtu3/mtu3_debugfs.o
  CC      mm/huge_memory.o
  CC      mm/khugepaged.o
  CC      mm/page_counter.o
  CC      mm/memcontrol.o
  CC      mm/vmpressure.o
  CC      drivers/net/ethernet/amd/xgbe/xgbe-hwtstamp.o
  CC      drivers/rtc/rtc-s5m.o
  CC      drivers/clk/qcom/gcc-kaanapali.o
  CC      drivers/clk/samsung/clk-exynos5433.o
  CC      drivers/clk/samsung/clk-exynos-audss.o
  CC      drivers/clk/samsung/clk-exynos-clkout.o
  CC      drivers/scsi/megaraid/megaraid_sas_fusion.o
  CC      drivers/scsi/megaraid/megaraid_sas_fp.o
  CC      drivers/scsi/megaraid/megaraid_sas_debugfs.o
  CC      drivers/clk/sophgo/clk-cv1800.o
  CC      drivers/base/pinctrl.o
  CC      drivers/base/devcoredump.o
  CC      drivers/base/platform-msi.o
  AR      kernel/time/built-in.a
  CC      drivers/base/arch_topology.o
  CC      drivers/base/arch_numa.o
  CC      drivers/base/physical_location.o
  AR      drivers/clk/socfpga/built-in.a
  CC      kernel/audit_fsnotify.o
  AR      drivers/base/test/built-in.a
  CC      drivers/clk/qcom/gcc-x1e80100.o
  CC      kernel/audit_tree.o
  CC      drivers/i2c/busses/i2c-designware-common.o
  CC      drivers/clk/rockchip/clk-ddr.o
  CC      drivers/clk/imx/clk-imx8ulp.o
  CC      drivers/clk/meson/t7-pll.o
  CC      kernel/seccomp.o
  CC      drivers/clk/meson/t7-peripherals.o
  CC      arch/arm64/kvm/vgic/vgic-its.o
  CC      arch/arm64/kvm/vgic/vgic-debug.o
  CC      kernel/utsname_sysctl.o
  CC      drivers/clk/renesas/r8a779g0-cpg-mssr.o
  CC      drivers/clk/sophgo/clk-cv18xx-common.o
  CC      drivers/mtd/nand/ecc-sw-hamming.o
  CC      drivers/edac/edac_device_sysfs.o
  AR      drivers/base/regmap/built-in.a
  CC      drivers/ptp/ptp_vmclock.o
  CC      drivers/ptp/ptp_qoriq.o
  CC      lib/dynamic_queue_limits.o
  CC      drivers/net/ethernet/amd/xgbe/xgbe-ptp.o
  AR      drivers/input/misc/built-in.a
  CC      drivers/pci/controller/mobiveil/pcie-mobiveil-host.o
  CC      drivers/pci/controller/mobiveil/pcie-layerscape-gen4.o
  CC      mm/bpf_memcontrol.o
  AR      drivers/input/built-in.a
  CC      mm/hugetlb_cgroup.o
  CC      mm/memory-failure.o
  CC      drivers/watchdog/imx2_wdt.o
  CC      drivers/thermal/broadcom/ns-thermal.o
  CC      drivers/watchdog/bcm2835_wdt.o
  AR      drivers/i2c/algos/built-in.a
  CC      mm/page_isolation.o
  CC      drivers/scsi/libsas/sas_ata.o
  CC      drivers/tty/serial/serial_mctrl_gpio.o
  CC      drivers/clk/imx/clk-imx8ulp-sim-lpav.o
  CC      drivers/net/ethernet/apm/xgene/xgene_enet_ethtool.o
  CC      drivers/usb/host/pci-quirks.o
  CC      drivers/usb/host/ehci-hcd.o
  CC      kernel/taskstats.o
  CC      kernel/tsacct.o
  AR      drivers/i2c/muxes/built-in.a
  CC      drivers/scsi/libsas/sas_host_smp.o
  CC      drivers/usb/dwc3/dwc3-of-simple.o
  CC      drivers/pci/controller/dwc/pcie-qcom.o
  CC      drivers/thermal/broadcom/sr-thermal.o
  CC      drivers/clk/rockchip/gate-link.o
  CC      drivers/usb/core/notify.o
  CC      drivers/clk/samsung/clk-exynos-arm64.o
  CC      drivers/usb/core/generic.o
  CC      drivers/clk/samsung/clk-exynos2200.o
  CC      drivers/clk/samsung/clk-exynos7.o
  CC      drivers/usb/host/ehci-pci.o
  CC      drivers/usb/host/ehci-platform.o
  CC      drivers/pci/controller/dwc/pcie-armada8k.o
  CC      drivers/clk/qcom/tcsrcc-x1e80100.o
  CC      drivers/clk/sophgo/clk-cv18xx-ip.o
  CC      drivers/pci/controller/dwc/pcie-dw-rockchip.o
  CC      drivers/clk/sophgo/clk-cv18xx-pll.o
  CC      drivers/clk/mediatek/clk-mt8167-mfgcfg.o
  CC      drivers/mtd/nand/qpic_common.o
  CC      drivers/usb/storage/scsiglue.o
  CC      drivers/clk/renesas/r8a779h0-cpg-mssr.o
  CC      drivers/clk/renesas/r9a07g043-cpg.o
  CC      lib/glob.o
  CC      drivers/rtc/rtc-sun6i.o
  CC      lib/dim/dim.o
  AR      drivers/usb/mtu3/built-in.a
  CC      lib/dim/net_dim.o
  CC      lib/dim/rdma_dim.o
  CC      drivers/net/ethernet/apm/xgene/xgene_enet_cle.o
  CC      arch/arm64/kvm/vgic/vgic-v3-nested.o
  AR      drivers/clk/spacemit/built-in.a
  CC      arch/arm64/kvm/vgic/vgic-v5.o
  CC      drivers/edac/wq.o
  CC      lib/strncpy_from_user.o
  CC      drivers/net/phy/marvell-88q2xxx.o
  CC      lib/strnlen_user.o
  AR      fs/nfs/built-in.a
  AR      drivers/net/phy/mediatek/built-in.a
  CC      drivers/watchdog/mtk_wdt.o
  AR      fs/built-in.a
  CC      drivers/usb/host/ehci-npcm7xx.o
  CC      drivers/usb/host/ehci-orion.o
  CC      kernel/trace/trace_clock.o
  CC      drivers/i2c/busses/i2c-designware-master.o
  CC      drivers/i2c/busses/i2c-designware-slave.o
  CC      drivers/clk/mediatek/clk-mt8167-mm.o
  CC      drivers/clk/mediatek/clk-mt8167-vdec.o
  CC      drivers/usb/misc/usb3503.o
  AR      drivers/pci/controller/mobiveil/built-in.a
  AR      drivers/tty/serial/built-in.a
  CC      drivers/clk/mediatek/clk-mt8173-apmixedsys.o
  AR      drivers/tty/built-in.a
  AR      drivers/usb/dwc2/built-in.a
  AR      drivers/thermal/broadcom/built-in.a
  CC      drivers/net/ethernet/amd/xgbe/xgbe-pps.o
  CC      drivers/thermal/sun8i_thermal.o
  CC      drivers/opp/core.o
  CC      drivers/clk/qcom/apss-ipq-pll.o
  CC      drivers/opp/cpu.o
  CC      mm/early_ioremap.o
  CC      drivers/clk/renesas/r9a07g044-cpg.o
  CC      drivers/clk/renesas/r9a08g045-cpg.o
  AR      drivers/base/built-in.a
  CC      drivers/clk/renesas/r9a08g046-cpg.o
  CC      drivers/clk/renesas/r9a09g011-cpg.o
  CC      drivers/clk/renesas/r9a09g047-cpg.o
  CC      drivers/clk/samsung/clk-exynos7870.o
  CC      drivers/clk/renesas/r9a09g056-cpg.o
  CC      drivers/clk/rockchip/softrst.o
  CC      drivers/clk/samsung/clk-exynos7885.o
  CC      mm/numa.o
  CC      mm/cma.o
  CC      mm/numa_memblks.o
  CC      drivers/thermal/renesas/rcar_gen3_thermal.o
  AR      drivers/clk/sophgo/built-in.a
  CC      drivers/thermal/renesas/rcar_thermal.o
  CC      drivers/thermal/renesas/rzg2l_thermal.o
  CC      drivers/usb/dwc3/dwc3-qcom.o
  CC      kernel/irq_work.o
  CC      drivers/clk/sprd/common.o
  CC      drivers/mtd/spi-nor/core.o
  AR      drivers/clk/meson/built-in.a
  CC      drivers/mtd/spi-nor/sfdp.o
  CC      kernel/cpu_pm.o
  CC      drivers/mtd/spi-nor/swp.o
  CC      drivers/mtd/spi-nor/otp.o
  AR      drivers/ptp/built-in.a
  CC      drivers/mtd/spi-nor/sysfs.o
  CC      lib/net_utils.o
  CC      drivers/usb/core/quirks.o
  CC      drivers/clk/samsung/clk-exynos850.o
  AR      drivers/mtd/nand/onenand/built-in.a
  CC      drivers/clk/samsung/clk-exynos8895.o
  CC      drivers/clk/samsung/clk-exynos990.o
  CC      drivers/clk/samsung/clk-exynosautov9.o
  AR      drivers/net/mdio/built-in.a
  CC      drivers/usb/storage/protocol.o
  CC      kernel/bpf/core.o
  CC      kernel/bpf/syscall.o
  CC      drivers/mtd/nand/raw/nand_base.o
  CC      kernel/bpf/verifier.o
  CC      kernel/bpf/inode.o
  CC      drivers/edac/edac_pci.o
  CC      drivers/edac/edac_pci_sysfs.o
  CC      drivers/watchdog/renesas_wdt.o
  CC      drivers/rtc/rtc-tegra.o
  AR      drivers/clk/imx/built-in.a
  CC      drivers/watchdog/rzg2l_wdt.o
  CC      arch/arm64/kvm/pmu-emul.o
  CC      arch/arm64/kvm/pmu.o
  CC      lib/sg_split.o
  CC      drivers/clk/mediatek/clk-mt8173-infracfg.o
  CC      lib/sg_pool.o
  CC      lib/memregion.o
  CC      lib/stmp_device.o
  CC      drivers/clk/rockchip/clk-px30.o
  CC      drivers/pci/controller/dwc/pcie-kirin.o
  CC      drivers/usb/host/ehci-exynos.o
  CC      drivers/net/ethernet/cadence/macb_main.o
  CC      drivers/pci/controller/dwc/pcie-histb.o
  CC      drivers/clk/renesas/r9a09g057-cpg.o
  CC      drivers/clk/renesas/r9a09g077-cpg.o
  CC      drivers/clk/renesas/rcar-cpg-lib.o
  CC      mm/balloon.o
  CC      arch/arm64/kvm/pauth.o
  CC      drivers/net/ethernet/cadence/macb_ptp.o
  CC      drivers/mtd/nand/raw/nand_legacy.o
  CC      drivers/clk/qcom/apss-ipq5424.o
  CC      kernel/events/core.o
  CC      drivers/clk/qcom/apss-ipq6018.o
  CC      lib/irq_poll.o
  CC      drivers/clk/samsung/clk-exynosautov920.o
  CC      drivers/clk/samsung/clk-gs101.o
  CC      drivers/clk/samsung/clk-fsd.o
  AR      kernel/trace/built-in.a
  CC      drivers/pci/controller/dwc/pcie-visconti.o
  CC      drivers/clk/qcom/gcc-ipq5018.o
  CC      drivers/clk/sprd/gate.o
  CC      drivers/edac/ghes_edac.o
  CC      kernel/events/ring_buffer.o
  CC      lib/stackdepot.o
  CC      drivers/watchdog/rzv2h_wdt.o
  CC      drivers/thermal/renesas/rzg3e_thermal.o
  CC      drivers/watchdog/stm32_iwdg.o
  CC      drivers/watchdog/uniphier_wdt.o
  CC      drivers/watchdog/rtd119x_wdt.o
  CC      kernel/padata.o
  CC      drivers/i2c/busses/i2c-designware-platdrv.o
  CC      drivers/usb/core/devices.o
  CC      kernel/events/callchain.o
  CC      drivers/clk/stm32/clk-stm32mp21.o
  CC      mm/secretmem.o
  CC      kernel/events/hw_breakpoint.o
  CC      drivers/pci/controller/dwc/pcie-hisi.o
  CC      kernel/bpf/helpers.o
  CC      kernel/bpf/tnum.o
  CC      drivers/net/ethernet/amd/xgbe/xgbe-i2c.o
  CC      drivers/usb/misc/brcmstb-usb-pinmap.o
  CC      kernel/bpf/log.o
  CC      drivers/net/phy/micrel.o
  CC      drivers/clk/sprd/mux.o
  CC      mm/memfd.o
  CC      drivers/usb/dwc3/dwc3-qcom-legacy.o
  CC      drivers/usb/dwc3/dwc3-imx8mp.o
  AR      drivers/net/ethernet/apm/xgene/built-in.a
  CC      kernel/bpf/token.o
  AR      drivers/net/ethernet/apm/built-in.a
  CC      kernel/bpf/liveness.o
  CC      drivers/clk/stm32/clk-stm32-core.o
  CC      kernel/jump_label.o
  CC      kernel/iomem.o
  CC      kernel/context_tracking.o
  CC      lib/asn1_decoder.o
  CC      lib/fonts/fonts.o
  CC      drivers/usb/storage/transport.o
  CC      drivers/usb/storage/usb.o
  CC      drivers/usb/storage/initializers.o
  CC      drivers/clk/rockchip/clk-rv1126b.o
  CC      drivers/usb/storage/sierra_ms.o
  CC      kernel/bpf/const_fold.o
  CC      drivers/clk/sprd/div.o
  CC      kernel/bpf/bpf_iter.o
  CC      kernel/bpf/map_iter.o
  CC      drivers/rtc/rtc-xgene.o
  CC      kernel/bpf/task_iter.o
  CC      kernel/bpf/prog_iter.o
  CC      kernel/bpf/link_iter.o
  CC      drivers/clk/qcom/gcc-ipq5210.o
  CC      drivers/watchdog/arm_smc_wdt.o
  CC      mm/page_reporting.o
  CC      mm/ioremap.o
  CC      mm/execmem.o
  CC      drivers/mtd/nand/raw/nand_bbt.o
  AR      drivers/mtd/nand/spi/built-in.a
  CC      drivers/usb/host/ohci-hcd.o
  GEN     lib/oid_registry_data.c
  AR      lib/dim/built-in.a
  CC      lib/fonts/font_8x8.o
  CC      drivers/clk/sprd/composite.o
  CC      drivers/clk/sprd/pll.o
  CC      drivers/clk/mediatek/clk-mt8173-pericfg.o
  CC      drivers/opp/of.o
  CC      lib/fonts/font_8x16.o
  CC      drivers/clk/qcom/gcc-ipq5332.o
  CC      drivers/clk/qcom/gcc-ipq5424.o
  CC      kernel/rseq.o
  AR      drivers/thermal/renesas/built-in.a
  CC      lib/ucs2_string.o
  CC      drivers/clk/mediatek/clk-mt8173-topckgen.o
  CC      drivers/mtd/spi-nor/atmel.o
  CC      drivers/thermal/samsung/exynos_tmu.o
  CC      drivers/clk/mediatek/clk-mt8173-img.o
  CC      drivers/mtd/spi-nor/eon.o
  CC      drivers/usb/host/ohci-pci.o
  AR      drivers/clk/samsung/built-in.a
  GZIP    kernel/config_data.gz
  CC      lib/sbitmap.o
  CC      kernel/configs.o
  AR      drivers/clk/starfive/built-in.a
  CC      drivers/usb/storage/option_ms.o
  CC      drivers/scsi/sd_dif.o
  CC      drivers/i2c/busses/i2c-exynos5.o
  CC      kernel/bpf/hashtab.o
  CC      drivers/net/phy/mscc/mscc_main.o
  CC      drivers/clk/renesas/rcar-gen3-cpg.o
  CC      drivers/clk/renesas/rcar-gen4-cpg.o
  AR      drivers/usb/misc/built-in.a
  CC      drivers/clk/qcom/gcc-ipq6018.o
  CC      drivers/mtd/nand/raw/nand_timings.o
  CC      drivers/usb/musb/musb_core.o
  AR      drivers/edac/built-in.a
  CC      drivers/usb/core/phy.o
  CC      drivers/i2c/busses/i2c-imx.o
  CC      drivers/usb/chipidea/core.o
  CC      drivers/usb/dwc3/dwc3-imx.o
  CC      drivers/clk/stm32/reset-stm32.o
  CC      drivers/clk/stm32/clk-stm32mp25.o
  CC      drivers/pci/controller/dwc/pcie-al.o
  CC      drivers/pci/controller/dwc/pcie-tegra194-acpi.o
  CC      drivers/watchdog/marvell_gti_wdt.o
  CC      drivers/clk/renesas/rcar-usb2-clock-sel.o
  CC      drivers/clk/renesas/rzg2l-cpg.o
  CC      drivers/clk/mediatek/clk-mt8173-mm.o
  CC      drivers/usb/core/port.o
  AR      drivers/scsi/libsas/built-in.a
  CC      drivers/usb/core/trace.o
  CC      drivers/clk/qcom/gcc-ipq8074.o
  AR      drivers/rtc/built-in.a
  CC      drivers/clk/qcom/gcc-ipq9574.o
  CC      lib/group_cpus.o
  CC      drivers/scsi/hisi_sas/hisi_sas_main.o
  CC      drivers/clk/sprd/sc9860-clk.o
  CC      drivers/scsi/hisi_sas/hisi_sas_v1_hw.o
  CC      drivers/usb/storage/usual-tables.o
  CC      drivers/clk/rockchip/rst-rv1126b.o
  CC      drivers/scsi/hisi_sas/hisi_sas_v2_hw.o
  CC      drivers/scsi/hisi_sas/hisi_sas_v3_hw.o
  CC      kernel/bpf/arraymap.o
  CC      drivers/net/ethernet/amd/xgbe/xgbe-phy-v1.o
  CC      drivers/net/ethernet/broadcom/bcm4908_enet.o
  CC      drivers/net/ethernet/broadcom/bgmac.o
  CC      drivers/mtd/spi-nor/esmt.o
  CC      drivers/mtd/spi-nor/everspin.o
  CC      drivers/net/phy/mscc/mscc_serdes.o
  AR      lib/fonts/built-in.a
  CC      drivers/usb/musb/musb_trace.o
  CC      lib/devmem_is_allowed.o
  CC      drivers/mtd/nand/raw/nand_ids.o
  AR      arch/arm64/kvm/built-in.a
  CC      drivers/mtd/nand/raw/nand_onfi.o
  AR      arch/arm64/built-in.a
  CC      drivers/clk/renesas/rzv2h-cpg.o
  CC      kernel/bpf/percpu_freelist.o
  CC      kernel/bpf/bpf_lru_list.o
  CC      drivers/mtd/nand/raw/nand_jedec.o
  CC      drivers/opp/debugfs.o
  CC      drivers/opp/ti-opp-supply.o
  CC      drivers/mtd/nand/raw/nand_amd.o
  CC      drivers/net/ethernet/broadcom/bgmac-platform.o
  CC      drivers/clk/mediatek/clk-mt8173-vdecsys.o
  CC      drivers/clk/mediatek/clk-mt8173-vencsys.o
  CC      drivers/net/ethernet/amd/xgbe/xgbe-phy-v2.o
  CC      drivers/net/ethernet/amd/xgbe/xgbe-platform.o
  AR      drivers/watchdog/built-in.a
  CC      drivers/net/ethernet/amd/xgbe/xgbe-selftest.o
  CC      drivers/net/ethernet/amd/xgbe/xgbe-pci.o
  CC      drivers/net/ethernet/amd/xgbe/xgbe-debugfs.o
  CC      drivers/clk/renesas/renesas-cpg-mssr.o
  CC      drivers/clk/renesas/clk-div6.o
  CC      drivers/clk/mediatek/clk-mt8183-apmixedsys.o
  CC      drivers/net/phy/qcom/qcom-phy-lib.o
  CC      drivers/net/phy/realtek/realtek_main.o
  AR      drivers/net/ethernet/brocade/built-in.a
  CC      drivers/net/phy/rockchip.o
  CC      drivers/i2c/busses/i2c-imx-lpi2c.o
  CC      drivers/i2c/busses/i2c-meson.o
  CC      drivers/clk/mediatek/clk-mt8183.o
  CC      drivers/clk/mediatek/clk-mt8183-audio.o
  CC      drivers/clk/qcom/gcc-msm8916.o
  CC      kernel/bpf/lpm_trie.o
  AR      drivers/clk/stm32/built-in.a
  CC      drivers/clk/sprd/sc9863a-clk.o
  CC      drivers/clk/sprd/ums512-clk.o
  CC      lib/fw_table.o
  AR      drivers/usb/storage/built-in.a
  CC      drivers/clk/qcom/gcc-msm8953.o
  CC      drivers/usb/dwc3/dwc3-xilinx.o
  CC      drivers/clk/qcom/gcc-msm8994.o
  CC      drivers/clk/rockchip/clk-rk3308.o
  CC      drivers/usb/roles/class.o
  AR      drivers/pci/controller/dwc/built-in.a
  CC      drivers/usb/gadget/udc/core.o
  AR      drivers/usb/gadget/function/built-in.a
  AR      drivers/pci/controller/built-in.a
  AR      drivers/thermal/samsung/built-in.a
  CC      drivers/usb/dwc3/dwc3-rtk.o
  CC      drivers/thermal/armada_thermal.o
  AR      drivers/pci/built-in.a
  AR      drivers/thermal/intel/built-in.a
  CC      drivers/net/phy/qcom/at803x.o
  CC      kernel/bpf/map_in_map.o
  CC      drivers/cpufreq/cpufreq.o
  CC      kernel/bpf/bloom_filter.o
  CC      drivers/usb/musb/musb_virthub.o
  CC      drivers/cpufreq/freq_table.o
  CC      drivers/cpufreq/cpufreq_stats.o
  CC      drivers/usb/core/of.o
  CC      drivers/cpuidle/cpuidle.o
  CC      drivers/mtd/nand/raw/nand_esmt.o
  CC      drivers/mtd/nand/raw/nand_hynix.o
  AR      drivers/thermal/st/built-in.a
  CC      drivers/thermal/qcom/tsens.o
  CC      drivers/usb/core/offload.o
  CC      kernel/bpf/local_storage.o
  CC      drivers/usb/musb/musb_host.o
  CC      kernel/bpf/queue_stack_maps.o
  CC      drivers/scsi/scsi_sysfs.o
  CC      kernel/bpf/ringbuf.o
  CC      drivers/mtd/spi-nor/gigadevice.o
  AR      drivers/thermal/tegra/built-in.a
  CC      drivers/thermal/hisi_thermal.o
  CC      drivers/usb/dwc3/dwc3-generic-plat.o
  CC      drivers/cpufreq/cpufreq_performance.o
  CC      drivers/usb/host/ohci-platform.o
  CC      drivers/usb/host/ohci-exynos.o
  CC      drivers/usb/host/xhci.o
  AR      kernel/cgroup/built-in.a
  CC      drivers/usb/host/xhci-mem.o
  CC      drivers/usb/host/xhci-ext-caps.o
  CC      drivers/clk/mediatek/clk-mt8183-cam.o
  CC      drivers/usb/chipidea/otg.o
  AR      lib/lib.a
  CC      drivers/usb/chipidea/debug.o
  CC      drivers/usb/chipidea/ulpi.o
  CC      drivers/usb/chipidea/udc.o
  CC      kernel/bpf/bpf_insn_array.o
  CC      drivers/cpufreq/cpufreq_userspace.o
  CC      drivers/thermal/qcom/tsens-v2.o
  AR      drivers/opp/built-in.a
  CC      drivers/thermal/qcom/tsens-v1.o
  CC      kernel/bpf/bpf_local_storage.o
  CC      drivers/clk/rockchip/clk-rk3328.o
  CC      drivers/net/phy/vitesse.o
  CC      kernel/bpf/bpf_task_storage.o
  CC      kernel/bpf/fixups.o
  CC      kernel/bpf/cfg.o
  CC      kernel/bpf/states.o
  CC      kernel/bpf/backtrack.o
  CC      drivers/clk/qcom/gcc-msm8996.o
  AR      drivers/usb/roles/built-in.a
  AR      drivers/clk/sprd/built-in.a
  CC      drivers/clk/qcom/gcc-msm8998.o
  AR      drivers/usb/gadget/legacy/built-in.a
  AR      drivers/net/phy/mscc/built-in.a
  CC      drivers/mmc/core/core.o
  CC      drivers/mmc/host/mmci.o
  CC      drivers/clk/mediatek/clk-mt8183-img.o
  CC      drivers/mmc/host/mmci_qcom_dml.o
  CC      drivers/mmc/host/mmci_stm32_sdmmc.o
  CC      kernel/bpf/check_btf.o
  CC      kernel/bpf/disasm.o
  AR      drivers/net/ethernet/chelsio/built-in.a
  AR      drivers/net/ethernet/cavium/common/built-in.a
  CC      drivers/clk/rockchip/clk-rk3368.o
  CC      drivers/clk/rockchip/clk-rk3399.o
  CC      drivers/net/ethernet/cavium/thunder/thunder_xcv.o
  AR      drivers/clk/renesas/built-in.a
  AR      drivers/net/ethernet/cavium/liquidio/built-in.a
  CC      drivers/clk/mediatek/clk-mt8183-ipu0.o
  CC      drivers/mmc/core/bus.o
  CC      drivers/cpuidle/driver.o
  AR      drivers/thermal/mediatek/built-in.a
  CC      drivers/mmc/core/host.o
  CC      drivers/cpufreq/cpufreq_ondemand.o
  CC      drivers/thermal/uniphier_thermal.o
  CC      drivers/thermal/amlogic_thermal.o
  CC      kernel/bpf/mprog.o
  AR      drivers/net/ethernet/cavium/octeon/built-in.a
  CC      drivers/cpufreq/cpufreq_governor.o
  CC      drivers/cpufreq/cpufreq_governor_attr_set.o
  CC      drivers/cpufreq/cpufreq-dt.o
  CC      drivers/usb/core/hcd-pci.o
  CC      drivers/cpufreq/cpufreq-dt-platdev.o
  CC      drivers/mtd/spi-nor/intel.o
  CC      drivers/cpufreq/airoha-cpufreq.o
  CC      drivers/mtd/nand/raw/nand_macronix.o
  CC      drivers/cpufreq/armada-37xx-cpufreq.o
  CC      drivers/clk/rockchip/clk-rk3528.o
  AR      drivers/scsi/megaraid/built-in.a
  CC      drivers/usb/host/xhci-ring.o
  CC      drivers/usb/host/xhci-hub.o
  CC      drivers/thermal/qcom/tsens-v0_1.o
  CC      drivers/clk/mediatek/clk-mt8183-ipu1.o
  CC      kernel/bpf/trampoline.o
  CC      drivers/clk/mediatek/clk-mt8183-ipu_adl.o
  CC      drivers/net/ethernet/broadcom/asp2/bcmasp.o
  CC      drivers/usb/gadget/udc/trace.o
  CC      drivers/usb/gadget/udc/snps_udc_core.o
  CC      drivers/mtd/spi-nor/issi.o
  CC      drivers/mtd/spi-nor/macronix.o
  CC      drivers/usb/musb/musb_gadget_ep0.o
  CC      drivers/clk/mediatek/clk-mt8183-ipu_conn.o
  AR      drivers/net/ethernet/cadence/built-in.a
  CC      drivers/clk/mediatek/clk-mt8183-mfgcfg.o
  CC      drivers/clk/mediatek/clk-mt8183-mm.o
  CC      drivers/i2c/busses/i2c-mt65xx.o
  CC      drivers/clk/mediatek/clk-mt8183-vdec.o
  CC      drivers/clk/mediatek/clk-mt8183-venc.o
  CC      drivers/usb/host/xhci-dbg.o
  CC      drivers/usb/musb/musb_gadget.o
  CC      drivers/mmc/core/mmc.o
  CC      drivers/net/ethernet/cavium/thunder/thunder_bgx.o
  CC      drivers/usb/musb/musb_debugfs.o
  CC      drivers/usb/musb/sunxi.o
  CC      drivers/mtd/spi-nor/micron-st.o
  CC      drivers/clk/mediatek/clk-mt8186-apmixedsys.o
  AR      drivers/net/phy/qcom/built-in.a
  CC      drivers/clk/qcom/a53-pll.o
  AR      drivers/usb/dwc3/built-in.a
  CC      kernel/bpf/btf.o
  CC      kernel/bpf/memalloc.o
  CC      kernel/bpf/rqspinlock.o
  CC      kernel/bpf/stream.o
  CC      kernel/bpf/arena.o
  CC      kernel/bpf/range_tree.o
  AR      drivers/net/phy/realtek/built-in.a
  CC      drivers/usb/core/usb-acpi.o
  CC      drivers/usb/host/xhci-trace.o
  CC      drivers/usb/host/xhci-debugfs.o
  CC      drivers/clk/mediatek/clk-mt8186-topckgen.o
  CC      drivers/usb/host/xhci-sideband.o
  CC      drivers/mtd/nand/raw/nand_micron.o
  CC      drivers/mmc/host/sdhci.o
  AR      drivers/net/ethernet/cisco/built-in.a
  CC      drivers/mtd/nand/raw/nand_sandisk.o
  CC      drivers/cpuidle/governor.o
  CC      drivers/ufs/host/ufs-exynos.o
  CC      drivers/ufs/core/ufshcd.o
  CC      drivers/mtd/nand/raw/nand_samsung.o
  CC      drivers/clk/rockchip/rst-rk3528.o
  CC      kernel/bpf/dispatcher.o
  CC      kernel/bpf/devmap.o
  CC      kernel/bpf/cpumap.o
  CC      kernel/bpf/offload.o
  CC      drivers/i2c/busses/i2c-mv64xxx.o
  CC      kernel/bpf/net_namespace.o
  CC      kernel/bpf/tcx.o
  CC      kernel/bpf/stackmap.o
  AR      drivers/net/ethernet/amd/xgbe/built-in.a
  CC      kernel/bpf/cgroup_iter.o
  AR      drivers/net/phy/built-in.a
  AR      drivers/net/ethernet/amd/built-in.a
  CC      kernel/bpf/cgroup.o
  CC      kernel/bpf/bpf_cgrp_storage.o
  CC      kernel/bpf/reuseport_array.o
  CC      drivers/thermal/qcom/tsens-8960.o
  CC      drivers/cpuidle/sysfs.o
  CC      drivers/clk/mediatek/clk-mt8186-infra_ao.o
  CC      drivers/ufs/core/ufs-sysfs.o
  CC      drivers/net/ethernet/broadcom/asp2/bcmasp_intf.o
  CC      drivers/ufs/core/ufs-mcq.o
  CC      drivers/ufs/core/ufs-txeq.o
  CC      drivers/ufs/core/ufs-debugfs.o
  CC      drivers/ufs/core/ufs_bsg.o
  CC      drivers/usb/host/xhci-pci.o
  CC      drivers/net/ethernet/broadcom/asp2/bcmasp_ethtool.o
  CC      drivers/mtd/spi-nor/spansion.o
  CC      drivers/usb/core/../misc/onboard_usb_dev_pdevs.o
  CC      drivers/mmc/host/sdhci-acpi.o
  CC      drivers/mmc/host/sdhci_f_sdh30.o
  CC      drivers/cpufreq/mediatek-cpufreq.o
  CC      drivers/clk/qcom/apcs-msm8916.o
  CC      drivers/usb/chipidea/trace.o
  CC      drivers/usb/chipidea/host.o
  CC      drivers/mtd/spi-nor/sst.o
  CC      drivers/mtd/spi-nor/winbond.o
  CC      drivers/ufs/core/ufshcd-crypto.o
  CC      drivers/clk/mediatek/clk-mt8186-cam.o
  CC      drivers/mtd/nand/raw/nand_toshiba.o
  CC      drivers/clk/rockchip/clk-rk3562.o
  CC      drivers/firmware/arm_scpi.o
  CC      drivers/clk/rockchip/rst-rk3562.o
  CC      drivers/clk/rockchip/clk-rk3568.o
  CC      drivers/clk/rockchip/clk-rk3576.o
  CC      drivers/clk/mediatek/clk-mt8186-img.o
  CC      drivers/mtd/nand/raw/denali.o
  CC      drivers/mtd/nand/raw/denali_dt.o
  CC      drivers/clk/mediatek/clk-mt8186-imp_iic_wrap.o
  CC      drivers/usb/gadget/udc/rzv2m_usb3drd.o
  CC      drivers/usb/gadget/udc/snps_udc_plat.o
  CC      drivers/clk/rockchip/rst-rk3576.o
  CC      drivers/usb/chipidea/ci_hdrc_usb2.o
  CC      drivers/usb/host/xhci-plat.o
  CC      kernel/bpf/bpf_struct_ops.o
  CC      drivers/mtd/nand/raw/marvell_nand.o
  CC      drivers/mtd/nand/raw/fsl_ifc_nand.o
  AR      drivers/mtd/nand/raw/ingenic/built-in.a
  CC      drivers/clk/qcom/apcs-msm8996.o
  CC      drivers/usb/gadget/udc/bdc/bdc_core.o
  AR      drivers/net/ethernet/cortina/built-in.a
  AR      drivers/net/ethernet/dec/built-in.a
  CC      drivers/usb/gadget/udc/bdc/bdc_cmd.o
  CC      drivers/clk/mediatek/clk-mt8186-ipe.o
  CC      kernel/bpf/cpumask.o
  AR      drivers/usb/musb/built-in.a
  CC      drivers/clk/mediatek/clk-mt8186-mcu.o
  CC      drivers/cpufreq/qcom-cpufreq-hw.o
  CC      drivers/clk/rockchip/clk-rk3588.o
  CC      drivers/clk/rockchip/rst-rk3588.o
  CC      drivers/mmc/core/mmc_ops.o
  AR      drivers/thermal/qcom/built-in.a
  AR      drivers/net/ethernet/dlink/built-in.a
  AR      drivers/thermal/built-in.a
  AR      drivers/net/ethernet/emulex/built-in.a
  AR      drivers/net/ethernet/ezchip/built-in.a
  AR      drivers/net/ethernet/engleder/built-in.a
  CC      kernel/bpf/crypto.o
  CC      drivers/usb/gadget/udc/bdc/bdc_ep.o
  CC      drivers/usb/gadget/udc/bdc/bdc_udc.o
  CC      drivers/mmc/host/sdhci_am654.o
  CC      drivers/usb/host/xhci-rcar.o
  CC      drivers/usb/host/xhci-rzv2m.o
  AR      drivers/clk/sunxi/built-in.a
  CC      kernel/bpf/relo_core.o
  AR      drivers/crypto/allwinner/built-in.a
  CC      drivers/cpuidle/governors/menu.o
  CC      kernel/bpf/btf_iter.o
  AR      drivers/crypto/stm32/built-in.a
  AR      drivers/crypto/inside-secure/eip93/built-in.a
  AR      drivers/crypto/inside-secure/built-in.a
  AR      drivers/crypto/xilinx/built-in.a
  CC      drivers/mtd/nand/raw/qcom_nandc.o
  AR      drivers/crypto/hisilicon/built-in.a
  AR      drivers/scsi/hisi_sas/built-in.a
  CC      drivers/usb/chipidea/ci_hdrc_msm.o
  AR      drivers/crypto/loongson/built-in.a
  CC      drivers/usb/chipidea/ci_hdrc_npcm.o
  AR      drivers/scsi/built-in.a
  AR      drivers/crypto/starfive/built-in.a
  AR      drivers/crypto/intel/keembay/built-in.a
  CC      kernel/bpf/btf_relocate.o
  AR      drivers/crypto/cavium/built-in.a
  AR      drivers/crypto/intel/ixp4xx/built-in.a
  AR      drivers/crypto/intel/built-in.a
  CC      kernel/bpf/kmem_cache_iter.o
  CC      kernel/bpf/dmabuf_iter.o
  CC      drivers/usb/chipidea/ci_hdrc_pci.o
  AR      drivers/crypto/ti/built-in.a
  CC      drivers/usb/chipidea/usbmisc_imx.o
  CC      drivers/net/ethernet/cavium/thunder/nic_main.o
  CC      drivers/i2c/busses/i2c-omap.o
  CC      drivers/i2c/busses/i2c-owl.o
  CC      drivers/i2c/busses/i2c-pxa.o
  CC      drivers/clk/mediatek/clk-mt8186-mdp.o
  CC      drivers/clk/mediatek/clk-mt8186-mfg.o
  AR      drivers/crypto/built-in.a
  CC      drivers/firmware/arm_sdei.o
  CC      drivers/clocksource/timer-of.o
  CC      drivers/mmc/core/sd.o
  CC      drivers/net/ethernet/freescale/fec_main.o
  AR      drivers/usb/core/built-in.a
  CC      drivers/clocksource/timer-probe.o
  CC      drivers/clk/qcom/clk-cpu-8996.o
  CC      drivers/clk/qcom/clk-cbf-8996.o
  CC      drivers/ufs/host/ufshcd-pltfrm.o
  CC      drivers/hid/hid-core.o
  CC      drivers/clk/qcom/clk-rpmh.o
  CC      drivers/of/base.o
  AR      drivers/staging/media/built-in.a
  CC      drivers/ufs/host/ufs-hisi.o
  CC      drivers/clk/mediatek/clk-mt8186-mm.o
  CC      drivers/clk/mediatek/clk-mt8186-vdec.o
  CC      drivers/usb/chipidea/ci_hdrc_imx.o
  CC      drivers/usb/chipidea/ci_hdrc_tegra.o
  CC      drivers/clk/mediatek/clk-mt8186-venc.o
  CC      drivers/mtd/spi-nor/xmc.o
  AR      drivers/staging/iio/accel/built-in.a
  AR      drivers/staging/iio/adc/built-in.a
  AR      drivers/staging/iio/frequency/built-in.a
  CC      drivers/mmc/host/mtk-sd.o
  AR      drivers/staging/iio/addac/built-in.a
  CC      drivers/mmc/host/of_mmc_spi.o
  CC      drivers/mmc/host/mmc_spi.o
  AR      drivers/net/ethernet/fungible/built-in.a
  AR      drivers/staging/iio/impedance-analyzer/built-in.a
  CC      drivers/mailbox/mailbox.o
  AR      drivers/clk/rockchip/built-in.a
  CC      drivers/hwspinlock/hwspinlock_core.o
  AR      drivers/staging/iio/built-in.a
  CC      drivers/hwspinlock/qcom_hwspinlock.o
  CC      drivers/clk/mediatek/clk-mt8186-wpe.o
  CC      drivers/platform/chrome/chromeos_of_hw_prober.o
  CC      drivers/clk/mediatek/clk-mt8188-apmixedsys.o
  AR      drivers/staging/built-in.a
  AR      drivers/platform/surface/built-in.a
  CC      drivers/platform/chrome/cros_ec.o
  CC      drivers/clk/mediatek/clk-mt8188-topckgen.o
  CC      drivers/clk/mediatek/clk-mt8188-peri_ao.o
  CC      drivers/of/cpu.o
  CC      drivers/clk/mediatek/clk-mt8188-infra_ao.o
  CC      drivers/mmc/host/tmio_mmc_core.o
  AR      drivers/platform/arm64/built-in.a
  CC      drivers/cpuidle/dt_idle_states.o
  CC      drivers/cpuidle/dt_idle_genpd.o
  AR      drivers/cpuidle/governors/built-in.a
  CC      drivers/cpuidle/cpuidle-psci.o
  CC      drivers/mmc/core/sd_ops.o
  CC      drivers/clocksource/sh_cmt.o
  CC      drivers/clocksource/renesas-ostm.o
  CC      drivers/platform/chrome/cros_ec_i2c.o
  CC      drivers/cpufreq/qcom-cpufreq-nvmem.o
  CC      drivers/platform/chrome/cros_ec_spi.o
  CC      drivers/platform/chrome/cros_ec_proto.o
  CC      drivers/platform/chrome/cros_ec_trace.o
  CC      drivers/clk/mediatek/clk-mt8188-adsp_audio26m.o
  CC      drivers/clocksource/sh_tmu.o
  CC      drivers/clocksource/mmio.o
  CC      drivers/i2c/busses/i2c-qup.o
  CC      drivers/net/ethernet/freescale/fec_ptp.o
  CC      drivers/clk/mediatek/clk-mt8188-cam.o
  AR      drivers/net/ethernet/broadcom/asp2/built-in.a
  CC      drivers/i2c/busses/i2c-riic.o
  AR      drivers/net/ethernet/broadcom/built-in.a
  CC      drivers/i2c/busses/i2c-rk3x.o
  CC      drivers/i2c/busses/i2c-s3c2410.o
  CC      drivers/mmc/host/renesas_sdhi_core.o
  CC      drivers/net/ethernet/freescale/xgmac_mdio.o
  AR      mm/built-in.a
  AR      drivers/usb/gadget/udc/bdc/built-in.a
  CC      drivers/net/ethernet/freescale/fman/fman_muram.o
  AR      drivers/usb/gadget/udc/built-in.a
  CC      drivers/net/ethernet/freescale/fman/fman.o
  AR      drivers/usb/gadget/built-in.a
  CC      drivers/cpufreq/scmi-cpufreq.o
  CC      drivers/usb/host/xhci-mtk.o
  CC      drivers/hid/hid-input.o
  CC      drivers/mailbox/arm_mhu.o
  CC      drivers/net/ethernet/freescale/dpaa/dpaa_eth.o
  CC      drivers/clocksource/timer-ti-dm.o
  CC      drivers/clk/qcom/clk-smd-rpm.o
  CC      drivers/clocksource/dw_apb_timer.o
  CC      drivers/net/ethernet/freescale/fman/fman_sp.o
  CC      drivers/net/ethernet/hisilicon/hix5hd2_gmac.o
  CC      drivers/net/ethernet/hisilicon/hns_mdio.o
  AR      drivers/net/ethernet/google/built-in.a
  CC      drivers/mtd/spi-nor/debugfs.o
  AR      drivers/mtd/spi-nor/controllers/built-in.a
  AR      drivers/net/ethernet/huawei/built-in.a
  CC      drivers/clk/mediatek/clk-mt8188-ccu.o
  CC      drivers/clk/mediatek/clk-mt8188-img.o
  CC      drivers/clk/mediatek/clk-mt8188-imp_iic_wrap.o
  CC      drivers/net/ethernet/hisilicon/hns/hnae.o
  CC      drivers/net/ethernet/hisilicon/hns/hns_ae_adapt.o
  CC      drivers/net/ethernet/hisilicon/hns/hns_dsaf_gmac.o
  CC      drivers/clk/mediatek/clk-mt8188-ipe.o
  CC      drivers/clk/mediatek/clk-mt8188-mfg.o
  CC      drivers/clk/mediatek/clk-mt8188-vdec.o
  CC      drivers/usb/host/xhci-mtk-sch.o
  CC      drivers/mmc/host/renesas_sdhi_internal_dmac.o
  CC      drivers/mmc/host/uniphier-sd.o
  CC      drivers/cpuidle/cpuidle-psci-domain.o
  CC      drivers/mmc/core/sdio.o
  CC      drivers/cpufreq/scpi-cpufreq.o
  CC      drivers/clk/mediatek/clk-mt8188-vdo0.o
  CC      drivers/mmc/core/sdio_ops.o
  CC      drivers/clocksource/dw_apb_timer_of.o
  CC      drivers/hid/hid-quirks.o
  CC      drivers/clocksource/timer-rockchip.o
  CC      drivers/clocksource/timer-sun4i.o
  CC      drivers/clk/mediatek/clk-mt8188-vdo1.o
  AR      drivers/hwspinlock/built-in.a
  CC      drivers/net/ethernet/freescale/dpaa/dpaa_ethtool.o
  CC      drivers/net/ethernet/freescale/dpaa/dpaa_eth_sysfs.o
  CC      drivers/clk/mediatek/clk-mt8188-venc.o
  CC      drivers/i2c/busses/i2c-sh_mobile.o
  CC      drivers/clk/mediatek/clk-mt8188-vpp0.o
  CC      drivers/clk/mediatek/clk-mt8188-vpp1.o
  CC      drivers/net/ethernet/freescale/dpaa2/dpaa2-eth.o
  AR      drivers/mtd/nand/raw/built-in.a
  CC      drivers/net/ethernet/freescale/enetc/enetc.o
  AR      drivers/mtd/nand/built-in.a
  CC      drivers/clk/mediatek/clk-mt8188-wpe.o
  CC      drivers/mmc/core/sdio_bus.o
  CC      drivers/i2c/busses/i2c-tegra.o
  CC      drivers/clk/mediatek/clk-mt8192-apmixedsys.o
  CC      drivers/net/ethernet/hisilicon/hns/hns_dsaf_mac.o
  CC      drivers/i2c/busses/i2c-tegra-bpmp.o
  CC      drivers/clk/mediatek/clk-mt8192.o
  CC      drivers/net/ethernet/freescale/dpaa2/dpaa2-ethtool.o
  CC      drivers/usb/host/xhci-tegra.o
  CC      drivers/ufs/host/ufs-mediatek.o
  CC      drivers/mmc/core/sdio_cis.o
  CC      drivers/mmc/core/sdio_io.o
  CC      drivers/of/device.o
  CC      drivers/mmc/core/sdio_irq.o
  CC      drivers/net/ethernet/hisilicon/hns3/hnae3.o
  CC      drivers/net/ethernet/hisilicon/hns3/hns3_enet.o
  CC      drivers/clk/mediatek/clk-mt8192-aud.o
  CC      drivers/clk/mediatek/clk-mt8192-cam.o
  CC      drivers/i2c/busses/i2c-uniphier-f.o
  CC      drivers/clk/mediatek/clk-mt8192-img.o
  CC      drivers/clk/mediatek/clk-mt8192-imp_iic_wrap.o
  CC      drivers/i2c/busses/i2c-rcar.o
  CC      drivers/clk/mediatek/clk-mt8192-ipe.o
  CC      drivers/clk/mediatek/clk-mt8192-mdp.o
  AR      drivers/usb/chipidea/built-in.a
  CC      drivers/clk/mediatek/clk-mt8192-mfg.o
  AR      drivers/net/ethernet/cavium/thunder/built-in.a
  CC      drivers/clk/mediatek/clk-mt8192-mm.o
  CC      drivers/clk/mediatek/clk-mt8192-msdc.o
  AR      drivers/net/ethernet/cavium/built-in.a
  CC      drivers/clk/qcom/gcc-qcm2290.o
  CC      drivers/clk/qcom/gcc-qcs404.o
  CC      drivers/clk/qcom/gcc-qcs615.o
  CC      drivers/clk/qcom/gcc-qcs8300.o
  CC      drivers/clk/mediatek/clk-mt8192-scp_adsp.o
  CC      drivers/clk/mediatek/clk-mt8192-vdec.o
  CC      drivers/net/ethernet/freescale/enetc/enetc_cbdr.o
  CC      drivers/clk/mediatek/clk-mt8192-venc.o
  CC      drivers/firmware/dmi_scan.o
  CC      drivers/remoteproc/remoteproc_core.o
  CC      drivers/cpufreq/tegra20-cpufreq.o
  CC      drivers/cpufreq/tegra124-cpufreq.o
  CC      drivers/of/module.o
  CC      drivers/of/platform.o
  AR      drivers/mtd/spi-nor/built-in.a
  CC      drivers/of/kobj.o
  CC      drivers/of/property.o
  CC      drivers/of/dynamic.o
  CC      drivers/i2c/busses/i2c-brcmstb.o
  AR      drivers/mtd/built-in.a
  CC      drivers/i2c/busses/i2c-cros-ec-tunnel.o
  CC      drivers/remoteproc/remoteproc_coredump.o
  CC      drivers/cpufreq/tegra186-cpufreq.o
  CC      drivers/clk/mediatek/clk-mt8195-apmixedsys.o
  CC      drivers/platform/chrome/cros_ec_lightbar.o
  AR      drivers/cpuidle/built-in.a
  CC      drivers/clk/mediatek/clk-mt8195-topckgen.o
  CC      drivers/clk/mediatek/clk-mt8195-peri_ao.o
  CC      drivers/clk/mediatek/clk-mt8195-infra_ao.o
  CC      drivers/mailbox/arm_mhu_db.o
  CC      drivers/clk/mediatek/clk-mt8195-apusys_pll.o
  CC      drivers/clocksource/timer-tegra.o
  CC      drivers/clk/mediatek/clk-mt8195-cam.o
  CC      drivers/clk/mediatek/clk-mt8195-ccu.o
  CC      drivers/firmware/dmi-id.o
  CC      drivers/net/ethernet/freescale/fman/fman_keygen.o
  CC      drivers/rpmsg/rpmsg_core.o
  CC      drivers/rpmsg/rpmsg_ns.o
  CC      drivers/clk/mediatek/clk-mt8195-img.o
  CC      drivers/net/ethernet/hisilicon/hns3/hns3_ethtool.o
  CC      drivers/net/ethernet/hisilicon/hns3/hns3_debugfs.o
  CC      drivers/net/ethernet/hisilicon/hns3/hns3pf/hclge_main.o
  CC      drivers/clk/mediatek/clk-mt8195-imp_iic_wrap.o
  CC      drivers/net/ethernet/hisilicon/hns3/hns3pf/hclge_mdio.o
  CC      drivers/clk/mediatek/clk-mt8195-ipe.o
  CC      drivers/clk/mediatek/clk-mt8195-mfg.o
  CC      drivers/mmc/core/sd_uhs2.o
  CC      drivers/clk/mediatek/clk-mt8195-scp_adsp.o
  CC      drivers/clk/qcom/gcc-qdu1000.o
  CC      drivers/cpufreq/tegra194-cpufreq.o
  CC      drivers/hid/hid-debug.o
  CC      drivers/clk/mediatek/clk-mt8195-vdec.o
  CC      drivers/mmc/core/slot-gpio.o
  CC      drivers/mailbox/imx-mailbox.o
  CC      drivers/mmc/core/regulator.o
  CC      drivers/clk/mediatek/clk-mt8195-vdo0.o
  CC      drivers/clk/mediatek/clk-mt8195-vdo1.o
  CC      drivers/mmc/core/pwrseq.o
  CC      drivers/mmc/core/debugfs.o
  CC      drivers/of/fdt.o
  DTC     drivers/of/empty_root.dtb
  CC      drivers/clk/mediatek/clk-mt8195-venc.o
  CC      drivers/clk/mediatek/clk-mt8195-vpp0.o
  AR      drivers/net/ethernet/intel/libie/built-in.a
  CC      drivers/hid/hid-generic.o
  CC      drivers/mmc/host/dw_mmc.o
  CC      drivers/net/ethernet/intel/e1000/e1000_main.o
  CC      drivers/of/fdt_address.o
  CC      drivers/hid/usbhid/hid-core.o
  CC      drivers/clk/mediatek/clk-mt8195-wpe.o
  CC      drivers/clk/mediatek/clk-mt8195-vpp1.o
  CC      drivers/platform/chrome/cros_ec_vbc.o
  CC      drivers/rpmsg/qcom_glink_native.o
  CC      drivers/rpmsg/qcom_glink_ssr.o
  CC      drivers/rpmsg/qcom_glink_rpm.o
  CC      drivers/clk/mediatek/clk-mt8196-apmixedsys.o
  CC      drivers/mailbox/platform_mhu.o
  CC      drivers/cpufreq/ti-cpufreq.o
  CC      drivers/remoteproc/remoteproc_debugfs.o
  CC      drivers/remoteproc/remoteproc_sysfs.o
  CC      drivers/clk/mediatek/clk-mt8196-topckgen.o
  CC      drivers/remoteproc/remoteproc_virtio.o
  CC      drivers/clk/mediatek/clk-mt8196-topckgen2.o
  CC      drivers/remoteproc/remoteproc_elf_loader.o
  CC      drivers/mailbox/pcc.o
  CC      drivers/mmc/host/dw_mmc-pltfm.o
  CC      drivers/remoteproc/imx_rproc.o
  CC      drivers/net/ethernet/freescale/fman/fman_port.o
  CC      drivers/clk/qcom/gcc-sa8775p.o
  CC      drivers/net/ethernet/freescale/fman/mac.o
  CC      drivers/clk/mediatek/clk-mt8196-vlpckgen.o
  CC      drivers/clk/mediatek/clk-mt8196-peri_ao.o
  CC      drivers/net/ethernet/hisilicon/hns3/hns3pf/hclge_tm.o
  CC      drivers/net/ethernet/hisilicon/hns3/hns3pf/hclge_regs.o
  CC      drivers/net/ethernet/hisilicon/hns3/hns3pf/hclge_mbx.o
  CC      drivers/clk/mediatek/clk-mt8196-imp_iic_wrap.o
  CC      drivers/clk/mediatek/clk-mt8196-mdpsys.o
  CC      drivers/clk/mediatek/clk-mt8196-mcu.o
  CC      drivers/net/ethernet/freescale/fman/fman_dtsec.o
  CC      drivers/clk/mediatek/clk-mt8196-pextp.o
  CC      drivers/net/ethernet/freescale/fman/fman_memac.o
  CC      drivers/net/ethernet/freescale/fman/fman_tgec.o
  CC      drivers/clocksource/timer-tegra186.o
  CC      drivers/clocksource/exynos_mct.o
  CC      drivers/clocksource/timer-stm32-lp.o
  CC      drivers/rpmsg/qcom_smd.o
  CC      drivers/rpmsg/virtio_rpmsg_bus.o
  CC      drivers/clk/mediatek/clk-mt8196-ufs_ao.o
  CC      drivers/firmware/stratix10-svc.o
  CC      drivers/mailbox/bcm2835-mailbox.o
  CC      drivers/mailbox/ti-msgmgr.o
  CC      drivers/ufs/host/ufs-rockchip.o
  CC      drivers/clk/mediatek/clk-mt8365-apmixedsys.o
  CC      drivers/net/ethernet/hisilicon/hns/hns_dsaf_misc.o
  CC      drivers/clk/mediatek/clk-mt8365.o
  CC      drivers/clk/qcom/gcc-sc7180.o
  CC      drivers/net/ethernet/hisilicon/hns3/hns3pf/hclge_err.o
  CC      drivers/clk/mediatek/clk-mt8365-apu.o
  CC      drivers/net/ethernet/freescale/enetc/enetc_ethtool.o
  CC      drivers/net/ethernet/freescale/enetc/enetc_pf_common.o
  CC      drivers/clk/mediatek/clk-mt8365-cam.o
  CC      drivers/mmc/host/dw_mmc-exynos.o
  CC      drivers/clk/mediatek/clk-mt8365-mfg.o
  CC      drivers/of/address.o
  CC      drivers/platform/chrome/cros_ec_debugfs.o
  CC      drivers/platform/chrome/cros_ec_sensorhub.o
  CC      drivers/net/ethernet/hisilicon/hns/hns_dsaf_main.o
  CC      drivers/net/ethernet/hisilicon/hns3/hns3pf/hclge_debugfs.o
  CC      drivers/clk/mediatek/clk-mt8365-mm.o
  AR      drivers/i2c/busses/built-in.a
  CC      lib/oid_registry.o
  AR      drivers/i2c/built-in.a
  CC      drivers/cpufreq/qoriq-cpufreq.o
  CC      drivers/of/irq.o
  CC      drivers/clk/mediatek/clk-mt8365-vdec.o
  CC      drivers/clk/mediatek/clk-mt8365-venc.o
  AR      drivers/virt/vboxguest/built-in.a
  CC      drivers/clk/mediatek/clk-mt8516-apmixedsys.o
  AR      drivers/virt/coco/built-in.a
  AR      drivers/virt/built-in.a
  CC      drivers/clk/mediatek/clk-mt8516.o
  AR      drivers/usb/host/built-in.a
  CC      drivers/mailbox/hi3660-mailbox.o
  CC      drivers/mailbox/hi6220-mailbox.o
  CC      drivers/mailbox/qcom-apcs-ipc-mailbox.o
  CC      drivers/devfreq/devfreq.o
  AR      drivers/usb/built-in.a
  CC      drivers/firmware/raspberrypi.o
  CC      drivers/mmc/host/dw_mmc-hi3798cv200.o
  CC      drivers/of/of_reserved_mem.o
  CC      drivers/net/ethernet/hisilicon/hns3/hns3pf/hclge_ptp.o
  CC      drivers/net/ethernet/hisilicon/hns3/hns3pf/hclge_devlink.o
  CC      drivers/net/ethernet/hisilicon/hns3/hns3_common/hclge_comm_cmd.o
  CC      drivers/net/ethernet/freescale/dpaa2/dpni.o
  CC      drivers/mmc/core/pwrseq_simple.o
  CC      drivers/net/ethernet/hisilicon/hns3/hns3_common/hclge_comm_rss.o
  CC      drivers/net/ethernet/hisilicon/hns3/hns3_common/hclge_comm_tqp_stats.o
  CC      drivers/net/ethernet/hisilicon/hns/hns_dsaf_ppe.o
  CC      drivers/net/ethernet/hisilicon/hns/hns_dsaf_rcb.o
  CC      drivers/net/ethernet/hisilicon/hns/hns_dsaf_xgmac.o
  CC      drivers/mmc/core/pwrseq_emmc.o
  CC      drivers/mmc/core/block.o
  CC      drivers/net/ethernet/intel/e1000e/82571.o
  CC      drivers/net/ethernet/intel/e1000/e1000_hw.o
  CC      drivers/net/ethernet/intel/e1000e/ich8lan.o
  CC      drivers/net/ethernet/freescale/enetc/ntmp.o
  CC      drivers/devfreq/devfreq-event.o
  CC      drivers/devfreq/governor_simpleondemand.o
  AR      drivers/net/ethernet/freescale/dpaa/built-in.a
  CC      drivers/devfreq/governor_userspace.o
  CC      drivers/net/ethernet/freescale/enetc/enetc_pf.o
  CC      drivers/clocksource/timer-mediatek.o
  CC      drivers/extcon/extcon.o
  CC      drivers/extcon/devres.o
  CC      drivers/extcon/extcon-usb-gpio.o
  CC      drivers/mmc/host/dw_mmc-k3.o
  CC      drivers/net/ethernet/intel/igb/igb_main.o
  CC      drivers/net/ethernet/intel/igbvf/vf.o
  CC      drivers/memory/brcmstb_dpfe.o
  CC      drivers/memory/brcmstb_memc.o
  CC      drivers/net/ethernet/intel/e1000/e1000_ethtool.o
  CC      drivers/clocksource/timer-mediatek-cpux.o
  CC      drivers/net/ethernet/freescale/dpaa2/dpaa2-eth-devlink.o
  CC      drivers/net/ethernet/intel/e1000e/80003es2lan.o
  CC      drivers/net/ethernet/intel/e1000e/mac.o
  CC      drivers/clk/qcom/gcc-sc7280.o
  CC      drivers/clk/sunxi-ng/ccu_common.o
  CC      drivers/clk/qcom/gcc-sc8180x.o
  CC      drivers/net/ethernet/hisilicon/hns/hns_enet.o
  CC      drivers/net/ethernet/hisilicon/hns/hns_ethtool.o
  AR      drivers/remoteproc/built-in.a
  CC      drivers/clk/tegra/clk.o
  CC      drivers/net/ethernet/intel/igbvf/mbx.o
  CC      drivers/net/ethernet/intel/igbvf/ethtool.o
  CC      drivers/mailbox/tegra-hsp.o
  AR      drivers/cpufreq/built-in.a
  AR      lib/built-in.a
  CC      drivers/mmc/core/queue.o
  CC      drivers/clk/qcom/gcc-sc8280xp.o
  CC      drivers/clk/qcom/dispcc-sdm845.o
  CC      drivers/platform/chrome/cros_ec_sensorhub_ring.o
  CC      drivers/iio/industrialio-core.o
  CC      drivers/platform/chrome/cros_ec_sysfs.o
  CC      drivers/clocksource/timer-owl.o
  CC      drivers/mailbox/mtk-gpueb-mailbox.o
  AR      drivers/clk/tenstorrent/built-in.a
  CC      drivers/platform/chrome/cros_usbpd_notify.o
  CC      drivers/memory/fsl_ifc.o
  AR      drivers/ufs/host/built-in.a
  CC      drivers/extcon/extcon-usbc-cros-ec.o
  CC      drivers/clk/tegra/clk-audio-sync.o
  CC      drivers/mailbox/zynqmp-ipi-mailbox.o
  CC      drivers/net/ethernet/freescale/enetc/enetc_msg.o
  CC      drivers/net/ethernet/freescale/enetc/enetc_qos.o
  AR      drivers/net/ethernet/i825xx/built-in.a
  AR      drivers/clk/ti/built-in.a
  CC      drivers/net/ethernet/freescale/enetc/enetc_vf.o
  CC      drivers/clk/tegra/clk-device.o
  AR      drivers/rpmsg/built-in.a
  CC      drivers/clk/tegra/clk-dfll.o
  CC      drivers/clk/tegra/clk-divider.o
  CC      drivers/clk/tegra/clk-periph.o
  CC      drivers/clk/tegra/clk-periph-fixed.o
  CC      drivers/clk/tegra/clk-periph-gate.o
  CC      drivers/clocksource/timer-sprd.o
  CC      drivers/firmware/sysfb.o
  AR      drivers/clk/mediatek/built-in.a
  CC      drivers/net/ethernet/intel/e1000e/manage.o
  CC      drivers/net/ethernet/intel/e1000e/nvm.o
  CC      drivers/net/ethernet/intel/e1000e/phy.o
  CC      drivers/net/ethernet/intel/e1000e/param.o
  CC      drivers/devfreq/imx-bus.o
  CC      drivers/net/ethernet/intel/igbvf/netdev.o
  CC      drivers/net/ethernet/intel/e1000/e1000_param.o
  CC      drivers/mmc/host/dw_mmc-rockchip.o
  CC      drivers/of/resolver.o
  CC      drivers/mmc/host/meson-gx-mmc.o
  CC      drivers/mmc/host/sunxi-mmc.o
  AR      drivers/devfreq/event/built-in.a
  CC      drivers/mailbox/sun6i-msgbox.o
  CC      drivers/firmware/ti_sci.o
  CC      drivers/clk/uniphier/clk-uniphier-core.o
  CC      drivers/of/overlay.o
  CC      drivers/clk/tegra/clk-pll.o
  CC      drivers/clk/tegra/clk-pll-out.o
  CC      drivers/clk/tegra/clk-sdmmc-mux.o
  CC      drivers/clk/tegra/clk-super.o
  CC      drivers/clk/sunxi-ng/ccu_mmc_timing.o
  CC      drivers/net/ethernet/freescale/dpaa2/dpaa2-xsk.o
  CC      drivers/clk/qcom/gcc-sdm845.o
  CC      drivers/clk/qcom/gpucc-sdm845.o
  CC      drivers/clocksource/timer-npcm7xx.o
  AR      drivers/net/ethernet/freescale/fman/built-in.a
  CC      drivers/clk/qcom/videocc-sdm845.o
  CC      drivers/clk/tegra/clk-tegra-audio.o
  CC      drivers/clk/tegra/clk-tegra-periph.o
  CC      drivers/clk/qcom/gcc-sdx75.o
  CC      drivers/memory/mtk-smi.o
  CC      drivers/net/ethernet/freescale/dpaa2/dpaa2-eth-debugfs.o
  CC      drivers/net/ethernet/freescale/dpaa2/dpaa2-mac.o
  CC      drivers/net/ethernet/freescale/dpaa2/dpmac.o
  CC      drivers/clk/sunxi-ng/ccu_reset.o
  CC      drivers/clk/sunxi-ng/ccu_div.o
  CC      drivers/memory/tegra/mc.o
  AR      drivers/hid/usbhid/built-in.a
  CC      drivers/clk/sunxi-ng/ccu_frac.o
  CC      drivers/clk/sunxi-ng/ccu_gate.o
  AR      drivers/hid/built-in.a
  CC      drivers/clk/sunxi-ng/ccu_mux.o
  CC      drivers/clk/sunxi-ng/ccu_mult.o
  CC      drivers/clk/sunxi-ng/ccu_phase.o
  CC      drivers/net/ethernet/freescale/dpaa2/dpaa2-ptp.o
  CC      drivers/memory/tegra/tegra124.o
  CC      drivers/memory/tegra/tegra210.o
  CC      drivers/memory/tegra/tegra186.o
  AR      drivers/extcon/built-in.a
  AR      drivers/firmware/arm_ffa/built-in.a
  CC      drivers/iio/industrialio-event.o
  CC      drivers/clocksource/arm_arch_timer.o
  CC      drivers/iio/inkern.o
  CC      drivers/firmware/arm_scmi/transports/smc.o
  CC      drivers/firmware/arm_scmi/transports/mailbox.o
  CC      drivers/mmc/host/bcm2835.o
  CC      drivers/firmware/broadcom/tee_bnxt_fw.o
  AR      drivers/ufs/core/built-in.a
  CC      drivers/of/of_numa.o
  CC      drivers/clk/sunxi-ng/ccu_sdm.o
  AR      drivers/ufs/built-in.a
  CC      drivers/net/ethernet/intel/e1000e/ethtool.o
  CC      drivers/net/ethernet/intel/e1000e/netdev.o
  AR      drivers/firmware/cirrus/test/built-in.a
  CC      drivers/net/ethernet/freescale/dpaa2/dprtc.o
  AR      drivers/firmware/cirrus/built-in.a
  CC      drivers/clk/uniphier/clk-uniphier-cpugear.o
  CC      drivers/net/ethernet/freescale/enetc/enetc_ierb.o
  CC      drivers/firmware/meson/meson_sm.o
  CC      drivers/net/ethernet/freescale/enetc/enetc_pci_mdio.o
  AR      drivers/platform/chrome/built-in.a
  CC      drivers/net/ethernet/freescale/enetc/enetc_mdio.o
  AR      drivers/devfreq/built-in.a
  AR      drivers/platform/built-in.a
  CC      drivers/clk/uniphier/clk-uniphier-fixed-factor.o
  CC      drivers/clk/uniphier/clk-uniphier-fixed-rate.o
  CC      drivers/clk/versatile/clk-vexpress-osc.o
  CC      drivers/iio/industrialio-buffer.o
  CC      drivers/iio/industrialio-trigger.o
  CC      drivers/iio/industrialio-acpi.o
  CC      drivers/clk/visconti/clkc.o
  AR      drivers/iio/accel/built-in.a
  CC      drivers/net/ethernet/intel/igb/igb_ethtool.o
  CC      drivers/net/ethernet/intel/igb/e1000_82575.o
  CC      drivers/net/ethernet/intel/igb/e1000_mac.o
  CC      drivers/mailbox/qcom-ipcc.o
  CC      drivers/net/ethernet/intel/igb/e1000_nvm.o
  CC      drivers/memory/tegra/tegra194.o
  CC      drivers/memory/tegra/tegra234.o
  CC      drivers/net/ethernet/freescale/enetc/enetc_ptp.o
  CC      drivers/mmc/host/owl-mmc.o
  CC      drivers/firmware/arm_scmi/vendors/imx/imx-sm-cpu.o
  CC      drivers/firmware/arm_scmi/vendors/imx/imx-sm-bbm.o
  CC      drivers/firmware/arm_scmi/vendors/imx/imx-sm-lmm.o
  CC      drivers/firmware/arm_scmi/vendors/imx/imx-sm-misc.o
  CC      drivers/clocksource/arm_arch_timer_mmio.o
  CC      drivers/clk/visconti/pll.o
  CC      drivers/clocksource/timer-sp804.o
  CC      drivers/clocksource/dummy_timer.o
  CC      drivers/clocksource/timer-imx-sysctr.o
  CC      drivers/clk/uniphier/clk-uniphier-gate.o
  CC      drivers/clk/uniphier/clk-uniphier-mux.o
  AR      drivers/mmc/core/built-in.a
  CC      drivers/of/kexec.o
  AR      drivers/clk/xilinx/built-in.a
  WRAP    drivers/of/empty_root.dtb.S
  CC      drivers/net/ethernet/intel/e1000e/ptp.o
  CC      drivers/clk/uniphier/clk-uniphier-sys.o
  AS      drivers/of/empty_root.dtb.o
  CC      drivers/clk/uniphier/clk-uniphier-mio.o
  CC      drivers/clk/uniphier/clk-uniphier-peri.o
  CC      drivers/firmware/arm_scmi/transports/optee.o
  CC      drivers/clk/qcom/dispcc-sm8250.o
  CC      drivers/ras/ras.o
  CC      drivers/mmc/host/sdhci-pltfm.o
  CC      drivers/perf/arm_pmu.o
  CC      drivers/mmc/host/sdhci-cadence.o
  CC      drivers/net/ethernet/intel/igb/e1000_phy.o
  CC      drivers/perf/arm_pmu_platform.o
  CC      drivers/mmc/host/sdhci-esdhc-imx.o
  CC      drivers/mmc/host/sdhci-tegra.o
  CC      drivers/mmc/host/sdhci-of-arasan.o
  CC      drivers/mailbox/cix-mailbox.o
  CC      drivers/mailbox/bcm74110-mailbox.o
  CC      drivers/memory/tegra/tegra264.o
  CC      drivers/firmware/arm_scmi/bus.o
  CC      drivers/clk/sunxi-ng/ccu_nk.o
  AR      drivers/firmware/broadcom/built-in.a
  CC      drivers/clk/tegra/clk-tegra-fixed.o
  CC      drivers/clk/sunxi-ng/ccu_nkm.o
  AR      kernel/events/built-in.a
  CC      drivers/clk/sunxi-ng/ccu_nkmp.o
  CC      drivers/iio/adc/exynos_adc.o
  AR      drivers/iio/addac/built-in.a
  AR      drivers/hwtracing/intel_th/built-in.a
  AR      drivers/android/built-in.a
  AR      drivers/iio/afe/built-in.a
  AR      drivers/iio/amplifiers/built-in.a
  AR      drivers/iio/buffer/built-in.a
  AR      drivers/iio/cdc/built-in.a
  AR      drivers/net/ethernet/microsoft/built-in.a
  CC      drivers/nvmem/core.o
  CC      drivers/nvmem/layouts.o
  AR      drivers/net/ethernet/litex/built-in.a
  CC      drivers/fpga/fpga-mgr.o
  CC      drivers/net/ethernet/marvell/mvmdio.o
  CC      drivers/memory/tegra/tegra186-emc.o
  AR      drivers/nvmem/layouts/built-in.a
  AR      drivers/firmware/google/built-in.a
  AR      drivers/firmware/microchip/built-in.a
  CC      drivers/ras/debugfs.o
  CC      drivers/tee/tee_core.o
  CC      drivers/mmc/host/sdhci-of-esdhc.o
  CC      drivers/mux/core.o
  CC      drivers/clk/qcom/gcc-sm4450.o
  CC      drivers/firmware/efi/efi.o
  CC      drivers/clk/sunxi-ng/ccu_nm.o
  CC      drivers/firmware/efi/vars.o
  CC      drivers/firmware/arm_scmi/driver.o
  CC      drivers/firmware/arm_scmi/notify.o
  CC      drivers/iio/adc/meson_saradc.o
  CC      drivers/mux/mmio.o
  AR      drivers/firmware/meson/built-in.a
  CC      drivers/interconnect/core.o
  CC      drivers/clk/sunxi-ng/ccu_mp.o
  CC      drivers/firmware/imx/imx-scu.o
  CC      drivers/firmware/psci/psci.o
  CC      drivers/firmware/imx/misc.o
  CC      drivers/firmware/imx/imx-scu-irq.o
  CC      drivers/clk/tegra/clk-tegra-super-cclk.o
  CC      drivers/mmc/host/sdhci-of-dwcmshc.o
  CC      drivers/clk/qcom/gcc-sm6115.o
  CC      drivers/clk/zynqmp/pll.o
  CC      drivers/hte/hte.o
  CC      drivers/firmware/qcom/qcom_scm.o
  CC      drivers/hte/hte-tegra194.o
  CC      drivers/net/ethernet/intel/igb/e1000_mbx.o
  AR      drivers/clk/versatile/built-in.a
  CC      drivers/clk/zynqmp/clk-gate-zynqmp.o
  CC      drivers/perf/arm_pmu_acpi.o
  CC      drivers/perf/arm_pmuv3.o
  CC      drivers/mmc/host/sdhci-of-sparx5.o
  CC      drivers/clk/visconti/reset.o
  AR      drivers/firmware/samsung/built-in.a
  CC      drivers/interconnect/bulk.o
  CC      drivers/clk/sunxi-ng/ccu-sun50i-a64.o
  CC      drivers/firmware/efi/reboot.o
  CC      drivers/firmware/smccc/smccc.o
  CC      drivers/firmware/efi/memattr.o
  CC      drivers/firmware/efi/tpm.o
  AR      drivers/clk/uniphier/built-in.a
  CC      drivers/firmware/efi/memmap.o
  AR      drivers/firmware/arm_scmi/vendors/imx/built-in.a
  CC      drivers/firmware/imx/rm.o
  AR      drivers/iio/chemical/built-in.a
  CC      drivers/firmware/imx/imx-scu-soc.o
  CC      drivers/firmware/qcom/qcom_scm-smc.o
  AR      drivers/ras/amd/atl/built-in.a
  AR      drivers/firmware/arm_scmi/transports/built-in.a
  CC      drivers/clk/qcom/gcc-sm6350.o
  CC      drivers/clk/qcom/gcc-sm8150.o
  AR      drivers/iio/dac/built-in.a
  AR      drivers/iio/common/cros_ec_sensors/built-in.a
  CC      drivers/clk/qcom/gcc-sm8250.o
  CC      drivers/firmware/imx/sm-cpu.o
  AR      drivers/iio/common/hid-sensors/built-in.a
  CC      drivers/clk/tegra/clk-tegra-super-gen4.o
  CC      drivers/mmc/host/sdhci-iproc.o
  CC      drivers/mmc/host/sdhci-msm.o
  AR      drivers/iio/common/inv_sensors/built-in.a
  CC      drivers/firmware/smccc/kvm_guest.o
  AR      drivers/iio/common/ms_sensors/built-in.a
  CC      drivers/firmware/qcom/qcom_scm-legacy.o
  AR      drivers/iio/common/scmi_sensors/built-in.a
  AR      drivers/iio/common/ssp_sensors/built-in.a
  AR      drivers/clocksource/built-in.a
  CC      drivers/firmware/qcom/qcom_tzmem.o
  CC      drivers/firmware/qcom/qcom_qseecom.o
  AR      drivers/iio/common/st_sensors/built-in.a
  AR      drivers/iio/common/built-in.a
  AR      drivers/ras/built-in.a
  CC      drivers/clk/zynqmp/divider.o
  AR      drivers/iio/dummy/built-in.a
  AR      drivers/iio/gyro/built-in.a
  AR      drivers/iio/filter/built-in.a
  CC      drivers/clk/qcom/gcc-sm8350.o
  CC      drivers/clk/visconti/pll-tmpv770x.o
  CC      drivers/firmware/tegra/bpmp.o
  AR      drivers/resctrl/built-in.a
  CC      drivers/firmware/tegra/bpmp-tegra210.o
  CC      drivers/clk/tegra/clk-tegra124-dfll-fcpu.o
  AR      drivers/of/built-in.a
  CC      drivers/clk/tegra/clk-tegra124.o
  CC      drivers/clk/tegra/cvb.o
  CC      drivers/clk/tegra/clk-tegra210.o
  AR      drivers/iio/frequency/built-in.a
  CC      drivers/mmc/host/sdhci-brcmstb.o
  AR      drivers/iio/health/built-in.a
  CC      drivers/mmc/host/cqhci-core.o
  CC      drivers/mmc/host/mmc_hsq.o
  CC      drivers/mmc/host/sdhci-xenon.o
  CC      drivers/clk/qcom/gcc-sm8450.o
  AR      drivers/mailbox/built-in.a
  CC      drivers/tee/tee_heap.o
  AR      drivers/memory/tegra/built-in.a
  CC      drivers/firmware/arm_scmi/quirks.o
  CC      drivers/firmware/arm_scmi/base.o
  AR      drivers/memory/built-in.a
  CC      drivers/firmware/arm_scmi/clock.o
  CC      drivers/nvmem/bcm-ocotp.o
  CC      drivers/firmware/efi/capsule.o
  CC      drivers/nvmem/imx-ocotp.o
  CC      drivers/nvmem/imx-ocotp-scu.o
  CC      drivers/nvmem/mtk-efuse.o
  CC      drivers/clk/sunxi-ng/ccu-sun50i-a100.o
  CC      drivers/nvmem/qfprom.o
  CC      drivers/firmware/efi/fdtparams.o
  CC      drivers/interconnect/debugfs-client.o
  CC      drivers/firmware/xilinx/zynqmp.o
  CC      drivers/mmc/host/sdhci-xenon-phy.o
  AR      drivers/mux/built-in.a
  CC      drivers/net/ethernet/intel/igb/e1000_i210.o
  CC      drivers/firmware/efi/esrt.o
  CC      drivers/firmware/efi/efi-pstore.o
  CC      drivers/firmware/smccc/soc_id.o
  CC      drivers/net/ethernet/intel/igb/igb_ptp.o
  AR      drivers/fpga/built-in.a
  CC      drivers/net/ethernet/intel/igb/igb_hwmon.o
  CC      drivers/clk/visconti/clkc-tmpv770x.o
  CC      drivers/clk/sunxi-ng/ccu-sun50i-a100-r.o
  CC      drivers/clk/tegra/clk-tegra210-emc.o
  CC      drivers/firmware/imx/sm-misc.o
  AR      drivers/net/ethernet/freescale/dpaa2/built-in.a
  CC      drivers/firmware/imx/sm-lmm.o
  CC      drivers/net/ethernet/intel/igb/igb_xsk.o
  CC      drivers/perf/hisilicon/hisi_uncore_pmu.o
  CC      drivers/firmware/qcom/qcom_qseecom_uefisecapp.o
  CC      drivers/perf/hisilicon/hisi_uncore_l3c_pmu.o
  AR      drivers/net/ethernet/intel/e1000/built-in.a
  CC      drivers/clk/sunxi-ng/ccu-sun50i-h6.o
  CC      drivers/firmware/arm_scmi/perf.o
  CC      drivers/firmware/arm_scmi/power.o
  CC      drivers/clk/zynqmp/clk-mux-zynqmp.o
  AR      drivers/net/ethernet/intel/igbvf/built-in.a
  CC      drivers/firmware/arm_scmi/reset.o
  CC      drivers/nvmem/rockchip-efuse.o
  CC      drivers/clk/tegra/clk-bpmp.o
  AR      drivers/net/ethernet/mediatek/built-in.a
  AR      drivers/hte/built-in.a
  AR      drivers/net/ethernet/mellanox/built-in.a
  CC      drivers/nvmem/rockchip-otp.o
  CC      drivers/tee/tee_shm.o
  CC      drivers/clk/sunxi-ng/ccu-sun50i-h6-r.o
  CC      drivers/nvmem/snvs_lpgpr.o
  CC      drivers/clk/sunxi-ng/ccu-sun50i-h616.o
  CC      drivers/net/ethernet/marvell/mvneta.o
  CC      drivers/clk/qcom/gcc-sm8550.o
  CC      drivers/firmware/xilinx/zynqmp-ufs.o
  CC      drivers/clk/zynqmp/clkc.o
  CC      drivers/firmware/xilinx/zynqmp-crypto.o
  CC      drivers/interconnect/imx/imx.o
  CC      drivers/firmware/xilinx/zynqmp-debug.o
  CC      drivers/interconnect/imx/imx8mp.o
  AR      drivers/iio/humidity/built-in.a
  AR      drivers/iio/imu/bmi160/built-in.a
  AR      drivers/iio/imu/bmi323/built-in.a
  AR      drivers/iio/imu/bmi270/built-in.a
  CC      drivers/clk/sunxi-ng/ccu-sun55i-a523.o
  AR      drivers/net/ethernet/freescale/enetc/built-in.a
  AR      drivers/iio/imu/bno055/built-in.a
  AR      drivers/iio/adc/built-in.a
  AR      drivers/net/ethernet/freescale/built-in.a
  AR      drivers/iio/imu/inv_icm42600/built-in.a
  AR      drivers/net/ethernet/meta/built-in.a
  CC      drivers/perf/hisilicon/hisi_uncore_hha_pmu.o
  AR      drivers/iio/imu/inv_icm45600/built-in.a
  AR      drivers/net/ethernet/micrel/built-in.a
  AR      drivers/iio/imu/inv_mpu6050/built-in.a
  AR      drivers/iio/imu/smi330/built-in.a
  AR      kernel/bpf/built-in.a
  AR      drivers/iio/light/built-in.a
  AR      drivers/iio/magnetometer/built-in.a
  AR      drivers/firmware/psci/built-in.a
  AR      drivers/iio/imu/st_lsm6dsx/built-in.a
  AR      kernel/built-in.a
  CC      drivers/nvmem/sunxi_sid.o
  CC      drivers/firmware/arm_scmi/system.o
  CC      drivers/firmware/arm_scmi/sensors.o
  AR      drivers/iio/imu/st_lsm9ds0/built-in.a
  AR      drivers/iio/multiplexer/built-in.a
  CC      drivers/nvmem/uniphier-efuse.o
  AR      drivers/iio/imu/built-in.a
  CC      drivers/tee/tee_shm_pool.o
  AR      drivers/iio/orientation/built-in.a
  CC      drivers/clk/sunxi-ng/ccu-sun55i-a523-mcu.o
  CC      drivers/firmware/efi/cper.o
  CC      drivers/firmware/tegra/bpmp-tegra186.o
  CC      drivers/firmware/tegra/bpmp-debugfs.o
  CC      drivers/net/ethernet/marvell/mvpp2/mvpp2_main.o
  CC      drivers/tee/optee/core.o
  CC      drivers/tee/optee/call.o
  CC      drivers/tee/optee/notif.o
  CC      drivers/firmware/arm_scmi/voltage.o
  CC      drivers/tee/optee/rpc.o
  CC      drivers/firmware/arm_scmi/powercap.o
  CC      drivers/interconnect/qcom/icc-common.o
  CC      drivers/perf/qcom_l2_pmu.o
  CC      drivers/perf/qcom_l3_pmu.o
  AR      drivers/iio/potentiometer/built-in.a
  AR      drivers/iio/position/built-in.a
  CC      drivers/perf/arm_brbe.o
  AR      drivers/iio/potentiostat/built-in.a
  AR      drivers/iio/pressure/built-in.a
  CC      drivers/tee/optee/protmem.o
  CC      drivers/firmware/arm_scmi/pinctrl.o
  CC      drivers/interconnect/qcom/bcm-voter.o
  AR      drivers/iio/proximity/built-in.a
  CC      drivers/interconnect/qcom/eliza.o
  CC      drivers/net/ethernet/marvell/mvpp2/mvpp2_prs.o
  CC      drivers/clk/sunxi-ng/ccu-sun55i-a523-r.o
  CC      drivers/clk/sunxi-ng/ccu-sun6i-rtc.o
  AR      drivers/iio/resolver/built-in.a
  CC      drivers/clk/sunxi-ng/ccu-sun8i-h3.o
  AR      drivers/iio/temperature/built-in.a
  CC      drivers/firmware/efi/cper_cxl.o
  AR      drivers/firmware/smccc/built-in.a
  AR      drivers/iio/test/built-in.a
  CC      drivers/tee/optee/supp.o
  CC      drivers/net/ethernet/marvell/mvpp2/mvpp2_cls.o
  AR      drivers/iio/trigger/built-in.a
  CC      drivers/tee/optee/device.o
  AR      drivers/iio/built-in.a
  CC      drivers/perf/hisilicon/hisi_uncore_ddrc_pmu.o
  CC      drivers/net/ethernet/marvell/mvpp2/mvpp2_debugfs.o
  CC      drivers/perf/hisilicon/hisi_uncore_sllc_pmu.o
  CC      drivers/tee/optee/smc_abi.o
  CC      drivers/firmware/efi/runtime-wrappers.o
  CC      drivers/tee/optee/ffa_abi.o
  CC      drivers/clk/sunxi-ng/ccu-sun8i-de2.o
  CC      drivers/net/ethernet/marvell/sky2.o
  CC      drivers/interconnect/qcom/glymur.o
  CC      drivers/interconnect/qcom/kaanapali.o
  CC      drivers/firmware/tegra/ivc.o
  AR      drivers/net/ethernet/hisilicon/hns/built-in.a
  AR      drivers/net/ethernet/microchip/built-in.a
  AR      drivers/clk/visconti/built-in.a
  CC      drivers/perf/hisilicon/hisi_uncore_pa_pmu.o
  AR      drivers/net/ethernet/marvell/octeon_ep/built-in.a
  CC      drivers/interconnect/icc-clk.o
  AR      drivers/net/ethernet/marvell/octeon_ep_vf/built-in.a
  CC      drivers/interconnect/qcom/milos.o
  CC      drivers/firmware/arm_scmi/shmem.o
  CC      drivers/clk/tegra/clk-utils.o
  CC      drivers/clk/sunxi-ng/ccu-sun8i-r.o
  CC      drivers/firmware/efi/sysfb_efi.o
  CC      drivers/firmware/efi/efi-init.o
  CC      drivers/firmware/efi/arm-runtime.o
  CC      drivers/firmware/arm_scmi/msg.o
  AR      drivers/net/ethernet/marvell/octeontx2/built-in.a
  CC      drivers/perf/apple_m1_cpu_pmu.o
  CC      drivers/interconnect/qcom/msm8953.o
  CC      drivers/firmware/efi/earlycon.o
  AR      drivers/net/ethernet/marvell/prestera/built-in.a
  CC      drivers/firmware/efi/capsule-loader.o
  AR      drivers/firmware/imx/built-in.a
  CC      drivers/firmware/efi/cper-arm.o
  AR      drivers/interconnect/imx/built-in.a
  AR      drivers/net/ethernet/mscc/built-in.a
  CC      drivers/perf/hisilicon/hisi_uncore_cpa_pmu.o
  CC      drivers/perf/hisilicon/hisi_uncore_uc_pmu.o
  CC      drivers/perf/hisilicon/hisi_uncore_noc_pmu.o
  CC      drivers/perf/hisilicon/hisi_uncore_mn_pmu.o
  AR      drivers/clk/zynqmp/built-in.a
  CC      drivers/interconnect/qcom/msm8996.o
  CC      drivers/clk/qcom/gcc-sm8650.o
  CC      drivers/interconnect/qcom/qcm2290.o
  AR      drivers/net/ethernet/mucse/built-in.a
  CC      drivers/interconnect/qcom/qcs615.o
  AR      drivers/net/ethernet/natsemi/built-in.a
  CC      drivers/interconnect/qcom/qcs8300.o
  CC      drivers/interconnect/qcom/qdu1000.o
  AR      drivers/net/ethernet/myricom/built-in.a
  AR      drivers/net/ethernet/netronome/built-in.a
  CC      drivers/clk/qcom/gcc-sm8750.o
  CC      drivers/clk/qcom/gcc-milos.o
  CC      drivers/interconnect/qcom/icc-rpmh.o
  CC      drivers/interconnect/qcom/sa8775p.o
  CC      drivers/interconnect/qcom/sc7180.o
  CC      drivers/firmware/efi/libstub/alignedmem.o
  CC      drivers/interconnect/qcom/sc7280.o
  AR      drivers/firmware/qcom/built-in.a
  CC      drivers/interconnect/qcom/sc8180x.o
  CC      drivers/firmware/efi/libstub/arm64-stub.o
  CC      drivers/interconnect/qcom/sc8280xp.o
  CC      drivers/firmware/efi/libstub/arm64.o
  AR      drivers/nvmem/built-in.a
  CC      drivers/clk/qcom/gpucc-sm8150.o
  CC      drivers/interconnect/qcom/sdm845.o
  AR      drivers/net/ethernet/ni/built-in.a
  CC      drivers/firmware/efi/libstub/efi-stub-entry.o
  AR      drivers/net/ethernet/nvidia/built-in.a
  CC      drivers/firmware/efi/libstub/efi-stub-helper.o
  CC      drivers/firmware/efi/libstub/efi-stub.o
  AR      drivers/net/ethernet/oki-semi/built-in.a
  CC      drivers/firmware/efi/libstub/fdt.o
  CC      drivers/firmware/efi/libstub/file.o
  CC      drivers/clk/qcom/gpucc-sm8250.o
  AR      drivers/firmware/xilinx/built-in.a
  CC      drivers/clk/qcom/tcsrcc-sm8550.o
  CC      drivers/clk/qcom/tcsrcc-sm8650.o
  CC      drivers/clk/qcom/videocc-sm8250.o
  CC      drivers/interconnect/qcom/sdx75.o
  CC      drivers/clk/qcom/hfpll.o
  CC      drivers/firmware/efi/libstub/gop.o
  AR      drivers/net/ethernet/qlogic/built-in.a
  CC      drivers/firmware/efi/libstub/intrinsics.o
  CC      drivers/firmware/efi/libstub/kaslr.o
  CC      drivers/firmware/efi/libstub/lib-cmdline.o
  CC      drivers/interconnect/qcom/sm6115.o
  CC      drivers/interconnect/qcom/sm8150.o
  CC      drivers/interconnect/qcom/sm6350.o
  CC      drivers/interconnect/qcom/sm8250.o
  CC      drivers/interconnect/qcom/sm8350.o
  AR      drivers/net/ethernet/qualcomm/emac/built-in.a
  AR      drivers/clk/tegra/built-in.a
  CC      drivers/interconnect/qcom/sm8450.o
  AR      drivers/net/ethernet/qualcomm/built-in.a
  CC      drivers/firmware/efi/libstub/lib-ctype.o
  AR      drivers/net/ethernet/realtek/built-in.a
  CC      drivers/net/ethernet/renesas/sh_eth.o
  CC      drivers/net/ethernet/renesas/ravb_main.o
  AR      drivers/net/ethernet/rdc/built-in.a
  AR      drivers/net/ethernet/rocker/built-in.a
  CC      drivers/firmware/efi/libstub/lib-fdt.o
  CC      drivers/net/ethernet/renesas/ravb_ptp.o
  CC      drivers/firmware/efi/libstub/lib-fdt_empty_tree.o
  CC      drivers/firmware/efi/libstub/lib-fdt_ro.o
  CC      drivers/firmware/efi/libstub/lib-fdt_rw.o
  CC      drivers/firmware/efi/libstub/lib-fdt_sw.o
  CC      drivers/firmware/efi/libstub/lib-fdt_wip.o
  CC      drivers/firmware/efi/libstub/mem.o
  CC      drivers/firmware/efi/libstub/pci.o
  AR      drivers/net/ethernet/samsung/built-in.a
  CC      drivers/interconnect/qcom/sm8550.o
  AR      drivers/clk/sunxi-ng/built-in.a
  AR      drivers/firmware/arm_scmi/built-in.a
  AR      drivers/net/ethernet/seeq/built-in.a
  CC      drivers/interconnect/qcom/sm8650.o
  CC      drivers/net/ethernet/renesas/rswitch_main.o
  CC      drivers/firmware/efi/libstub/primary_display.o
  CC      drivers/firmware/efi/libstub/printk.o
  CC      drivers/net/ethernet/renesas/rswitch_l2.o
  AR      drivers/net/ethernet/silan/built-in.a
  CC      drivers/firmware/efi/libstub/random.o
  CC      drivers/interconnect/qcom/sm8750.o
  CC      drivers/interconnect/qcom/x1e80100.o
  CC      drivers/interconnect/qcom/smd-rpm.o
  CC      drivers/firmware/efi/libstub/randomalloc.o
  CC      drivers/firmware/efi/libstub/secureboot.o
  CC      drivers/interconnect/qcom/icc-rpm.o
  CC      drivers/interconnect/qcom/icc-rpm-clocks.o
  CC      drivers/net/ethernet/renesas/rcar_gen4_ptp.o
  CC      drivers/firmware/efi/libstub/skip_spaces.o
  AR      drivers/net/ethernet/sis/built-in.a
  CC      drivers/firmware/efi/libstub/smbios.o
  CC      drivers/firmware/efi/libstub/string.o
  AR      drivers/net/ethernet/sfc/built-in.a
  CC      drivers/firmware/efi/libstub/systable.o
  CC      drivers/net/ethernet/renesas/rtsn.o
  CC      drivers/net/ethernet/smsc/smc91x.o
  CC      drivers/firmware/efi/libstub/tpm.o
  CC      drivers/net/ethernet/socionext/sni_ave.o
  CC      drivers/firmware/efi/libstub/vsprintf.o
  STUBCPY drivers/firmware/efi/libstub/lib-cmdline.stub.o
  CC      drivers/net/ethernet/socionext/netsec.o
  CC      drivers/net/ethernet/smsc/smsc911x.o
  STUBCPY drivers/firmware/efi/libstub/lib-ctype.stub.o
  STUBCPY drivers/firmware/efi/libstub/lib-fdt.stub.o
  AR      drivers/net/ethernet/stmicro/built-in.a
  STUBCPY drivers/firmware/efi/libstub/lib-fdt_empty_tree.stub.o
  STUBCPY drivers/firmware/efi/libstub/lib-fdt_ro.stub.o
  STUBCPY drivers/firmware/efi/libstub/lib-fdt_rw.stub.o
  STUBCPY drivers/firmware/efi/libstub/lib-fdt_sw.stub.o
  AR      drivers/net/ethernet/sun/built-in.a
  STUBCPY drivers/firmware/efi/libstub/lib-fdt_wip.stub.o
  AR      drivers/net/ethernet/tehuti/built-in.a
  STUBCPY drivers/firmware/efi/libstub/skip_spaces.stub.o
  STUBCPY drivers/firmware/efi/libstub/string.stub.o
  STUBCPY drivers/firmware/efi/libstub/alignedmem.stub.o
  CC      drivers/net/ethernet/ti/davinci_mdio.o
  CC      drivers/net/ethernet/ti/k3-cppi-desc-pool.o
  AR      drivers/net/ethernet/vertexcom/built-in.a
  AR      drivers/net/ethernet/via/built-in.a
  CC      drivers/net/ethernet/ti/am65-cpsw-nuss.o
  AR      drivers/net/ethernet/wangxun/built-in.a
  CC      drivers/net/ethernet/ti/am65-cpsw-ethtool.o
  AR      drivers/net/ethernet/synopsys/built-in.a
  CC      drivers/net/ethernet/ti/cpsw_sl.o
  CC      drivers/net/ethernet/ti/cpsw_ale.o
  AR      drivers/net/ethernet/xilinx/built-in.a
  AR      drivers/net/ethernet/pensando/built-in.a
  AR      drivers/net/ethernet/wiznet/built-in.a
  AR      drivers/mmc/host/built-in.a
  AR      drivers/mmc/built-in.a
  STUBCPY drivers/firmware/efi/libstub/arm64.stub.o
  STUBCPY drivers/firmware/efi/libstub/arm64-stub.stub.o
  STUBCPY drivers/firmware/efi/libstub/intrinsics.stub.o
  AR      drivers/firmware/tegra/built-in.a
  STUBCPY drivers/firmware/efi/libstub/vsprintf.stub.o
  STUBCPY drivers/firmware/efi/libstub/efi-stub-entry.stub.o
  STUBCPY drivers/firmware/efi/libstub/file.stub.o
  STUBCPY drivers/firmware/efi/libstub/kaslr.stub.o
  AR      drivers/net/ethernet/hisilicon/hns3/built-in.a
  AR      drivers/clk/qcom/built-in.a
  AR      drivers/tee/optee/built-in.a
  AR      drivers/net/ethernet/hisilicon/built-in.a
  AR      drivers/tee/built-in.a
  AR      drivers/clk/built-in.a
  STUBCPY drivers/firmware/efi/libstub/fdt.stub.o
  AR      drivers/firmware/efi/built-in.a
  STUBCPY drivers/firmware/efi/libstub/efi-stub-helper.stub.o
  STUBCPY drivers/firmware/efi/libstub/gop.stub.o
  STUBCPY drivers/firmware/efi/libstub/efi-stub.stub.o
  AR      drivers/interconnect/qcom/built-in.a
  STUBCPY drivers/firmware/efi/libstub/printk.stub.o
  STUBCPY drivers/firmware/efi/libstub/pci.stub.o
  AR      drivers/interconnect/built-in.a
  AR      drivers/perf/hisilicon/built-in.a
  STUBCPY drivers/firmware/efi/libstub/systable.stub.o
  AR      drivers/perf/built-in.a
  STUBCPY drivers/firmware/efi/libstub/mem.stub.o
  STUBCPY drivers/firmware/efi/libstub/smbios.stub.o
  STUBCPY drivers/firmware/efi/libstub/secureboot.stub.o
  STUBCPY drivers/firmware/efi/libstub/randomalloc.stub.o
  STUBCPY drivers/firmware/efi/libstub/tpm.stub.o
  STUBCPY drivers/firmware/efi/libstub/random.stub.o
  STUBCPY drivers/firmware/efi/libstub/primary_display.stub.o
  AR      drivers/firmware/efi/libstub/lib.a
  AR      drivers/firmware/built-in.a
  AR      drivers/net/ethernet/intel/e1000e/built-in.a
  AR      drivers/net/ethernet/intel/igb/built-in.a
  AR      drivers/net/ethernet/intel/built-in.a
  AR      drivers/net/ethernet/smsc/built-in.a
  AR      drivers/net/ethernet/socionext/built-in.a
  AR      drivers/net/ethernet/renesas/built-in.a
  AR      drivers/net/ethernet/ti/built-in.a
  AR      drivers/net/ethernet/marvell/mvpp2/built-in.a
  AR      drivers/net/ethernet/marvell/built-in.a
  AR      drivers/net/ethernet/built-in.a
  AR      drivers/net/built-in.a
  AR      drivers/built-in.a
  AR      built-in.a
  AR      vmlinux.a
  LD      vmlinux.o
  MODPOST vmlinux.symvers
  CC      .vmlinux.export.o
  UPD     include/generated/utsversion.h
  CC      init/version-timestamp.o
  KSYMS   .tmp_vmlinux0.kallsyms.S
  AS      .tmp_vmlinux0.kallsyms.o
  LD      .tmp_vmlinux1
  NM      .tmp_vmlinux1.syms
  KSYMS   .tmp_vmlinux1.kallsyms.S
  AS      .tmp_vmlinux1.kallsyms.o
  LD      .tmp_vmlinux2
  NM      .tmp_vmlinux2.syms
  KSYMS   .tmp_vmlinux2.kallsyms.S
  AS      .tmp_vmlinux2.kallsyms.o
  LD      vmlinux.unstripped
  NM      System.map
  SORTTAB vmlinux.unstripped
  OBJCOPY vmlinux
  GEN     modules.builtin.modinfo
  GEN     modules.builtin
  OBJCOPY arch/arm64/boot/Image
  LDS     scripts/module.lds
  CC [M]  sound/sound_core.o
  CC [M]  sound/core/sound.o
  CC [M]  sound/drivers/aloop.o
  CC [M]  sound/core/init.o
  CC [M]  sound/core/memory.o
  CC [M]  sound/usb/card.o
  CC [M]  sound/core/control.o
  CC [M]  sound/usb/clock.o
  CC [M]  sound/core/misc.o
  CC [M]  sound/usb/endpoint.o
  CC [M]  sound/usb/fcp.o
  CC [M]  sound/core/device.o
  CC [M]  sound/soc/soc-usb.o
  CC [M]  sound/usb/format.o
  CC [M]  sound/core/info.o
  CC [M]  sound/usb/helper.o
  CC [M]  sound/core/vmaster.o
  CC [M]  sound/soc/soc-core.o
  CC [M]  sound/usb/implicit.o
  CC [M]  sound/core/ctljack.o
  CC [M]  sound/usb/mixer.o
  CC [M]  sound/soc/soc-dapm.o
  CC [M]  sound/hda/core/hda_bus_type.o
  CC [M]  sound/core/jack.o
  CC [M]  sound/soc/soc-jack.o
  CC [M]  sound/usb/mixer_quirks.o
  CC [M]  sound/hda/controllers/tegra.o
  CC [M]  sound/soc/soc-utils.o
  CC [M]  sound/hda/common/bind.o
  CC [M]  sound/core/control_led.o
  CC [M]  drivers/soc/apple/mailbox.o
  CC [M]  sound/hda/core/bus.o
  CC [M]  sound/usb/mixer_scarlett.o
  CC [M]  sound/hda/core/device.o
  CC [M]  sound/hda/core/sysfs.o
  CC [M]  drivers/nfc/nxp-nci/core.o
  CC [M]  drivers/soc/apple/rtkit.o
  CC [M]  drivers/nfc/s3fwrn5/core.o
  CC [M]  sound/usb/mixer_scarlett2.o
  CC [M]  sound/hda/codecs/hdmi/hdmi.o
  CC [M]  sound/soc/soc-dai.o
  CC [M]  sound/hda/common/codec.o
  CC [M]  sound/usb/mixer_us16x08.o
  CC [M]  drivers/misc/qcom-coincell.o
  CC [M]  drivers/nfc/s3fwrn5/firmware.o
  CC [M]  drivers/char/ipmi/ipmi_msghandler.o
  CC [M]  drivers/gpu/host1x/bus.o
  CC [M]  drivers/char/ipmi/ipmi_devintf.o
  CC [M]  drivers/soc/apple/rtkit-crashlog.o
  CC [M]  sound/hda/common/jack.o
  CC [M]  arch/arm64/crypto/aes-glue-neon.o
  CC [M]  drivers/phy/phy-can-transceiver.o
  CC [M]  sound/hda/common/auto_parser.o
  CC [M]  drivers/block/nbd.o
  CC [M]  drivers/gpu/host1x/syncpt.o
  CC [M]  drivers/pwm/pwm-adp5585.o
  CC [M]  drivers/gpu/host1x/dev.o
  CC [M]  drivers/leds/led-class-flash.o
  CC [M]  drivers/leds/led-class-multicolor.o
  CC [M]  sound/hda/common/sysfs.o
  CC [M]  drivers/pinctrl/pinctrl-apple-gpio.o
  CC [M]  drivers/bus/imx-aipstz.o
  CC [M]  drivers/video/backlight/apple_dwi_bl.o
  CC [M]  drivers/video/backlight/gpio_backlight.o
  CC [M]  drivers/video/backlight/backlight.o
  CC [M]  drivers/bus/tegra-aconnect.o
  CC [M]  drivers/iommu/apple-dart.o
  CC [M]  drivers/dma/apple-admac.o
  CC [M]  drivers/reset/reset-berlin.o
  CC [M]  drivers/reset/reset-gpio.o
  CC [M]  drivers/reset/reset-qcom-pdc.o
  CC [M]  sound/soc/soc-component.o
  CC [M]  drivers/mfd/exynos-lpass.o
  CC [M]  drivers/clk/clk-apple-nco.o
  CC [M]  crypto/crypto_engine.o
  CC [M]  drivers/gpio/gpio-regmap.o
  CC [M]  drivers/reset/reset-rzv2h-usb2phy.o
  CC [M]  drivers/gpu/drm/drm_atomic.o
  CC [M]  drivers/xen/xen-pciback/pci_stub.o
  CC [M]  drivers/char/tpm/tpm_tis_core.o
  CC [M]  drivers/regulator/da9211-regulator.o
  CC [M]  drivers/char/tpm/tpm_tis.o
  CC [M]  drivers/pci/pwrctrl/pci-pwrctrl-pwrseq.o
  CC [M]  drivers/irqchip/irq-bcm2712-mip.o
  CC [M]  drivers/base/regmap/regmap-slimbus.o
  CC [M]  drivers/pci/pwrctrl/pci-pwrctrl-tc9563.o
  CC [M]  net/802/psnap.o
  CC [M]  sound/core/hwdep.o
  CC [M]  sound/soc/soc-pcm.o
  CC [M]  drivers/regulator/lp873x-regulator.o
  CC [M]  lib/crc/crc-ccitt.o
  CC [M]  drivers/nvme/host/core.o
  CC [M]  drivers/scsi/raid_class.o
  CC [M]  drivers/video/backlight/lp855x_bl.o
  CC [M]  drivers/video/backlight/pwm_bl.o
  CC [M]  crypto/kpp.o
  CC [M]  drivers/mfd/macsmc.o
  CC [M]  drivers/mfd/ti_am335x_tscadc.o
  CC [M]  drivers/mfd/lp873x.o
  CC [M]  drivers/regulator/max20411-regulator.o
  CC [M]  drivers/xen/xen-pciback/pciback_ops.o
  CC [M]  drivers/ata/ahci_brcm.o
  CC [M]  drivers/ata/ahci_dwc.o
  CC [M]  drivers/irqchip/irq-imx-mu-msi.o
  CC [M]  drivers/misc/fastrpc.o
  CC [M]  drivers/leds/leds-cros_ec.o
  CC [M]  drivers/nvme/host/ioctl.o
  CC [M]  drivers/misc/pci_endpoint_test.o
  CC [M]  drivers/misc/xilinx_sdfec.o
  CC [M]  drivers/misc/tps6594-esm.o
  CC [M]  sound/usb/mixer_s1810c.o
  CC [M]  sound/usb/power.o
  CC [M]  sound/usb/pcm.o
  CC [M]  drivers/xen/xen-pciback/xenbus.o
  CC [M]  drivers/nvme/host/sysfs.o
  CC [M]  sound/soc/soc-devres.o
  CC [M]  sound/soc/soc-ops.o
  CC [M]  drivers/video/backlight/qcom-wled.o
  CC [M]  drivers/clk/clk-bd718x7.o
  CC [M]  drivers/phy/phy-nxp-ptn3222.o
  CC [M]  fs/nfs/blocklayout/blocklayout.o
  LD [M]  sound/soundcore.o
  CC [M]  drivers/pinctrl/pinctrl-da9062.o
  CC [M]  drivers/nfc/nxp-nci/firmware.o
  CC [M]  drivers/bus/mhi/host/init.o
  CC [M]  drivers/pinctrl/pinctrl-rk805.o
  CC [M]  drivers/pinctrl/pinctrl-sx150x.o
  CC [M]  drivers/pinctrl/pinctrl-rp1.o
  CC [M]  drivers/pinctrl/pinctrl-tps6594.o
  CC [M]  drivers/gpio/gpio-adp5585.o
  CC [M]  drivers/pwm/pwm-apple.o
  CC [M]  drivers/gpio/gpio-aggregator.o
  CC [M]  drivers/soc/apple/sart.o
  CC [M]  lib/crypto/arc4.o
  LD [M]  drivers/soc/apple/apple-mailbox.o
  CC [M]  drivers/gpio/gpio-altera.o
  CC [M]  drivers/base/regmap/regmap-sdw.o
  AS [M]  arch/arm64/crypto/aes-neonbs-core.o
  CC [M]  drivers/nfc/s3fwrn5/nci.o
  CC [M]  sound/hda/core/regmap.o
  CC [M]  drivers/char/ipmi/ipmi_si_intf.o
  CC [M]  drivers/misc/tps6594-pfsm.o
  CC [M]  lib/crypto/blake2b.o
  CC [M]  drivers/reset/amlogic/reset-meson-aux.o
  CC [M]  drivers/reset/amlogic/reset-meson-audio-arb.o
  LD [M]  sound/hda/controllers/snd-hda-tegra.o
  CC [M]  drivers/mfd/wcd934x.o
  CC [M]  sound/core/timer.o
  CC [M]  arch/arm64/crypto/aes-neonbs-glue.o
  CC [M]  crypto/dh.o
  CC [M]  drivers/nfc/s3fwrn5/phy_common.o
  CC [M]  drivers/gpio/gpio-bd9571mwv.o
  CC [M]  drivers/soc/mediatek/mtk-cmdq-helper.o
  CC [M]  drivers/soc/mediatek/mtk-devapc.o
  CC [M]  drivers/soc/mediatek/mtk-mmsys.o
  CC [M]  drivers/soc/mediatek/mtk-mutex.o
  CC [M]  lib/raid/xor/xor-core.o
  CC [M]  drivers/soc/mediatek/mtk-svs.o
  CC [M]  sound/hda/common/controller.o
  CC [M]  lib/raid/xor/xor-32regs.o
  CC [M]  lib/raid/xor/xor-8regs.o
  CC [M]  lib/raid/xor/xor-8regs-prefetch.o
  CC [M]  lib/raid/xor/arm64/xor-neon.o
  CC [M]  lib/raid/xor/xor-32regs-prefetch.o
  CC [M]  drivers/gpu/host1x/intr.o
  CC [M]  lib/raid/xor/arm64/xor-neon-glue.o
  CC [M]  sound/hda/codecs/hdmi/eld.o
  CC [M]  fs/nfs/blocklayout/extent_tree.o
  CC [M]  fs/nfs/blocklayout/dev.o
  CC [M]  fs/nfs/blocklayout/rpc_pipefs.o
  CC [M]  net/802/stp.o
  CC [M]  net/802/garp.o
  CC [M]  drivers/dma/bcm-sba-raid.o
  CC [M]  drivers/leds/leds-lm3692x.o
  CC [M]  sound/hda/codecs/hdmi/simplehdmi.o
  CC [M]  sound/hda/common/proc.o
  CC [M]  sound/hda/codecs/hdmi/intelhdmi.o
  CC [M]  drivers/spmi/spmi-apple-controller.o
  CC [M]  drivers/net/macvlan.o
  CC [M]  drivers/spi/spidev.o
  CC [M]  drivers/scsi/mpt3sas/mpt3sas_base.o
  LD [M]  sound/drivers/snd-aloop.o
  CC [M]  drivers/gpu/host1x/cdma.o
  CC [M]  drivers/bus/mhi/host/main.o
  CC [M]  drivers/bus/mhi/host/pm.o
  CC [M]  drivers/mtd/nand/raw/brcmnand/iproc_nand.o
  CC [M]  drivers/pci/endpoint/functions/pci-epf-test.o
  CC [M]  drivers/pwm/pwm-bcm2835.o
  CC [M]  drivers/mtd/nand/raw/brcmnand/bcmbca_nand.o
  CC [M]  drivers/mtd/nand/raw/brcmnand/brcmstb_nand.o
  CC [M]  drivers/mtd/ubi/vtbl.o
  CC [M]  drivers/gpu/drm/drm_atomic_uapi.o
  CC [M]  drivers/mtd/ubi/vmt.o
  CC [M]  drivers/irqchip/irq-pruss-intc.o
  CC [M]  drivers/mtd/ubi/upd.o
  CC [M]  drivers/nfc/nxp-nci/i2c.o
  LD [M]  lib/raid/xor/xor.o
  LD [M]  drivers/soc/apple/apple-rtkit.o
  CC [M]  drivers/xen/xen-pciback/conf_space.o
  LD [M]  drivers/soc/apple/apple-sart.o
  CC [M]  drivers/xen/xen-pciback/conf_space_header.o
  CC [M]  drivers/xen/xen-pciback/conf_space_capability.o
  CC [M]  drivers/gpu/drm/drm_auth.o
  CC [M]  lib/crypto/chacha.o
  CC [M]  drivers/gpu/drm/drm_blend.o
  CC [M]  drivers/char/tpm/tpm_tis_spi_main.o
  CC [M]  drivers/mtd/nand/spi/core.o
  LD [M]  arch/arm64/crypto/aes-neon-blk.o
  LD [M]  arch/arm64/crypto/aes-neon-bs.o
  CC [M]  drivers/char/tpm/tpm_tis_spi_cr50.o
  CC [M]  drivers/xen/xen-pciback/conf_space_quirks.o
  CC [M]  drivers/xen/xen-pciback/vpci.o
  CC [M]  sound/soc/soc-link.o
  CC [M]  drivers/mtd/nand/spi/otp.o
  CC [M]  sound/hda/core/controller.o
  CC [M]  sound/hda/core/stream.o
  CC [M]  crypto/dh_helper.o
  CC [M]  sound/hda/core/array.o
  CC [M]  sound/hda/core/hdmi_chmap.o
  CC [M]  drivers/regulator/mt6315-regulator.o
  CC [M]  sound/hda/core/trace.o
  CC [M]  drivers/spmi/spmi-mtk-pmif.o
  CC [M]  sound/soc/soc-card.o
  CC [M]  drivers/gpu/drm/drm_bridge.o
  CC [M]  drivers/nfc/s3fwrn5/i2c.o
  CC [M]  drivers/gpu/drm/drm_cache.o
  LD [M]  drivers/nfc/s3fwrn5/s3fwrn5.o
  CC [M]  drivers/gpu/host1x/channel.o
  CC [M]  drivers/gpu/host1x/job.o
  CC [M]  sound/hda/codecs/hdmi/atihdmi.o
  CC [M]  drivers/nvme/host/pr.o
  AS [M]  lib/crypto/arm64/chacha-neon-core.o
  CC [M]  drivers/leds/leds-pca9532.o
  CC [M]  drivers/scsi/mpt3sas/mpt3sas_config.o
  CC [M]  sound/hda/core/component.o
  CC [M]  drivers/clk/clk-rp1.o
  CC [M]  lib/crypto/des.o
  CC [M]  drivers/mtd/nand/spi/alliancememory.o
  CC [M]  drivers/spi/spi-apple.o
  CC [M]  drivers/pwm/pwm-brcmstb.o
  CC [M]  drivers/pwm/pwm-cros-ec.o
  CC [M]  drivers/pwm/pwm-imx27.o
  CC [M]  drivers/pwm/pwm-mediatek.o
  CC [M]  drivers/gpio/gpio-macsmc.o
  CC [M]  sound/core/pcm.o
  CC [M]  drivers/mfd/wm8994-core.o
  CC [M]  drivers/bus/mhi/host/boot.o
  CC [M]  sound/core/pcm_native.o
  CC [M]  sound/core/pcm_lib.o
  CC [M]  drivers/gpio/gpio-max77759.o
  LD [M]  drivers/nfc/nxp-nci/nxp-nci.o
  CC [M]  drivers/scsi/mpt3sas/mpt3sas_scsih.o
  CC [M]  drivers/scsi/mpt3sas/mpt3sas_transport.o
  CC [M]  drivers/scsi/mpt3sas/mpt3sas_ctl.o
  CC [M]  drivers/scsi/mpt3sas/mpt3sas_trigger_diag.o
  CC [M]  drivers/gpio/gpio-pcf857x.o
  LD [M]  sound/hda/common/snd-hda-codec.o
  CC [M]  drivers/mtd/nand/raw/brcmnand/brcmnand.o
  CC [M]  crypto/cmac.o
  CC [M]  crypto/hmac.o
  CC [M]  crypto/md5.o
  CC [M]  drivers/char/ipmi/ipmi_kcs_sm.o
  CC [M]  drivers/phy/phy-snps-eusb2.o
  CC [M]  crypto/sha1.o
  CC [M]  drivers/pci/controller/pcie-rockchip-host.o
  CC [M]  drivers/pci/controller/pcie-mediatek-gen3.o
  CC [M]  drivers/pci/controller/pcie-brcmstb.o
  CC [M]  drivers/pci/controller/pcie-apple.o
  CC [M]  drivers/mtd/ubi/build.o
  CC [M]  drivers/spi/spi-bcm2835.o
  CC [M]  drivers/xen/xen-pciback/passthrough.o
  CC [M]  drivers/gpu/host1x/debug.o
  CC [M]  drivers/gpu/host1x/mipi.o
  CC [M]  drivers/gpu/host1x/tegra114-mipi.o
  CC [M]  drivers/char/ipmi/ipmi_smic_sm.o
  CC [M]  drivers/char/ipmi/ipmi_bt_sm.o
  CC [M]  drivers/gpio/gpio-shared-proxy.o
  CC [M]  net/802/mrp.o
  CC [M]  drivers/gpio/gpio-sl28cpld.o
  CC [M]  drivers/gpio/gpio-tpic2810.o
  CC [M]  sound/soc/soc-compress.o
  CC [M]  sound/soc/soc-topology.o
  CC [M]  drivers/bus/mhi/host/pci_generic.o
  CC [M]  drivers/dma/sun6i-dma.o
  CC [M]  drivers/mtd/nand/spi/ato.o
  LD [M]  drivers/nfc/nxp-nci/nxp-nci_i2c.o
  CC [M]  sound/soc/soc-generic-dmaengine-pcm.o
  CC [M]  drivers/regulator/mt6316-regulator.o
  CC [M]  drivers/regulator/qcom-pm8008-regulator.o
  CC [M]  drivers/scsi/mpt3sas/mpt3sas_debugfs.o
  CC [M]  drivers/scsi/mpt3sas/mpt3sas_warpdrive.o
  CC [M]  drivers/dma/imx-sdma.o
  CC [M]  drivers/misc/eeprom/at24.o
  CC [M]  sound/usb/proc.o
  CC [M]  sound/usb/quirks.o
  CC [M]  sound/usb/stream.o
  CC [M]  drivers/gpu/host1x/fence.o
  CC [M]  drivers/gpu/host1x/hw/host1x01.o
  CC [M]  drivers/gpu/host1x/hw/host1x02.o
  CC [M]  drivers/gpu/host1x/hw/host1x04.o
  CC [M]  drivers/gpu/host1x/hw/host1x05.o
  CC [M]  drivers/gpu/host1x/hw/host1x07.o
  CC [M]  drivers/gpu/host1x/hw/host1x06.o
  CC [M]  drivers/gpu/host1x/hw/host1x08.o
  CC [M]  drivers/misc/eeprom/at25.o
  CC [M]  drivers/gpu/host1x/context.o
  CC [M]  sound/hda/codecs/hdmi/nvhdmi.o
  LD [M]  sound/hda/core/snd-hda-core.o
  CC [M]  drivers/mtd/hyperbus/hyperbus-core.o
  CC [M]  drivers/gpio/gpio-wcd934x.o
  CC [M]  drivers/char/tpm/tpm_tis_i2c_cr50.o
  CC [M]  drivers/mtd/hyperbus/hbmc-am654.o
  CC [M]  drivers/mfd/wm8994-irq.o
  CC [M]  net/sched/act_gact.o
  CC [M]  net/sched/act_mirred.o
  CC [M]  net/sched/act_gate.o
  CC [M]  net/sched/sch_ingress.o
  CC [M]  lib/crypto/gf128hash.o
  CC [M]  drivers/pwm/pwm-meson.o
  CC [M]  net/sched/sch_mqprio.o
  CC [M]  drivers/mtd/nand/spi/dosilicon.o
  CC [M]  drivers/mfd/wm8994-regmap.o
  CC [M]  drivers/mfd/tps6594-core.o
  CC [M]  drivers/gpu/drm/drm_color_mgmt.o
  CC [M]  drivers/pwm/pwm-mtk-disp.o
  CC [M]  drivers/pwm/pwm-rcar.o
  CC [M]  drivers/regulator/qcom-refgen-regulator.o
  CC [M]  drivers/net/macvtap.o
  CC [M]  sound/usb/validate.o
  AS [M]  lib/crypto/arm64/ghash-neon-core.o
  CC [M]  drivers/leds/flash/leds-qcom-flash.o
  AS [M]  lib/crypto/arm64/polyval-ce-core.o
  CC [M]  net/netfilter/nf_conntrack_core.o
  LD [M]  drivers/nfc/s3fwrn5/s3fwrn5_i2c.o
  CC [M]  drivers/mfd/tps6594-i2c.o
  CC [M]  drivers/soc/amlogic/meson-canvas.o
  CC [M]  drivers/mfd/da9062-core.o
  CC [M]  drivers/regulator/qcom_usb_vbus-regulator.o
  CC [M]  drivers/dma/tegra210-adma.o
  CC [M]  sound/hda/codecs/hdmi/nvhdmi-mcp.o
  CC [M]  sound/hda/codecs/hdmi/tegrahdmi.o
  CC [M]  net/sched/sch_mqprio_lib.o
  CC [M]  net/sched/sch_cbs.o
  CC [M]  sound/core/pcm_misc.o
  CC [M]  drivers/gpio/gpio-xilinx.o
  CC [M]  sound/core/pcm_memory.o
  CC [M]  drivers/pinctrl/qcom/pinctrl-milos-lpass-lpi.o
  CC [M]  sound/core/memalloc.o
  CC [M]  sound/core/pcm_timer.o
  CC [M]  sound/core/pcm_drm_eld.o
  CC [M]  drivers/char/ipmi/ipmi_si_hotmod.o
  CC [M]  drivers/nvme/host/pci.o
  CC [M]  lib/lz4/lz4_compress.o
  CC [M]  sound/soc/codecs/adau7002.o
  CC [M]  sound/core/pcm_iec958.o
  CC [M]  net/sched/sch_etf.o
  CC [M]  drivers/soc/qcom/mdt_loader.o
  LD [M]  drivers/bus/mhi/host/mhi_pci_generic.o
  LD [M]  drivers/bus/mhi/host/mhi.o
  CC [M]  drivers/soc/qcom/ocmem.o
  CC [M]  drivers/mtd/ubi/cdev.o
  CC [M]  drivers/spi/spi-bcm2835aux.o
  CC [M]  sound/soc/generic/simple-card-utils.o
  CC [M]  sound/soc/apple/mca.o
  CC [M]  sound/soc/codecs/ak4613.o
  CC [M]  lib/crypto/md5.o
  CC [M]  drivers/net/mdio.o
  CC [M]  drivers/nvme/host/apple.o
  LD [M]  drivers/nvme/host/nvme-core.o
  CC [M]  drivers/regulator/tps6594-regulator.o
  CC [M]  drivers/net/tap.o
  LD [M]  sound/hda/codecs/hdmi/snd-hda-codec-hdmi.o
  CC [M]  drivers/net/veth.o
  CC [M]  drivers/net/mhi_net.o
  CC [M]  drivers/leds/rgb/leds-qcom-lpg.o
  CC [M]  drivers/pinctrl/qcom/pinctrl-sc7280-lpass-lpi.o
  CC [M]  drivers/gpu/drm/drm_colorop.o
  CC [M]  drivers/pinctrl/qcom/pinctrl-sm6115-lpass-lpi.o
  CC [M]  drivers/pinctrl/qcom/pinctrl-sm8250-lpass-lpi.o
  CC [M]  drivers/pinctrl/qcom/pinctrl-sm8450-lpass-lpi.o
  CC [M]  drivers/pinctrl/qcom/pinctrl-sm8650-lpass-lpi.o
  CC [M]  drivers/pinctrl/qcom/pinctrl-sm8550-lpass-lpi.o
  CC [M]  drivers/pwm/pwm-rzg2l-gpt.o
  LD [M]  drivers/xen/xen-pciback/xen-pciback.o
  CC [M]  crypto/sha256.o
  CC [M]  sound/core/pcm_dmaengine.o
  CC [M]  crypto/sha512.o
  CC [M]  sound/core/rawmidi.o
  CC [M]  drivers/pinctrl/qcom/pinctrl-sc8280xp-lpass-lpi.o
  CC [M]  drivers/gpio/gpio-zynq.o
  CC [M]  drivers/gpu/drm/drm_connector.o
  CC [M]  sound/soc/generic/simple-card.o
  CC [M]  net/ipv4/ip_tunnel.o
  CC [M]  drivers/mtd/nand/spi/esmt.o
  LD [M]  drivers/char/tpm/tpm_tis_spi.o
  CC [M]  drivers/usb/phy/phy-mxs-usb.o
  CC [M]  drivers/mfd/max77759.o
  AS [M]  lib/crypto/arm64/sha512-ce-core.o
  CC [M]  lib/crypto/sha512.o
  LD [M]  sound/hda/codecs/hdmi/snd-hda-codec-simplehdmi.o
  PERLASM lib/crypto/arm64/sha512-core.S
  CC [M]  drivers/pci/controller/dwc/pci-meson.o
  CC [M]  drivers/clk/meson/clk-phase.o
  CC [M]  drivers/clk/meson/sclk-div.o
  CC [M]  drivers/phy/allwinner/phy-sun6i-mipi-dphy.o
  CC [M]  net/netfilter/nf_conntrack_standalone.o
  CC [M]  net/netfilter/nf_conntrack_expect.o
  CC [M]  net/netfilter/nf_conntrack_helper.o
  CC [M]  lib/zstd/zstd_compress_module.o
  CC [M]  lib/zstd/compress/fse_compress.o
  CC [M]  sound/soc/generic/audio-graph-card.o
  LD [M]  drivers/gpu/host1x/host1x.o
  CC [M]  lib/zstd/compress/hist.o
  CC [M]  lib/zstd/compress/huf_compress.o
  CC [M]  sound/soc/generic/audio-graph-card2.o
  LD [M]  sound/hda/codecs/hdmi/snd-hda-codec-intelhdmi.o
  CC [M]  lib/zstd/compress/zstd_compress.o
  CC [M]  drivers/mtd/ubi/kapi.o
  CC [M]  drivers/char/ipmi/ipmi_si_hardcode.o
  CC [M]  drivers/pinctrl/qcom/pinctrl-lpass-lpi.o
  CC [M]  drivers/clk/mediatek/clk-mt8196-mfg.o
  CC [M]  drivers/clk/meson/axg-audio.o
  CC [M]  sound/soc/codecs/ak4619.o
  CC [M]  net/sched/sch_taprio.o
  CC [M]  net/sched/cls_basic.o
  CC [M]  net/sched/cls_flower.o
  CC [M]  lib/zstd/compress/zstd_compress_literals.o
  CC [M]  drivers/mtd/nand/spi/fmsh.o
  CC [M]  drivers/mtd/nand/spi/foresee.o
  CC [M]  drivers/pci/controller/cadence/pcie-cadence-hpa.o
  CC [M]  drivers/pci/controller/cadence/pcie-cadence.o
  CC [M]  drivers/pci/controller/cadence/pcie-cadence-host-common.o
  LD [M]  sound/hda/codecs/hdmi/snd-hda-codec-atihdmi.o
  LD [M]  sound/hda/codecs/hdmi/snd-hda-codec-nvhdmi.o
  LD [M]  sound/hda/codecs/hdmi/snd-hda-codec-nvhdmi-mcp.o
  LD [M]  sound/hda/codecs/hdmi/snd-hda-codec-tegrahdmi.o
  CC [M]  drivers/regulator/tps65132-regulator.o
  CC [M]  drivers/regulator/vctrl-regulator.o
  CC [M]  lib/zstd/compress/zstd_compress_sequences.o
  CC [M]  sound/soc/codecs/bt-sco.o
  CC [M]  drivers/soc/qcom/qcom_pd_mapper.o
  CC [M]  lib/crypto/sha3.o
  AS [M]  lib/crypto/arm64/sha3-ce-core.o
  CC [M]  lib/crypto/sm3.o
  CC [M]  drivers/char/ipmi/ipmi_si_platform.o
  CC [M]  drivers/mtd/ubi/eba.o
  CC [M]  drivers/mtd/ubi/io.o
  CC [M]  sound/usb/media.o
  LD [M]  fs/nfs/blocklayout/blocklayoutdriver.o
  CC [M]  drivers/pwm/pwm-rz-mtu3.o
  CC [M]  drivers/spi/spi-bitbang.o
  CC [M]  drivers/spi/spi-dw-core.o
  CC [M]  drivers/input/ff-memless.o
  CC [M]  drivers/pwm/pwm-renesas-tpu.o
  CC [M]  drivers/rtc/rtc-nxp-bbnsm.o
  CC [M]  drivers/rtc/rtc-bq32k.o
  CC [M]  fs/pstore/ram.o
  CC [M]  fs/pstore/ram_core.o
  CC [M]  drivers/spi/spi-dw-dma.o
  CC [M]  drivers/spi/spi-dw-mmio.o
  CC [M]  drivers/misc/uacce/uacce.o
  CC [M]  drivers/dma/sh/usb-dmac.o
  CC [M]  drivers/misc/rp1/rp1_pci.o
  CC [M]  drivers/clk/mediatek/clk-mt8196-disp0.o
  CC [M]  drivers/input/sparse-keymap.o
  CC [M]  drivers/mtd/nand/spi/gigadevice.o
  CC [M]  drivers/clk/mediatek/clk-mt8196-disp1.o
  CC [M]  drivers/clk/mediatek/clk-mt8196-vdisp_ao.o
  CC [M]  net/ipv4/tunnel4.o
  CC [M]  drivers/clk/mediatek/clk-mt8196-ovl0.o
  CC [M]  drivers/soc/qcom/pdr_interface.o
  CC [M]  drivers/clk/mediatek/clk-mt8196-ovl1.o
  CC [M]  drivers/clk/mediatek/clk-mt8196-vdec.o
  CC [M]  drivers/clk/mediatek/clk-mt8196-venc.o
  CC [M]  drivers/soc/ti/pruss.o
  CC [M]  drivers/soc/qcom/qcom_pdr_msg.o
  CC [M]  drivers/soc/qcom/pmic_glink.o
  CC [M]  net/ipv4/netfilter/nf_defrag_ipv4.o
  CC [M]  crypto/sm3.o
  CC [M]  crypto/sha3.o
  CC [M]  drivers/mtd/ubi/wl.o
  CC [M]  fs/ubifs/shrinker.o
  CC [M]  drivers/net/phy/ax88796b.o
  CC [M]  drivers/net/phy/bcm54140.o
  CC [M]  net/ipv6/sit.o
  AS [M]  lib/crypto/arm64/sm3-ce-core.o
  CC [M]  lib/zstd/compress/zstd_compress_superblock.o
  AS [M]  lib/crypto/arm64/sm3-neon-core.o
  CC [M]  drivers/usb/host/ehci-brcm.o
  CC [M]  drivers/usb/host/xhci-pci-renesas.o
  CC [M]  drivers/gpu/drm/drm_crtc.o
  CC [M]  drivers/gpu/drm/drm_displayid.o
  LD [M]  lib/crypto/libarc4.o
  CC [M]  drivers/char/ipmi/ipmi_si_mem_io.o
  CC [M]  drivers/char/ipmi/ipmi_si_port_io.o
  CC [M]  net/ipv6/netfilter/nf_defrag_ipv6_hooks.o
  CC [M]  drivers/char/ipmi/ipmi_si_pci.o
  CC [M]  drivers/pwm/pwm-sl28cpld.o
  LD [M]  lib/crypto/libblake2b.o
  CC [M]  fs/ubifs/journal.o
  CC [M]  drivers/pci/controller/dwc/pcie-tegra194.o
  CC [M]  fs/ubifs/file.o
  CC [M]  sound/soc/codecs/cros_ec_codec.o
  CC [M]  drivers/soc/qcom/pmic_glink_altmode.o
  CC [M]  drivers/usb/misc/qcom_eud.o
  CC [M]  drivers/usb/misc/onboard_usb_dev.o
  CC [M]  fs/fuse/trace.o
  CC [M]  fs/fuse/dev.o
  CC [M]  fs/overlayfs/super.o
  CC [M]  drivers/pci/controller/cadence/pcie-cadence-host.o
  CC [M]  drivers/pci/controller/cadence/pcie-cadence-host-hpa.o
  CC [M]  drivers/pci/controller/cadence/pci-j721e.o
  CC [M]  sound/core/compress_offload.o
  LD [M]  sound/core/snd.o
  LD [M]  sound/soc/apple/snd-soc-apple-mca.o
  CC [M]  drivers/mfd/adp5585.o
  CC [M]  drivers/input/keyboard/adc-keys.o
  CC [M]  drivers/soc/qcom/qmi_encdec.o
  CC [M]  drivers/soc/qcom/qmi_interface.o
  CC [M]  drivers/soc/qcom/rmtfs_mem.o
  CC [M]  drivers/pwm/pwm-sun4i.o
  LD [M]  lib/crypto/libchacha.o
  CC [M]  drivers/pwm/pwm-stm32.o
  LD [M]  lib/crypto/libdes.o
  LD [M]  lib/crypto/libgf128hash.o
  LD [M]  lib/crypto/libmd5.o
  AS [M]  lib/crypto/arm64/sha512-core.o
  LD [M]  lib/crypto/libsha3.o
  LD [M]  lib/crypto/libsm3.o
  LD [M]  lib/crypto/libsha512.o
  CC [M]  drivers/soc/qcom/socinfo.o
  CC [M]  fs/overlayfs/namei.o
  CC [M]  net/dsa/conduit.o
  CC [M]  net/dsa/devlink.o
  CC [M]  net/dsa/dsa.o
  CC [M]  drivers/mtd/nand/spi/macronix.o
  CC [M]  drivers/mtd/nand/spi/micron.o
  CC [M]  drivers/mtd/nand/spi/paragon.o
  CC [M]  drivers/mtd/nand/spi/skyhigh.o
  CC [M]  drivers/mtd/ubi/attach.o
  CC [M]  drivers/mtd/ubi/misc.o
  CC [M]  drivers/rtc/rtc-da9063.o
  CC [M]  drivers/pci/controller/dwc/pcie-rcar-gen4.o
  CC [M]  drivers/clk/qcom/dispcc-eliza.o
  CC [M]  drivers/clk/qcom/tcsrcc-eliza.o
  CC [M]  drivers/spi/spi-imx.o
  CC [M]  fs/btrfs/super.o
  CC [M]  fs/btrfs/ctree.o
  CC [M]  fs/btrfs/extent-tree.o
  CC [M]  drivers/clk/qcom/lpass-gfm-sm8250.o
  CC [M]  drivers/clk/qcom/dispcc-glymur.o
  CC [M]  fs/overlayfs/util.o
  CC [M]  drivers/clk/qcom/tcsrcc-glymur.o
  CC [M]  drivers/soc/qcom/spm.o
  CC [M]  drivers/clk/qcom/cambistmclkcc-kaanapali.o
  CC [M]  drivers/clk/qcom/camcc-kaanapali.o
  CC [M]  net/netfilter/nf_conntrack_proto.o
  CC [M]  fs/overlayfs/inode.o
  CC [M]  drivers/clk/qcom/dispcc-kaanapali.o
  LD [M]  drivers/nvme/host/nvme-apple.o
  LD [M]  drivers/nvme/host/nvme.o
  CC [M]  net/netfilter/nf_conntrack_proto_generic.o
  LD [M]  sound/core/snd-ctl-led.o
  CC [M]  drivers/mtd/ubi/debug.o
  CC [M]  net/dsa/netlink.o
  CC [M]  drivers/soc/qcom/qcom_stats.o
  CC [M]  drivers/soc/qcom/wcnss_ctrl.o
  CC [M]  drivers/net/mdio/mdio-regmap.o
  CC [M]  drivers/soc/qcom/apr.o
  CC [M]  drivers/phy/cadence/phy-cadence-torrent.o
  LD [M]  fs/pstore/ramoops.o
  CC [M]  drivers/dma/mediatek/mtk-uart-apdma.o
  CC [M]  drivers/input/keyboard/gpio_keys_polled.o
  CC [M]  drivers/input/keyboard/imx_sc_key.o
  CC [M]  drivers/input/keyboard/mtk-pmic-keys.o
  CC [M]  fs/fuse/dir.o
  CC [M]  drivers/pwm/pwm-tegra.o
  CC [M]  drivers/pwm/pwm-tiecap.o
  CC [M]  drivers/pwm/pwm-tiehrpwm.o
  CC [M]  drivers/soc/qcom/llcc-qcom.o
  CC [M]  lib/zstd/compress/zstd_double_fast.o
  CC [M]  drivers/soc/qcom/icc-bwmon.o
  LD [M]  drivers/char/ipmi/ipmi_si.o
  CC [M]  fs/btrfs/print-tree.o
  CC [M]  fs/btrfs/root-tree.o
  CC [M]  fs/btrfs/dir-item.o
  CC [M]  drivers/net/phy/bcm7xxx.o
  CC [M]  net/dsa/port.o
  CC [M]  drivers/pwm/pwm-visconti.o
  CC [M]  drivers/net/phy/bcm-phy-lib.o
  CC [M]  drivers/gpu/drm/drm_drv.o
  CC [M]  drivers/gpu/drm/drm_dumb_buffers.o
  CC [M]  sound/usb/midi.o
  LD [M]  sound/soc/generic/snd-soc-simple-card-utils.o
  CC [M]  crypto/cbc.o
  CC [M]  drivers/i2c/busses/i2c-bcm2835.o
  LD [M]  sound/soc/generic/snd-soc-simple-card.o
  LD [M]  sound/soc/generic/snd-soc-audio-graph-card.o
  CC [M]  drivers/i2c/busses/i2c-cadence.o
  LD [M]  sound/soc/generic/snd-soc-audio-graph-card2.o
  CC [M]  fs/btrfs/file-item.o
  CC [M]  drivers/clk/renesas/clk-vbattb.o
  LD [M]  sound/core/snd-hwdep.o
  LD [M]  sound/core/snd-timer.o
  CC [M]  drivers/clk/qcom/gpucc-kaanapali.o
  CC [M]  drivers/usb/gadget/usbstring.o
  CC [M]  drivers/phy/cadence/cdns-dphy.o
  CC [M]  drivers/i2c/muxes/i2c-mux-pinctrl.o
  CC [M]  drivers/net/pcs/pcs-xpcs.o
  CC [M]  drivers/net/pcs/pcs-xpcs-plat.o
  CC [M]  drivers/net/pcs/pcs-xpcs-nxp.o
  CC [M]  drivers/phy/cadence/cdns-dphy-rx.o
  CC [M]  drivers/phy/cadence/phy-cadence-sierra.o
  CC [M]  drivers/rtc/rtc-ds1307.o
  CC [M]  drivers/rtc/rtc-fsl-ftm-alarm.o
  LD [M]  drivers/pci/controller/cadence/pcie-cadence-host-mod.o
  LD [M]  drivers/pci/controller/cadence/pcie-cadence-mod.o
  CC [M]  drivers/dma/stm32/stm32-dma3.o
  CC [M]  drivers/dma/qcom/gpi.o
  CC [M]  drivers/soc/qcom/ice.o
  CC [M]  drivers/input/keyboard/snvs_pwrkey.o
  CC [M]  drivers/mtd/nand/spi/toshiba.o
  CC [M]  net/ipv6/netfilter/nf_conntrack_reasm.o
  CC [M]  drivers/input/mouse/elan_i2c_core.o
  CC [M]  drivers/input/touchscreen/apple_z2.o
  LD [M]  sound/core/snd-pcm.o
  LD [M]  sound/core/snd-pcm-dmaengine.o
  CC [M]  drivers/soc/qcom/qcom-pbs.o
  LD [M]  sound/core/snd-rawmidi.o
  LD [M]  sound/core/snd-compress.o
  CC [M]  drivers/input/misc/aw86927.o
  CC [M]  drivers/net/dsa/bcm_sf2.o
  CC [M]  drivers/pwm/pwm-xilinx.o
  CC [M]  fs/ubifs/dir.o
  CC [M]  fs/ubifs/super.o
  CC [M]  fs/ubifs/sb.o
  CC [M]  fs/ubifs/io.o
  CC [M]  drivers/media/i2c/imx219.o
  LD [M]  drivers/mtd/ubi/ubi.o
  CC [M]  drivers/gpu/drm/drm_edid.o
  CC [M]  fs/ubifs/tnc.o
  CC [M]  drivers/net/mdio/mdio-mux-meson-g12a.o
  CC [M]  drivers/clk/qcom/gxclkctl-kaanapali.o
  CC [M]  drivers/net/mdio/mdio-mux-meson-gxl.o
  CC [M]  drivers/media/tuners/mc44s803.o
  CC [M]  drivers/media/rc/rc-main.o
  CC [M]  drivers/media/tuners/mt20xx.o
  CC [M]  drivers/media/tuners/tuner-simple.o
  CC [M]  drivers/usb/gadget/config.o
  CC [M]  drivers/usb/gadget/epautoconf.o
  CC [M]  drivers/rtc/rtc-hym8563.o
  CC [M]  drivers/spi/spi-meson-spicc.o
  CC [M]  drivers/gpu/drm/drm_eld.o
  CC [M]  drivers/clk/qcom/tcsrcc-kaanapali.o
  CC [M]  drivers/soc/qcom/ubwc_config.o
  CC [M]  net/dsa/switch.o
  CC [M]  drivers/clk/samsung/clk-acpm.o
  CC [M]  drivers/gpu/drm/drm_encoder.o
  CC [M]  net/8021q/vlan.o
  CC [M]  fs/fuse/file.o
  CC [M]  net/8021q/vlan_dev.o
  CC [M]  net/wireless/core.o
  CC [M]  net/wireless/sysfs.o
  CC [M]  net/wireless/radiotap.o
  CC [M]  sound/soc/codecs/da7213.o
  CC [M]  net/wireless/util.o
  CC [M]  net/wireless/reg.o
  CC [M]  fs/fuse/inode.o
  CC [M]  net/wireless/scan.o
  CC [M]  net/wireless/mlme.o
  CC [M]  net/wireless/nl80211.o
  CC [M]  net/wireless/ibss.o
  CC [M]  net/wireless/sme.o
  CC [M]  crypto/xts.o
  CC [M]  lib/zstd/compress/zstd_fast.o
  CC [M]  lib/zstd/compress/zstd_lazy.o
  CC [M]  lib/zstd/compress/zstd_ldm.o
  CC [M]  drivers/mtd/nand/spi/winbond.o
  CC [M]  drivers/mtd/nand/spi/xtx.o
  CC [M]  drivers/media/i2c/ir-kbd-i2c.o
  CC [M]  drivers/media/i2c/imx412.o
  CC [M]  drivers/input/misc/nxp-bbnsm-pwrkey.o
  CC [M]  drivers/i2c/busses/i2c-gpio.o
  CC [M]  sound/soc/codecs/da7219.o
  CC [M]  drivers/dma/xilinx/xilinx_dma.o
  CC [M]  drivers/dma/xilinx/zynqmp_dma.o
  CC [M]  drivers/media/i2c/ov5640.o
  CC [M]  drivers/media/i2c/ov5645.o
  CC [M]  drivers/media/i2c/s5kjn1.o
  CC [M]  drivers/input/touchscreen/atmel_mxt_ts.o
  CC [M]  drivers/clk/qcom/videocc-kaanapali.o
  CC [M]  lib/zstd/compress/zstd_opt.o
  CC [M]  drivers/mfd/sec-acpm.o
  CC [M]  drivers/net/ethernet/amazon/ena/ena_netdev.o
  CC [M]  fs/ubifs/master.o
  CC [M]  drivers/usb/gadget/composite.o
  CC [M]  drivers/clk/qcom/camcc-x1e80100.o
  CC [M]  fs/btrfs/inode-item.o
  CC [M]  fs/btrfs/disk-io.o
  CC [M]  fs/btrfs/transaction.o
  CC [M]  fs/btrfs/inode.o
  CC [M]  drivers/media/rc/rc-ir-raw.o
  CC [M]  drivers/net/phy/broadcom.o
  CC [M]  drivers/net/pcs/pcs-xpcs-wx.o
  CC [M]  drivers/dma/dw-edma/dw-edma-core.o
  CC [M]  drivers/dma/dw-edma/dw-edma-v0-core.o
  CC [M]  drivers/dma/dw-edma/dw-hdma-v0-core.o
  CC [M]  drivers/dma/dw-edma/dw-edma-v0-debugfs.o
  CC [M]  drivers/input/mouse/elan_i2c_i2c.o
  CC [M]  fs/btrfs/file.o
  CC [M]  crypto/ctr.o
  CC [M]  fs/fuse/control.o
  CC [M]  drivers/dma/xilinx/xilinx_dpdma.o
  CC [M]  drivers/phy/cadence/phy-cadence-salvo.o
  CC [M]  sound/soc/codecs/da7219-aad.o
  CC [M]  drivers/i2c/busses/i2c-pasemi-core.o
  CC [M]  drivers/net/dsa/bcm_sf2_cfp.o
  CC [M]  drivers/i2c/busses/i2c-qcom-cci.o
  CC [M]  drivers/i2c/busses/i2c-pasemi-platform.o
  CC [M]  drivers/i2c/busses/i2c-qcom-geni.o
  CC [M]  drivers/i2c/busses/i2c-rzv2m.o
  CC [M]  drivers/i2c/busses/i2c-xiic.o
  CC [M]  fs/overlayfs/file.o
  CC [M]  fs/overlayfs/dir.o
  CC [M]  fs/overlayfs/readdir.o
  CC [M]  fs/overlayfs/copy_up.o
  CC [M]  drivers/net/ethernet/amazon/ena/ena_com.o
  LD [M]  net/ipv6/netfilter/nf_defrag_ipv6.o
  CC [M]  net/wireless/chan.o
  CC [M]  lib/reed_solomon/reed_solomon.o
  CC [M]  drivers/rtc/rtc-imx-sc.o
  CC [M]  lib/zstd/compress/zstd_preSplit.o
  CC [M]  sound/soc/bcm/bcm2835-i2s.o
  CC [M]  drivers/input/misc/da9063_onkey.o
  CC [M]  drivers/spi/spi-meson-spifc.o
  CC [M]  drivers/clk/qcom/dispcc-x1e80100.o
  CC [M]  drivers/input/misc/pm8xxx-vibrator.o
  CC [M]  drivers/dma/dw-edma/dw-hdma-v0-debugfs.o
  CC [M]  drivers/net/ethernet/amazon/ena/ena_eth_com.o
  CC [M]  drivers/net/ethernet/amazon/ena/ena_ethtool.o
  CC [M]  drivers/net/ethernet/amazon/ena/ena_xdp.o
  CC [M]  net/netfilter/nf_conntrack_proto_tcp.o
  CC [M]  drivers/media/tuners/tuner-types.o
  CC [M]  fs/btrfs/defrag.o
  CC [M]  drivers/mfd/stm32-lptimer.o
  CC [M]  drivers/mfd/stm32-timers.o
  CC [M]  net/wireless/ethtool.o
  CC [M]  net/wireless/mesh.o
  CC [M]  drivers/media/rc/gpio-ir-recv.o
  CC [M]  sound/usb/qcom/usb_audio_qmi_v01.o
  CC [M]  drivers/clk/qcom/gpucc-x1e80100.o
  CC [M]  net/dsa/tag.o
  CC [M]  drivers/net/dsa/b53/b53_common.o
  CC [M]  net/dsa/tag_8021q.o
  LD [M]  drivers/mtd/nand/spi/spinand.o
  CC [M]  net/8021q/vlan_netlink.o
  CC [M]  net/dsa/trace.o
  LD [M]  drivers/scsi/mpt3sas/mpt3sas.o
  CC [M]  drivers/phy/freescale/phy-fsl-imx8mq-usb.o
  LD [M]  drivers/soc/qcom/qmi_helpers.o
  LD [M]  drivers/soc/qcom/qcom_ice.o
  CC [M]  drivers/phy/freescale/phy-fsl-imx8-mipi-dphy.o
  CC [M]  fs/btrfs/extent_map.o
  CC [M]  drivers/spi/spi-mtk-nor.o
  CC [M]  drivers/clk/qcom/gpucc-x1p42100.o
  CC [M]  fs/btrfs/sysfs.o
  CC [M]  fs/btrfs/accessors.o
  CC [M]  drivers/rtc/rtc-isl1208.o
  CC [M]  sound/usb/qcom/qc_audio_offload.o
  CC [M]  fs/ubifs/scan.o
  CC [M]  fs/btrfs/xattr.o
  CC [M]  fs/btrfs/ordered-data.o
  CC [M]  fs/btrfs/extent_io.o
  CC [M]  sound/soc/codecs/dmic.o
  CC [M]  sound/soc/codecs/es7134.o
  CC [M]  sound/usb/qcom/mixer_usb_offload.o
  CC [M]  drivers/net/wireless/ath/main.o
  CC [M]  drivers/phy/freescale/phy-fsl-samsung-hdmi.o
  CC [M]  drivers/net/dsa/b53/b53_srab.o
  CC [M]  fs/overlayfs/export.o
  CC [M]  fs/ubifs/replay.o
  CC [M]  drivers/net/pcs/pcs-rzn1-miic.o
  CC [M]  drivers/mfd/khadas-mcu.o
  CC [M]  drivers/mfd/qcom-pm8008.o
  CC [M]  crypto/gcm.o
  CC [M]  crypto/ccm.o
  CC [M]  lib/raid6/algos.o
  CC [M]  drivers/rtc/rtc-m41t80.o
  CC [M]  drivers/gpu/drm/drm_file.o
  CC [M]  drivers/input/misc/pwm-beeper.o
  CC [M]  net/dsa/user.o
  CC [M]  drivers/rtc/rtc-macsmc.o
  CC [M]  drivers/net/ethernet/amazon/ena/ena_phc.o
  CC [M]  drivers/net/ethernet/amazon/ena/ena_devlink.o
  LD [M]  drivers/input/mouse/elan_i2c.o
  CC [M]  net/8021q/vlan_gvrp.o
  CC [M]  crypto/des_generic.o
  CC [M]  drivers/net/phy/dp83869.o
  CC [M]  crypto/aes.o
  CC [M]  sound/soc/codecs/es7241.o
  CC [M]  drivers/usb/gadget/functions.o
  CC [M]  drivers/media/rc/meson-ir.o
  LD [M]  drivers/dma/dw-edma/dw-edma.o
  CC [M]  drivers/spi/spi-omap2-mcspi.o
  CC [M]  drivers/net/wireless/broadcom/brcm80211/brcmutil/utils.o
  CC [M]  drivers/media/tuners/tda18271-maps.o
  CC [M]  fs/fuse/xattr.o
  CC [M]  drivers/power/reset/macsmc-reboot.o
  CC [M]  drivers/power/sequencing/pwrseq-qcom-wcn.o
  CC [M]  drivers/power/reset/qcom-pon.o
  CC [M]  drivers/power/reset/tdx-ec-poweroff.o
  CC [M]  drivers/power/reset/nvmem-reboot-mode.o
  CC [M]  drivers/clk/qcom/gpucc-qcm2290.o
  CC [M]  drivers/gpu/drm/drm_fourcc.o
  CC [M]  drivers/net/wireless/broadcom/brcm80211/brcmutil/d11.o
  CC [M]  fs/fuse/acl.o
  CC [M]  fs/fuse/readdir.o
  CC [M]  fs/fuse/ioctl.o
  CC [M]  net/wireless/ap.o
  CC [M]  drivers/input/touchscreen/elants_i2c.o
  CC [M]  drivers/input/touchscreen/edt-ft5x06.o
  CC [M]  drivers/net/wireless/ath/regd.o
  CC [M]  fs/overlayfs/params.o
  CC [M]  drivers/media/tuners/tda18271-common.o
  CC [M]  drivers/media/tuners/tda18271-fe.o
  LD [M]  sound/soc/bcm/snd-soc-bcm2835-i2s.o
  CC [M]  drivers/media/tuners/tda827x.o
  CC [M]  drivers/spi/spi-geni-qcom.o
  CC [M]  fs/fuse/iomode.o
  CC [M]  fs/fuse/passthrough.o
  CC [M]  drivers/spi/spi-qcom-qspi.o
  CC [M]  drivers/spi/spi-rockchip-sfc.o
  CC [M]  drivers/spi/spi-rpc-if.o
  CC [M]  net/wireless/trace.o
  CC [M]  drivers/net/ethernet/amazon/ena/ena_debugfs.o
  CC [M]  drivers/net/wireless/broadcom/brcm80211/brcmfmac/cfg80211.o
  CC [M]  drivers/usb/gadget/configfs.o
  CC [M]  drivers/net/wireless/intel/iwlwifi/iwl-io.o
  CC [M]  drivers/net/wireless/intel/iwlwifi/iwl-drv.o
  CC [M]  drivers/net/wireless/intel/iwlwifi/iwl-debug.o
  CC [M]  drivers/net/wireless/intel/iwlwifi/iwl-nvm-utils.o
  CC [M]  drivers/input/misc/pwm-vibra.o
  CC [M]  drivers/net/wireless/intel/iwlwifi/iwl-utils.o
  CC [M]  drivers/clk/qcom/ipq-cmn-pll.o
  CC [M]  drivers/clk/qcom/nsscc-ipq5424.o
  CC [M]  drivers/clk/qcom/nsscc-ipq9574.o
  CC [M]  drivers/media/common/uvc.o
  CC [M]  fs/btrfs/volumes.o
  CC [M]  fs/btrfs/async-thread.o
  CC [M]  drivers/clk/qcom/mmcc-msm8994.o
  CC [M]  drivers/net/usb/pegasus.o
  CC [M]  drivers/net/usb/rtl8150.o
  CC [M]  drivers/net/can/xilinx_can.o
  CC [M]  drivers/net/wireless/broadcom/brcm80211/brcmfmac/chip.o
  LD [M]  drivers/net/pcs/pcs_xpcs.o
  CC [M]  fs/fuse/backing.o
  CC [M]  fs/fuse/sysctl.o
  CC [M]  fs/overlayfs/xattrs.o
  CC [M]  drivers/net/wireless/ath/hw.o
  CC [M]  drivers/media/rc/sunxi-cir.o
  CC [M]  drivers/rtc/rtc-meson-vrtc.o
  CC [M]  net/8021q/vlanproc.o
  CC [M]  net/8021q/vlan_mvrp.o
  CC [M]  drivers/input/misc/rk805-pwrkey.o
  CC [M]  drivers/gpu/drm/drm_framebuffer.o
  CC [M]  drivers/gpu/drm/drm_gem.o
  CC [M]  net/wireless/ocb.o
  CC [M]  drivers/net/ipa/ipa_main.o
  CC [M]  drivers/net/ipa/ipa_power.o
  CC [M]  drivers/net/ipa/ipa_reg.o
  CC [M]  net/netfilter/nf_conntrack_proto_udp.o
  CC [M]  drivers/power/supply/qcom_battmgr.o
  CC [M]  fs/fuse/dev_uring.o
  CC [M]  drivers/net/ipa/ipa_mem.o
  CC [M]  drivers/net/ipa/ipa_table.o
  CC [M]  drivers/net/ipa/ipa_interrupt.o
  CC [M]  sound/soc/codecs/es8316.o
  CC [M]  net/dsa/tag_brcm.o
  CC [M]  net/dsa/tag_none.o
  CC [M]  net/dsa/tag_ocelot.o
  CC [M]  net/dsa/tag_ocelot_8021q.o
  CC [M]  fs/ubifs/log.o
  CC [M]  fs/ubifs/commit.o
  CC [M]  drivers/net/wireless/intel/iwlwifi/iwl-phy-db.o
  CC [M]  drivers/net/wireless/intel/iwlwifi/iwl-nvm-parse.o
  CC [M]  drivers/spi/spi-rspi.o
  CC [M]  fs/ubifs/gc.o
  CC [M]  drivers/net/phy/dp83tg720.o
  CC [M]  fs/ubifs/orphan.o
  LD [M]  sound/usb/qcom/snd-usb-audio-qmi.o
  CC [M]  drivers/phy/mediatek/phy-mtk-dp.o
  LD [M]  sound/usb/snd-usb-audio.o
  LD [M]  drivers/net/wireless/broadcom/brcm80211/brcmutil/brcmutil.o
  CC [M]  drivers/phy/mediatek/phy-mtk-pcie.o
  CC [M]  drivers/phy/mediatek/phy-mtk-hdmi.o
  LD [M]  sound/usb/snd-usbmidi-lib.o
  CC [M]  fs/btrfs/ioctl.o
  CC [M]  lib/raid6/recov.o
  HOSTCC  lib/raid6/mktables
  CC [M]  drivers/media/common/videobuf2/videobuf2-core.o
  CC [M]  drivers/media/common/videobuf2/frame_vector.o
  CC [M]  drivers/media/common/videobuf2/videobuf2-dma-contig.o
  UNROLL  lib/raid6/int1.c
  CC [M]  drivers/media/common/videobuf2/videobuf2-dma-sg.o
  CC [M]  drivers/media/common/videobuf2/videobuf2-memops.o
  CC [M]  fs/ubifs/budget.o
  CC [M]  fs/ubifs/find.o
  CC [M]  fs/ubifs/tnc_commit.o
  CC [M]  fs/ubifs/compress.o
  CC [M]  drivers/net/usb/r8152.o
  CC [M]  drivers/net/usb/lan78xx.o
  CC [M]  drivers/media/tuners/tda8290.o
  CC [M]  drivers/net/phy/marvell.o
  CC [M]  drivers/gpu/drm/drm_ioctl.o
  CC [M]  fs/fuse/cuse.o
  CC [M]  drivers/clk/qcom/mmcc-msm8996.o
  CC [M]  drivers/clk/qcom/mmcc-msm8998.o
  CC [M]  crypto/sm4.o
  CC [M]  drivers/net/dsa/ocelot/felix.o
  CC [M]  drivers/input/misc/tps65219-pwrbutton.o
  CC [M]  drivers/input/misc/tps6594-pwrbutton.o
  CC [M]  drivers/media/rc/keymaps/rc-adstech-dvb-t-pci.o
  CC [M]  drivers/media/rc/keymaps/rc-alink-dtu-m.o
  CC [M]  drivers/media/rc/keymaps/rc-anysee.o
  LD [M]  drivers/media/rc/rc-core.o
  CC [M]  drivers/clk/qcom/dispcc-qcm2290.o
  LD [M]  drivers/mfd/wm8994.o
  CC [M]  drivers/net/wwan/wwan_core.o
  CC [M]  drivers/net/wwan/mhi_wwan_ctrl.o
  CC [M]  crypto/sm4_generic.o
  CC [M]  drivers/rtc/rtc-mt6397.o
  CC [M]  drivers/rtc/rtc-nvidia-vrs10.o
  CC [M]  drivers/rtc/rtc-pcf2127.o
  CC [M]  drivers/media/rc/keymaps/rc-apac-viewcomp.o
  CC [M]  drivers/clk/qcom/dispcc-qcs615.o
  CC [M]  drivers/media/rc/keymaps/rc-astrometa-t2hybrid.o
  CC [M]  drivers/media/rc/keymaps/rc-asus-pc39.o
  CC [M]  drivers/clk/qcom/camcc-qcs615.o
  CC [M]  drivers/input/touchscreen/goodix.o
  CC [M]  drivers/power/supply/sbs-battery.o
  CC [M]  drivers/input/touchscreen/goodix_fwupload.o
  CC [M]  fs/btrfs/locking.o
  CC [M]  fs/btrfs/orphan.o
  CC [M]  drivers/usb/gadget/u_f.o
  CC [M]  fs/btrfs/export.o
  CC [M]  fs/btrfs/tree-log.o
  CC [M]  drivers/clk/qcom/gpucc-qcs615.o
  CC [M]  drivers/media/tuners/tda9887.o
  UNROLL  lib/raid6/int2.c
  CC [M]  fs/btrfs/free-space-cache.o
  CC [M]  fs/ubifs/lpt.o
  CC [M]  drivers/net/wireless/intel/iwlwifi/pcie/ctxt-info.o
  LD [M]  drivers/net/ethernet/amazon/ena/ena.o
  CC [M]  drivers/clk/qcom/videocc-qcs615.o
  CC [M]  drivers/clk/qcom/camcc-sc7280.o
  CC [M]  drivers/net/wireless/broadcom/brcm80211/brcmfmac/fwil.o
  CC [M]  drivers/net/ethernet/atheros/atl1c/atl1c_main.o
  CC [M]  drivers/net/ethernet/atheros/atl1c/atl1c_hw.o
  LD [M]  fs/overlayfs/overlay.o
  CC [M]  fs/btrfs/zlib.o
  CC [M]  drivers/net/wireless/ath/key.o
  CC [M]  drivers/net/wireless/ath/dfs_pattern_detector.o
  UNROLL  lib/raid6/int4.c
  LD [M]  net/8021q/8021q.o
  UNROLL  lib/raid6/int8.c
  CC [M]  sound/soc/codecs/es8326.o
  CC [M]  lib/raid6/neon.o
  UNROLL  lib/raid6/neon1.c
  CC [M]  drivers/clk/qcom/camcc-sc8280xp.o
  CC [M]  drivers/usb/gadget/udc/tegra-xudc.o
  CC [M]  drivers/clk/qcom/dispcc-sc7280.o
  CC [M]  drivers/clk/qcom/dispcc-sc8280xp.o
  CC [M]  drivers/clk/qcom/camcc-sa8775p.o
  CC [M]  crypto/chacha.o
  CC [M]  drivers/clk/qcom/dispcc0-sa8775p.o
  CC [M]  drivers/clk/qcom/dispcc1-sa8775p.o
  CC [M]  drivers/clk/qcom/gpucc-sa8775p.o
  CC [M]  crypto/deflate.o
  CC [M]  drivers/net/wireless/intel/iwlwifi/pcie/ctxt-info-v2.o
  CC [M]  drivers/clk/qcom/gpucc-sc7280.o
  CC [M]  drivers/clk/qcom/videocc-sa8775p.o
  CC [M]  drivers/clk/qcom/gpucc-sc8280xp.o
  CC [M]  drivers/media/common/videobuf2/videobuf2-v4l2.o
  CC [M]  drivers/power/supply/max17042_battery.o
  CC [M]  drivers/net/phy/meson-gxl.o
  CC [M]  drivers/media/rc/keymaps/rc-asus-ps3-100.o
  CC [M]  drivers/media/rc/keymaps/rc-ati-tv-wonder-hd-600.o
  CC [M]  fs/btrfs/lzo.o
  CC [M]  drivers/net/can/dev/skb.o
  CC [M]  drivers/net/ipa/gsi.o
  CC [M]  drivers/net/wwan/mhi_wwan_mbim.o
  CC [M]  drivers/net/ipa/gsi_reg.o
  CC [M]  fs/ubifs/lprops.o
  CC [M]  drivers/net/ipa/gsi_trans.o
  CC [M]  drivers/phy/mediatek/phy-mtk-hdmi-mt2701.o
  CC [M]  drivers/net/ipa/ipa_gsi.o
  CC [M]  drivers/clk/qcom/lpasscc-sc8280xp.o
  CC [M]  drivers/gpu/drm/drm_managed.o
  CC [M]  drivers/gpu/drm/drm_lease.o
  CC [M]  net/netfilter/nf_conntrack_proto_icmp.o
  CC [M]  drivers/spi/spi-rzv2h-rspi.o
  CC [M]  drivers/spi/spi-rzv2m-csi.o
  CC [M]  drivers/net/wireless/ath/dfs_pri_detector.o
  CC [M]  drivers/net/wireless/ath/wcn36xx/main.o
  CC [M]  drivers/net/wireless/ath/ath10k/mac.o
  CC [M]  drivers/net/wireless/ath/wcn36xx/dxe.o
  CC [M]  fs/btrfs/zstd.o
  CC [M]  drivers/net/ethernet/atheros/atl1c/atl1c_ethtool.o
  CC [M]  fs/btrfs/compression.o
  CC [M]  fs/btrfs/delayed-ref.o
  CC [M]  drivers/media/tuners/xc2028.o
  CC [M]  drivers/usb/gadget/udc/renesas_usb3.o
  CC [M]  fs/ubifs/recovery.o
  LD [M]  net/dsa/dsa_core.o
  CC [M]  fs/ubifs/ioctl.o
  CC [M]  drivers/media/common/videobuf2/videobuf2-vmalloc.o
  CC [M]  drivers/net/can/rcar/rcar_can.o
  CC [M]  drivers/net/can/rcar/rcar_canfd.o
  CC [M]  drivers/hwmon/gpio-fan.o
  CC [M]  drivers/clk/qcom/lpasscorecc-sc7280.o
  CC [M]  drivers/media/rc/keymaps/rc-ati-x10.o
  CC [M]  drivers/rtc/rtc-pcf85063.o
  LD [M]  fs/fuse/fuse.o
  CC [M]  sound/soc/codecs/es8328.o
  CC [M]  drivers/media/rc/keymaps/rc-avermedia-a16d.o
  CC [M]  drivers/media/rc/keymaps/rc-avermedia-cardbus.o
  CC [M]  drivers/media/rc/keymaps/rc-avermedia-dvbt.o
  CC [M]  fs/ubifs/lpt_commit.o
  CC [M]  fs/ubifs/debug.o
  CC [M]  fs/ubifs/tnc_misc.o
  CC [M]  fs/ubifs/sysfs.o
  CC [M]  fs/ubifs/misc.o
  UNROLL  lib/raid6/neon2.c
  CC [M]  drivers/rtc/rtc-pcf85363.o
  CC [M]  drivers/rtc/rtc-pcf8563.o
  CC [M]  drivers/rtc/rtc-pm8xxx.o
  CC [M]  drivers/net/ethernet/broadcom/bcmsysport.o
  CC [M]  drivers/input/touchscreen/goodix_berlin_core.o
  CC [M]  drivers/input/touchscreen/goodix_berlin_spi.o
  CC [M]  drivers/input/touchscreen/ili210x.o
  CC [M]  drivers/input/touchscreen/himax_hx83112b.o
  CC [M]  drivers/power/supply/mt6360_charger.o
  CC [M]  drivers/net/wireless/ath/wcn36xx/txrx.o
  CC [M]  drivers/net/wireless/ath/wcn36xx/smd.o
  CC [M]  drivers/net/wireless/intel/iwlwifi/pcie/drv.o
  CC [M]  drivers/net/wireless/intel/iwlwifi/pcie/utils.o
  CC [M]  drivers/clk/qcom/lpassaudiocc-sc7280.o
  UNROLL  lib/raid6/neon4.c
  UNROLL  lib/raid6/neon8.c
  CC [M]  lib/raid6/recov_neon.o
  CC [M]  lib/raid6/recov_neon_inner.o
  CC [M]  drivers/net/phy/microchip.o
  CC [M]  net/wireless/michael-mic.o
  CC [M]  fs/ubifs/xattr.o
  CC [M]  drivers/net/can/dev/calc_bittiming.o
  CC [M]  drivers/media/tuners/xc4000.o
  CC [M]  drivers/net/can/dev/bittiming.o
  CC [M]  drivers/net/can/dev/dev.o
  CC [M]  drivers/net/can/dev/length.o
  CC [M]  drivers/net/ipa/ipa_smp2p.o
  CC [M]  fs/btrfs/relocation.o
  CC [M]  crypto/authenc.o
  CC [M]  drivers/net/dsa/ocelot/felix_vsc9959.o
  CC [M]  fs/btrfs/delayed-inode.o
  TABLE   lib/raid6/tables.c
  CC [M]  drivers/net/ipa/ipa_uc.o
  CC [M]  drivers/net/ipa/ipa_endpoint.o
  CC [M]  drivers/net/ipa/ipa_cmd.o
  CC [M]  fs/btrfs/scrub.o
  CC [M]  fs/btrfs/backref.o
  CC [M]  fs/btrfs/ulist.o
  CC [M]  fs/btrfs/qgroup.o
  CC [M]  drivers/media/rc/keymaps/rc-avermedia-m135a.o
  CC [M]  drivers/media/rc/keymaps/rc-avermedia-m733a-rm-k6.o
  CC [M]  lib/raid6/int1.o
  CC [M]  drivers/clk/qcom/videocc-sc7280.o
  CC [M]  drivers/clk/qcom/camcc-sdm845.o
  CC [M]  drivers/clk/qcom/lpasscc-sdm845.o
  CC [M]  drivers/gpu/drm/drm_mm.o
  CC [M]  net/netfilter/nf_conntrack_extend.o
  CC [M]  net/netfilter/nf_conntrack_acct.o
  CC [M]  drivers/spi/spi-sh-msiof.o
  CC [M]  drivers/spi/spi-stm32-ospi.o
  LD [M]  drivers/media/common/videobuf2/videobuf2-common.o
  LD [M]  drivers/net/dsa/ocelot/mscc_felix_dsa_lib.o
  CC [M]  drivers/hwmon/ina2xx.o
  CC [M]  drivers/phy/mediatek/phy-mtk-hdmi-mt8173.o
  CC [M]  drivers/phy/mediatek/phy-mtk-hdmi-mt8195.o
  CC [M]  sound/soc/codecs/es8328-i2c.o
  CC [M]  drivers/hwmon/ina3221.o
  CC [M]  drivers/thermal/k3_bandgap.o
  LD [M]  drivers/net/wwan/wwan.o
  CC [M]  drivers/hwmon/jc42.o
  CC [M]  sound/soc/codecs/gtm601.o
  CC [M]  drivers/spi/spi-tegra210-quad.o
  CC [M]  drivers/spi/spi-tegra114.o
  CC [M]  fs/btrfs/send.o
  CC [M]  drivers/net/can/dev/netlink.o
  CC [M]  drivers/net/ipa/ipa_modem.o
  CC [M]  drivers/net/ipa/ipa_resource.o
  CC [M]  drivers/media/rc/keymaps/rc-avermedia.o
  CC [M]  drivers/net/wireless/broadcom/brcm80211/brcmfmac/fweh.o
  CC [M]  drivers/phy/mediatek/phy-mtk-mipi-dsi.o
  CC [M]  drivers/phy/mediatek/phy-mtk-mipi-dsi-mt8173.o
  CC [M]  drivers/phy/mediatek/phy-mtk-mipi-dsi-mt8183.o
  CC [M]  drivers/rtc/rtc-rk808.o
  CC [M]  drivers/usb/gadget/function/f_acm.o
  CC [M]  drivers/usb/gadget/legacy/mass_storage.o
  CC [M]  drivers/usb/gadget/function/u_serial.o
  CC [M]  fs/btrfs/dev-replace.o
  CC [M]  drivers/power/supply/bq25890_charger.o
  CC [M]  drivers/power/supply/bq25980_charger.o
  CC [M]  drivers/gpu/drm/drm_mode_config.o
  CC [M]  sound/soc/fsl/fsl_audmix.o
  CC [M]  drivers/rtc/rtc-rv3028.o
  CC [M]  drivers/rtc/rtc-rv8803.o
  CC [M]  sound/soc/fsl/fsl-asoc-card.o
  CC [M]  drivers/net/wireless/ath/wcn36xx/pmc.o
  CC [M]  drivers/gpu/drm/drm_mode_object.o
  CC [M]  drivers/net/wireless/ath/wcn36xx/debug.o
  CC [M]  drivers/net/wireless/ath/wcn36xx/firmware.o
  CC [M]  drivers/hwmon/lm75.o
  CC [M]  net/netfilter/nf_conntrack_seqadj.o
  CC [M]  net/netfilter/nf_conntrack_proto_icmpv6.o
  CC [M]  net/netfilter/nf_conntrack_ecache.o
  CC [M]  fs/btrfs/raid56.o
  CC [M]  drivers/clk/qcom/camcc-sm6350.o
  CC [M]  drivers/clk/qcom/camcc-sm8250.o
  CC [M]  drivers/thermal/k3_j72xx_bandgap.o
  CC [M]  drivers/clk/qcom/camcc-sm8550.o
  CC [M]  drivers/net/ipa/ipa_qmi.o
  CC [M]  drivers/net/phy/smsc.o
  CC [M]  drivers/clk/qcom/camcc-sm8650.o
  CC [M]  crypto/authencesn.o
  CC [M]  drivers/media/rc/keymaps/rc-avermedia-rm-ks.o
  CC [M]  crypto/lz4.o
  CC [M]  drivers/media/rc/keymaps/rc-avertv-303.o
  CC [M]  drivers/media/rc/keymaps/rc-azurewave-ad-tu700.o
  LD [M]  drivers/input/touchscreen/goodix_ts.o
  CC [M]  fs/btrfs/uuid-tree.o
  CC [M]  fs/btrfs/props.o
  CC [M]  fs/btrfs/free-space-tree.o
  CC [M]  fs/btrfs/tree-checker.o
  CC [M]  fs/btrfs/space-info.o
  CC [M]  fs/btrfs/block-rsv.o
  CC [M]  lib/raid6/int2.o
  CC [M]  net/llc/llc_core.o
  CC [M]  sound/soc/codecs/max98090.o
  CC [M]  net/bridge/br.o
  CC [M]  net/llc/llc_input.o
  CC [M]  drivers/net/usb/asix_devices.o
  CC [M]  net/llc/llc_output.o
  LD [M]  drivers/usb/gadget/legacy/g_mass_storage.o
  CC [M]  drivers/usb/gadget/function/f_serial.o
  CC [M]  drivers/clk/qcom/cambistmclkcc-sm8750.o
  CC [M]  sound/soc/fsl/fsl_asrc.o
  CC [M]  drivers/net/can/dev/rx-offload.o
  CC [M]  drivers/media/tuners/xc5000.o
  CC [M]  drivers/rtc/rtc-rx8581.o
  CC [M]  drivers/rtc/rtc-renesas-rtca3.o
  CC [M]  drivers/rtc/rtc-snvs.o
  CC [M]  drivers/rtc/rtc-s32g.o
  CC [M]  drivers/rtc/rtc-ti-k3.o
  CC [M]  sound/soc/fsl/fsl_asrc_dma.o
  LD [M]  drivers/net/ethernet/atheros/atl1c/atl1c.o
  CC [M]  drivers/net/can/spi/mcp251xfd/mcp251xfd-core.o
  CC [M]  drivers/net/can/spi/mcp251xfd/mcp251xfd-chip-fifo.o
  CC [M]  drivers/net/can/spi/mcp251xfd/mcp251xfd-crc16.o
  CC [M]  drivers/spi/spi-xilinx.o
  CC [M]  drivers/watchdog/rti_wdt.o
  CC [M]  drivers/spi/spi-zynqmp-gqspi.o
  CC [M]  sound/soc/fsl/fsl_asrc_m2m.o
  CC [M]  fs/btrfs/delalloc-space.o
  CC [M]  sound/soc/fsl/fsl_sai.o
  CC [M]  drivers/net/can/m_can/m_can.o
  CC [M]  drivers/net/can/flexcan/flexcan-core.o
  CC [M]  drivers/rtc/rtc-tps6594.o
  CC [M]  drivers/media/rc/keymaps/rc-beelink-gs1.o
  CC [M]  drivers/thermal/rockchip_thermal.o
  CC [M]  drivers/net/can/flexcan/flexcan-ethtool.o
  CC [M]  fs/btrfs/block-group.o
  CC [M]  fs/btrfs/discard.o
  CC [M]  fs/btrfs/reflink.o
  CC [M]  fs/btrfs/subpage.o
  CC [M]  fs/btrfs/tree-mod-log.o
  CC [M]  drivers/net/wireless/broadcom/brcm80211/brcmfmac/p2p.o
  CC [M]  crypto/tcrypt.o
  CC [M]  net/wireless/pmsr.o
  CC [M]  net/can/af_can.o
  CC [M]  drivers/md/md.o
  CC [M]  drivers/gpu/drm/drm_modes.o
  LD [M]  drivers/net/dsa/ocelot/mscc_felix.o
  CC [M]  drivers/net/ethernet/broadcom/genet/bcmgenet.o
  CC [M]  drivers/net/ethernet/broadcom/bnx2x/bnx2x_main.o
  CC [M]  drivers/net/ipa/ipa_qmi_msg.o
  CC [M]  drivers/net/ethernet/broadcom/genet/bcmmii.o
  CC [M]  drivers/thermal/imx_sc_thermal.o
  LD [M]  drivers/net/dsa/bcm-sf2.o
  CC [M]  drivers/usb/gadget/function/f_obex.o
  CC [M]  drivers/usb/gadget/function/u_ether.o
  CC [M]  drivers/rtc/rtc-zynqmp.o
  CC [M]  drivers/power/supply/rk817_charger.o
  CC [M]  drivers/power/supply/max77759_charger.o
  CC [M]  drivers/hwmon/lm90.o
  CC [M]  drivers/phy/qualcomm/phy-qcom-edp.o
  CC [M]  drivers/net/wireless/intel/iwlwifi/pcie/gen1_2/rx.o
  LD [M]  drivers/net/wireless/ath/wcn36xx/wcn36xx.o
  CC [M]  drivers/phy/qualcomm/phy-qcom-m31.o
  CC [M]  drivers/net/can/m_can/m_can_platform.o
  CC [M]  crypto/af_alg.o
  CC [M]  drivers/clk/qcom/camcc-sm8750.o
  CC [M]  drivers/net/phy/xilinx_gmii2rgmii.o
  CC [M]  drivers/net/ethernet/broadcom/bnx2x/bnx2x_link.o
  CC [M]  drivers/net/ethernet/broadcom/bnx2x/bnx2x_cmn.o
  CC [M]  drivers/media/rc/keymaps/rc-beelink-mxiii.o
  CC [M]  drivers/net/can/spi/mcp251xfd/mcp251xfd-ethtool.o
  CC [M]  drivers/watchdog/sunxi_wdt.o
  CC [M]  drivers/phy/renesas/phy-rcar-gen3-usb3.o
  CC [M]  drivers/phy/renesas/phy-rzg3e-usb3.o
  CC [M]  drivers/net/can/spi/mcp251xfd/mcp251xfd-ram.o
  CC [M]  drivers/net/can/spi/mcp251xfd/mcp251xfd-regmap.o
  LD [M]  drivers/phy/mediatek/phy-mtk-hdmi-drv.o
  CC [M]  drivers/phy/rockchip/phy-rockchip-inno-dsidphy.o
  CC [M]  drivers/phy/rockchip/phy-rockchip-inno-hdmi.o
  CC [M]  drivers/md/md-bitmap.o
  CC [M]  drivers/net/ipa/ipa_sysfs.o
  CC [M]  net/wireless/of.o
  GEN     net/wireless/shipped-certs.c
  CC [M]  sound/soc/codecs/max98357a.o
  CC [M]  crypto/algif_rng.o
  LD [M]  fs/ubifs/ubifs.o
  CC [M]  crypto/zstd.o
  CC [M]  crypto/ecc.o
  CC [M]  fs/btrfs/extent-io-tree.o
  CC [M]  drivers/thermal/imx8mm_thermal.o
  CC [M]  fs/btrfs/fs.o
  CC [M]  fs/btrfs/messages.o
  CC [M]  fs/btrfs/bio.o
  LD [M]  net/llc/llc.o
  CC [M]  drivers/net/usb/asix_common.o
  CC [M]  drivers/net/usb/ax88172a.o
  LD [M]  drivers/net/can/dev/can-dev.o
  CC [M]  drivers/watchdog/imx_sc_wdt.o
  LD [M]  drivers/phy/mediatek/phy-mtk-mipi-dsi-drv.o
  CC [M]  net/bridge/br_device.o
  LD [M]  drivers/media/tuners/tda18271.o
  CC [M]  drivers/net/can/spi/mcp251xfd/mcp251xfd-ring.o
  LD [M]  drivers/spi/spi-dw.o
  CC [M]  drivers/phy/samsung/phy-exynos5-usbdrd.o
  CC [M]  lib/raid6/int4.o
  CC [M]  sound/soc/codecs/max98927.o
  CC [M]  drivers/usb/gadget/function/f_ncm.o
  CC [M]  drivers/edac/fsl_ddr_edac.o
  CC [M]  drivers/edac/layerscape_edac.o
  CC [M]  drivers/clk/qcom/camcc-milos.o
  CC [M]  fs/btrfs/lru_cache.o
  LD [M]  lib/zstd/zstd_compress.o
  CC [M]  drivers/net/ipa/reg/ipa_reg-v3.1.o
  CC [M]  drivers/gpu/drm/drm_modeset_lock.o
  CC [M]  drivers/media/rc/keymaps/rc-behold-columbus.o
  CC [M]  drivers/clk/qcom/dispcc-sm6115.o
  CC [M]  drivers/clk/qcom/dispcc-sm6350.o
  CC [M]  fs/btrfs/raid-stripe-tree.o
  CC [M]  fs/btrfs/fiemap.o
  CC [M]  fs/btrfs/direct-io.o
  CC [M]  fs/btrfs/acl.o
  CC [M]  drivers/edac/zynqmp_edac.o
  CC [M]  drivers/net/wireless/broadcom/brcm80211/brcmfmac/proto.o
  CC [M]  drivers/thermal/qoriq_thermal.o
  CC [M]  drivers/thermal/thermal-generic-adc.o
  CC [M]  drivers/thermal/khadas_mcu_fan.o
  CC [M]  drivers/phy/qualcomm/phy-qcom-m31-eusb2.o
  CC [M]  drivers/net/wireless/broadcom/brcm80211/brcmfmac/common.o
  CC [M]  drivers/usb/cdns3/core.o
  CC [M]  drivers/net/can/spi/mcp251xfd/mcp251xfd-rx.o
  CC [M]  drivers/net/phy/qcom/qca808x.o
  CC [M]  drivers/phy/rockchip/phy-rockchip-naneng-combphy.o
  CC [M]  drivers/hwmon/macsmc-hwmon.o
  CC [M]  drivers/hwmon/pwm-fan.o
  CC [M]  drivers/media/rc/keymaps/rc-behold.o
  CC [M]  drivers/hwmon/raspberrypi-hwmon.o
  CC [M]  drivers/watchdog/imx7ulp_wdt.o
  CC [M]  drivers/hwmon/sl28cpld-hwmon.o
  CC [M]  sound/soc/fsl/fsl_ssi.o
  CC [M]  drivers/net/wireless/broadcom/brcm80211/brcmfmac/core.o
  CC [M]  drivers/usb/class/cdc-acm.o
  CC [M]  drivers/usb/serial/usb-serial.o
  CC [M]  drivers/media/platform/amphion/vpu_drv.o
  CC [M]  drivers/usb/serial/generic.o
  CC [M]  drivers/cpufreq/cpufreq_powersave.o
  CC [M]  sound/soc/fsl/fsl_ssi_dbg.o
  CC [M]  drivers/net/ipa/reg/ipa_reg-v3.5.1.o
  CC [M]  net/can/proc.o
  CC [M]  drivers/md/dm.o
  CC [M]  drivers/md/dm-table.o
  CC [M]  drivers/md/dm-target.o
  CC [M]  drivers/md/dm-linear.o
  CC [M]  net/netfilter/nf_conntrack_proto_sctp.o
  CC [M]  drivers/edac/versal_edac.o
  CC [M]  sound/soc/fsl/fsl_spdif.o
  CC [M]  drivers/net/ipa/reg/ipa_reg-v4.2.o
  CC [M]  net/can/raw.o
  CC [M]  drivers/net/wireless/ath/ath10k/debug.o
  CC [M]  drivers/net/wireless/ath/ath10k/core.o
  CC [M]  drivers/media/usb/uvc/uvc_driver.o
  CC [M]  drivers/media/usb/uvc/uvc_queue.o
  CC [M]  drivers/gpu/drm/drm_plane.o
  CC [M]  drivers/usb/renesas_usbhs/common.o
  CC [M]  drivers/usb/renesas_usbhs/mod.o
  CC [M]  drivers/usb/renesas_usbhs/pipe.o
  CC [M]  drivers/net/wireless/ath/ath11k/core.o
  CC [M]  drivers/usb/serial/bus.o
  CC [M]  drivers/phy/qualcomm/phy-qcom-pcie2.o
  CC [M]  drivers/net/ipa/reg/ipa_reg-v4.5.o
  LD [M]  drivers/net/can/flexcan/flexcan.o
  CC [M]  net/netfilter/nf_log_syslog.o
  CC [M]  drivers/usb/serial/cp210x.o
  CC [M]  drivers/thermal/broadcom/bcm2711_thermal.o
  CC [M]  drivers/clk/qcom/dispcc-sm8450.o
  CC [M]  drivers/clk/qcom/dispcc-sm8550.o
  CC [M]  drivers/net/wireless/intel/iwlwifi/pcie/gen1_2/tx.o
  CC [M]  drivers/net/usb/ax88179_178a.o
  CC [M]  drivers/net/wireless/marvell/mwifiex/main.o
  CC [M]  drivers/clk/qcom/dispcc-sm8750.o
  CC [M]  net/netfilter/x_tables.o
  CC [M]  drivers/net/wireless/broadcom/brcm80211/brcmfmac/firmware.o
  CC [M]  drivers/net/wireless/broadcom/brcm80211/brcmfmac/fwvid.o
  CC [M]  drivers/net/ipa/reg/ipa_reg-v4.7.o
  CC [M]  net/netfilter/xt_tcpudp.o
  CC [M]  net/netfilter/xt_mark.o
  CC [M]  drivers/usb/gadget/function/f_ecm.o
  CC [M]  drivers/media/rc/keymaps/rc-budget-ci-old.o
  CC [M]  drivers/net/can/spi/mcp251xfd/mcp251xfd-tef.o
  CC [M]  drivers/net/can/spi/mcp251xfd/mcp251xfd-timestamp.o
  CC [M]  drivers/net/wireless/broadcom/brcm80211/brcmfmac/feature.o
  CC [M]  net/bridge/br_fdb.o
  CC [M]  net/bridge/br_forward.o
  CC [M]  net/bridge/br_if.o
  CC [M]  net/bridge/br_input.o
  CC [M]  drivers/watchdog/qcom-wdt.o
  CC [M]  drivers/cpufreq/cpufreq_conservative.o
  CC [M]  drivers/cpufreq/apple-soc-cpufreq.o
  CC [M]  drivers/net/ipa/reg/ipa_reg-v4.9.o
  CC [M]  drivers/cpufreq/cppc_cpufreq.o
  CC [M]  drivers/cpufreq/imx-cpufreq-dt.o
  CC [M]  drivers/phy/rockchip/phy-rockchip-pcie.o
  CC [M]  drivers/media/usb/uvc/uvc_v4l2.o
  CC [M]  drivers/gpu/drm/drm_prime.o
  CC [M]  drivers/phy/rockchip/phy-rockchip-samsung-hdptx.o
  CC [M]  drivers/usb/cdns3/drd.o
  CC [M]  drivers/phy/rockchip/phy-rockchip-usbdp.o
  CC [M]  lib/raid6/int8.o
  CC [M]  drivers/net/ipa/reg/ipa_reg-v4.11.o
  CC [M]  lib/raid6/neon1.o
  CC [M]  net/bluetooth/af_bluetooth.o
  CC [M]  net/bluetooth/hci_core.o
  CC [M]  drivers/net/ipa/reg/ipa_reg-v5.0.o
  CC [M]  drivers/net/wireless/mediatek/mt76/mmio.o
  CC [M]  drivers/net/wireless/broadcom/brcm80211/brcmfmac/btcoex.o
  CC [M]  drivers/gpu/drm/drm_print.o
  CC [M]  drivers/hwmon/amc6821.o
  CC [M]  drivers/clk/qcom/dispcc-milos.o
  CC [M]  net/mac80211/main.o
  CC [M]  drivers/clk/qcom/gpucc-sm6115.o
  CC [M]  lib/raid6/neon2.o
  CC [M]  drivers/usb/gadget/function/f_eem.o
  CC [M]  drivers/usb/serial/ftdi_sio.o
  CC [M]  drivers/net/ipa/reg/ipa_reg-v5.5.o
  CC [M]  drivers/usb/serial/option.o
  CC [M]  net/can/bcm.o
  CC [M]  drivers/net/ethernet/broadcom/genet/bcmgenet_wol.o
  CC [M]  drivers/phy/qualcomm/phy-qcom-qmp-combo.o
  CC [M]  drivers/net/wireless/marvell/mwifiex/init.o
  CC [M]  drivers/md/dm-stripe.o
  CC [M]  drivers/md/dm-ioctl.o
  CC [M]  drivers/usb/serial/usb_wwan.o
  CC [M]  drivers/media/rc/keymaps/rc-cinergy-1400.o
  CC [M]  drivers/media/rc/keymaps/rc-cinergy.o
  CC [M]  drivers/usb/cdns3/host.o
  CC [M]  drivers/net/wireless/ath/ath11k/hal.o
  CC [M]  drivers/net/wireless/broadcom/brcm80211/brcmfmac/vendor.o
  CC [M]  drivers/net/ipa/reg/gsi_reg-v3.1.o
  CC [M]  drivers/media/platform/amphion/vpu_core.o
  CC [M]  drivers/thermal/broadcom/bcm2835_thermal.o
  LD [M]  drivers/edac/layerscape_edac_mod.o
  CC [M]  crypto/ecdh.o
  CC [M]  crypto/ecdh_helper.o
  CC [M]  lib/raid6/neon4.o
  CC [M]  lib/raid6/neon8.o
  CC [M]  drivers/net/ipa/reg/gsi_reg-v3.5.1.o
  CC [M]  drivers/phy/qualcomm/phy-qcom-qmp-usbc.o
  CC [M]  drivers/phy/qualcomm/phy-qcom-qmp-pcie.o
  CC [M]  drivers/phy/qualcomm/phy-qcom-qmp-pcie-msm8996.o
  CC [M]  drivers/phy/qualcomm/phy-qcom-qmp-ufs.o
  CC [M]  drivers/phy/qualcomm/phy-qcom-qmp-usb.o
  CC [M]  drivers/phy/qualcomm/phy-qcom-qusb2.o
  CC [M]  drivers/phy/qualcomm/phy-qcom-eusb2-repeater.o
  CC [M]  drivers/phy/qualcomm/phy-qcom-usb-hs.o
  CC [M]  drivers/phy/qualcomm/phy-qcom-usb-hs-28nm.o
  CC [M]  drivers/media/usb/uvc/uvc_video.o
  CC [M]  drivers/media/usb/uvc/uvc_ctrl.o
  CC [M]  drivers/media/usb/uvc/uvc_status.o
  CC [M]  drivers/media/usb/uvc/uvc_isight.o
  CC [M]  drivers/net/ipa/reg/gsi_reg-v4.0.o
  CC [M]  drivers/watchdog/meson_gxbb_wdt.o
  CC [M]  drivers/net/wireless/mediatek/mt76/util.o
  CC [M]  lib/raid6/tables.o
  CC [M]  drivers/media/rc/keymaps/rc-ct-90405.o
  CC [M]  drivers/media/rc/keymaps/rc-d680-dmb.o
  CC [M]  net/rfkill/core.o
  CC [M]  sound/soc/fsl/fsl_esai.o
  CC [M]  drivers/usb/renesas_usbhs/fifo.o
  CC [M]  drivers/net/ipa/reg/gsi_reg-v4.5.o
  CC [M]  drivers/net/can/spi/mcp251xfd/mcp251xfd-tx.o
  CC [M]  sound/soc/codecs/max98390.o
  CC [M]  net/wireless/shipped-certs.o
  CC [M]  drivers/media/rc/keymaps/rc-delock-61959.o
  CC [M]  crypto/df_sp80090a.o
  CC [M]  drivers/net/wireless/ath/ath10k/htc.o
  CC [M]  drivers/net/wireless/ath/ath10k/htt.o
  CC [M]  drivers/net/ipa/reg/gsi_reg-v4.9.o
  CC [M]  net/bluetooth/hci_conn.o
  CC [M]  net/bluetooth/hci_event.o
  CC [M]  net/bluetooth/hci_sock.o
  CC [M]  net/bluetooth/mgmt.o
  CC [M]  net/bluetooth/hci_sysfs.o
  CC [M]  drivers/net/ipa/reg/gsi_reg-v4.11.o
  CC [M]  drivers/net/ipa/reg/gsi_reg-v5.0.o
  CC [M]  sound/soc/fsl/fsl_micfil.o
  CC [M]  drivers/gpu/drm/drm_property.o
  CC [M]  drivers/cpufreq/mediatek-cpufreq-hw.o
  CC [M]  drivers/thermal/broadcom/brcmstb_thermal.o
  CC [M]  drivers/phy/qualcomm/phy-qcom-usb-ss.o
  LD [M]  drivers/usb/gadget/libcomposite.o
  CC [M]  drivers/phy/qualcomm/phy-qcom-sgmii-eth.o
  CC [M]  drivers/phy/qualcomm/phy-qcom-snps-femto-v2.o
  CC [M]  drivers/net/ipa/data/ipa_data-v3.1.o
  CC [M]  drivers/net/wireless/broadcom/brcm80211/brcmfmac/pno.o
  CC [M]  drivers/net/wireless/broadcom/brcm80211/brcmfmac/xtlv.o
  CC [M]  drivers/usb/cdns3/cdns3-plat.o
  CC [M]  net/bridge/br_ioctl.o
  CC [M]  net/nfc/core.o
  CC [M]  net/qrtr/af_qrtr.o
  CC [M]  net/hsr/hsr_main.o
  CC [M]  net/hsr/hsr_framereg.o
  CC [M]  net/hsr/hsr_device.o
  CC [M]  net/hsr/hsr_netlink.o
  CC [M]  net/hsr/hsr_slave.o
  CC [M]  net/hsr/hsr_forward.o
  CC [M]  net/hsr/hsr_debugfs.o
  CC [M]  drivers/clk/qcom/gpucc-sm6350.o
  CC [M]  drivers/clk/qcom/gpucc-sm8350.o
  CC [M]  drivers/net/wireless/ath/ath12k/core.o
  CC [M]  drivers/clk/qcom/gpucc-sm8450.o
  CC [M]  drivers/hwmon/tmp102.o
  CC [M]  drivers/media/rc/keymaps/rc-dib0700-nec.o
  CC [M]  net/qrtr/ns.o
  CC [M]  drivers/media/platform/amphion/vpu_mbox.o
  CC [M]  drivers/watchdog/meson_wdt.o
  CC [M]  drivers/net/ipa/data/ipa_data-v3.5.1.o
  CC [M]  drivers/watchdog/bcm7038_wdt.o
  CC [M]  drivers/net/usb/cdc_ether.o
  CC [M]  drivers/net/usb/dm9601.o
  CC [M]  drivers/net/usb/sr9800.o
  CC [M]  drivers/net/usb/smsc75xx.o
  LD [M]  drivers/usb/serial/usbserial.o
  CC [M]  sound/soc/codecs/msm8916-wcd-analog.o
  CC [M]  drivers/usb/cdns3/cdns3-gadget.o
  CC [M]  drivers/net/usb/smsc95xx.o
  CC [M]  drivers/media/usb/uvc/uvc_debugfs.o
  CC [M]  net/bridge/br_stp.o
  CC [M]  drivers/net/wireless/mediatek/mt76/trace.o
  CC [M]  drivers/net/wireless/mediatek/mt76/dma.o
  LD [M]  fs/btrfs/btrfs.o
  LD [M]  lib/raid6/raid6_pq.o
  CC [M]  drivers/net/wireless/ath/ath11k/hal_tx.o
  CC [M]  net/mac80211/status.o
  CC [M]  drivers/net/ipa/data/ipa_data-v4.2.o
  CC [M]  drivers/net/ipa/data/ipa_data-v4.5.o
  CC [M]  drivers/usb/renesas_usbhs/rcar2.o
  CC [M]  drivers/net/wireless/intel/iwlwifi/pcie/gen1_2/trans.o
  CC [M]  drivers/net/wireless/intel/iwlwifi/pcie/gen1_2/trans-gen2.o
  CC [M]  drivers/usb/gadget/function/f_subset.o
  CC [M]  drivers/clk/qcom/gpucc-sm8550.o
  CC [M]  drivers/clk/qcom/gpucc-sm8650.o
  LD [M]  crypto/dh_generic.o
  LD [M]  crypto/ecdh_generic.o
  LD [M]  drivers/net/ethernet/broadcom/genet/genet.o
  CC [M]  net/rfkill/input.o
  CC [M]  drivers/usb/typec/class.o
  CC [M]  drivers/gpu/drm/drm_syncobj.o
  CC [M]  drivers/gpu/drm/drm_rect.o
  CC [M]  drivers/gpu/drm/drm_sysfs.o
  CC [M]  drivers/md/dm-io.o
  CC [M]  drivers/media/rc/keymaps/rc-dib0700-rc5.o
  CC [M]  drivers/gpu/drm/drm_trace_points.o
  CC [M]  drivers/gpu/drm/drm_vblank.o
  CC [M]  drivers/gpu/drm/drm_vblank_work.o
  CC [M]  drivers/gpu/drm/drm_vma_manager.o
  CC [M]  drivers/gpu/drm/drm_writeback.o
  CC [M]  drivers/gpu/drm/drm_client.o
  CC [M]  net/rfkill/rfkill-gpio.o
  CC [M]  drivers/net/ipa/data/ipa_data-v4.7.o
  CC [M]  net/netfilter/xt_LOG.o
  CC [M]  net/netfilter/xt_addrtype.o
  CC [M]  drivers/cpufreq/raspberrypi-cpufreq.o
  CC [M]  drivers/cpufreq/sun50i-cpufreq-nvmem.o
  CC [M]  net/mac80211/driver-ops.o
  CC [M]  net/mac80211/sta_info.o
  CC [M]  net/mac80211/wep.o
  CC [M]  drivers/thermal/renesas/rzg3s_thermal.o
  CC [M]  sound/soc/codecs/msm8916-wcd-digital.o
  CC [M]  drivers/watchdog/pm8916_wdt.o
  CC [M]  drivers/net/wireless/ath/ath12k/hal.o
  CC [M]  drivers/net/wireless/ath/ath12k/wmi.o
  CC [M]  drivers/net/wireless/ath/ath12k/mac.o
  CC [M]  drivers/net/wireless/ath/ath12k/reg.o
  CC [M]  net/bridge/br_stp_bpdu.o
  CC [M]  drivers/net/wireless/ath/ath12k/htc.o
  CC [M]  drivers/net/wireless/marvell/mwifiex/cfp.o
  CC [M]  sound/soc/fsl/fsl_utils.o
  CC [M]  drivers/net/wireless/ath/ath12k/qmi.o
  CC [M]  drivers/net/wireless/ath/ath12k/dp.o
  CC [M]  drivers/md/dm-kcopyd.o
  CC [M]  drivers/net/ipa/data/ipa_data-v4.9.o
  CC [M]  sound/soc/codecs/mt6357.o
  CC [M]  drivers/md/dm-sysfs.o
  CC [M]  drivers/md/dm-stats.o
  LD [M]  net/wireless/cfg80211.o
  CC [M]  drivers/media/usb/uvc/uvc_metadata.o
  CC [M]  drivers/media/platform/amphion/vpu_v4l2.o
  CC [M]  drivers/media/platform/amphion/vpu_helpers.o
  CC [M]  drivers/media/platform/amphion/vpu_cmds.o
  CC [M]  drivers/net/wireless/broadcom/brcm80211/brcmfmac/bcdc.o
  CC [M]  drivers/net/wireless/broadcom/brcm80211/brcmfmac/fwsignal.o
  CC [M]  drivers/net/wireless/ath/ath10k/htt_rx.o
  CC [M]  drivers/net/wireless/rsi/rsi_91x_main.o
  CC [M]  drivers/clk/qcom/gpucc-sm8750.o
  CC [M]  drivers/phy/tegra/phy-tegra194-p2u.o
  CC [M]  net/bluetooth/l2cap_core.o
  CC [M]  drivers/media/rc/keymaps/rc-digitalnow-tinytwin.o
  CC [M]  net/can/gw.o
  CC [M]  net/nfc/netlink.o
  CC [M]  net/nfc/af_nfc.o
  CC [M]  net/nfc/rawsock.o
  CC [M]  drivers/net/ipa/data/ipa_data-v4.11.o
  CC [M]  drivers/net/ipa/data/ipa_data-v5.0.o
  LD [M]  net/rfkill/rfkill.o
  CC [M]  drivers/clk/qcom/gpucc-milos.o
  CC [M]  drivers/clk/qcom/tcsrcc-sm8750.o
  CC [M]  drivers/clk/qcom/videocc-sm6350.o
  CC [M]  net/bluetooth/l2cap_sock.o
  CC [M]  net/bluetooth/smp.o
  CC [M]  net/bluetooth/lib.o
  CC [M]  drivers/usb/renesas_usbhs/rcar3.o
  CC [M]  drivers/usb/typec/bus.o
  CC [M]  net/netfilter/xt_conntrack.o
  CC [M]  drivers/usb/typec/mux.o
  CC [M]  drivers/usb/typec/pd.o
  CC [M]  drivers/media/rc/keymaps/rc-digittrade.o
  CC [M]  drivers/clk/qcom/videocc-sm8450.o
  CC [M]  drivers/clk/qcom/videocc-sm8550.o
  CC [M]  drivers/clk/qcom/videocc-sm8750.o
  CC [M]  sound/soc/fsl/fsl_easrc.o
  CC [M]  drivers/watchdog/apple_wdt.o
  CC [M]  drivers/thermal/tegra/soctherm.o
  CC [M]  drivers/thermal/qcom/qcom-spmi-adc-tm5.o
  CC [M]  drivers/usb/gadget/function/f_rndis.o
  CC [M]  drivers/usb/gadget/function/rndis.o
  CC [M]  drivers/clk/qcom/videocc-milos.o
  LD [M]  drivers/net/wireless/ath/ath.o
  CC [M]  drivers/net/ipa/data/ipa_data-v5.2.o
  CC [M]  drivers/net/ipa/data/ipa_data-v5.5.o
  CC [M]  drivers/net/can/spi/mcp251xfd/mcp251xfd-dump.o
  CC [M]  drivers/net/wireless/rsi/rsi_91x_core.o
  CC [M]  drivers/net/wireless/rsi/rsi_91x_mac80211.o
  CC [M]  drivers/media/usb/uvc/uvc_entity.o
  CC [M]  drivers/usb/typec/retimer.o
  CC [M]  drivers/usb/typec/mode_selection.o
  CC [M]  net/bluetooth/ecdh_helper.o
  CC [M]  sound/soc/mediatek/common/mtk-afe-platform-driver.o
  CC [M]  sound/soc/mediatek/common/mtk-afe-fe-dai.o
  CC [M]  drivers/md/dm-rq.o
  CC [M]  drivers/md/dm-io-rewind.o
  CC [M]  drivers/thermal/tegra/soctherm-fuse.o
  CC [M]  drivers/phy/ti/phy-omap-usb2.o
  CC [M]  drivers/phy/ti/phy-am654-serdes.o
  CC [M]  drivers/phy/ti/phy-j721e-wiz.o
  CC [M]  drivers/net/ethernet/broadcom/bnx2x/bnx2x_ethtool.o
  CC [M]  drivers/net/usb/net1080.o
  CC [M]  net/netfilter/xt_ipvs.o
  CC [M]  sound/soc/mediatek/common/mtk-dsp-sof-common.o
  CC [M]  sound/soc/mediatek/common/mtk-soundcard-driver.o
  CC [M]  sound/soc/codecs/mt6358.o
  CC [M]  drivers/md/dm-raid1.o
  LD [M]  drivers/net/ipa/ipa.o
  CC [M]  drivers/md/dm-region-hash.o
  CC [M]  drivers/md/dm-log.o
  CC [M]  drivers/md/dm-zero.o
  CC [M]  net/bluetooth/mgmt_util.o
  CC [M]  drivers/usb/renesas_usbhs/rza.o
  CC [M]  drivers/usb/renesas_usbhs/rza2.o
  CC [M]  drivers/net/wireless/mediatek/mt76/mac80211.o
  CC [M]  drivers/net/wireless/ath/ath11k/hal_rx.o
  CC [M]  net/bridge/br_stp_if.o
  CC [M]  net/bridge/br_stp_timer.o
  CC [M]  drivers/media/rc/keymaps/rc-dm1105-nec.o
  CC [M]  drivers/net/wireless/marvell/mwifiex/cmdevt.o
  CC [M]  drivers/net/wireless/marvell/mwifiex/util.o
  CC [M]  drivers/gpu/drm/drm_client_event.o
  CC [M]  drivers/net/wireless/marvell/mwifiex/txrx.o
  CC [M]  drivers/net/wireless/marvell/mwifiex/wmm.o
  CC [M]  drivers/gpu/drm/drm_client_modeset.o
  CC [M]  drivers/gpu/drm/drm_client_sysrq.o
  CC [M]  drivers/gpu/drm/drm_ioc32.o
  CC [M]  drivers/media/platform/amphion/vpu_msgs.o
  CC [M]  drivers/gpu/drm/drm_panel.o
  CC [M]  drivers/gpu/drm/drm_of.o
  CC [M]  net/nfc/llcp_core.o
  CC [M]  net/nfc/llcp_commands.o
  CC [M]  drivers/media/rc/keymaps/rc-dntv-live-dvb-t.o
  CC [M]  drivers/watchdog/of_xilinx_wdt.o
  CC [M]  drivers/watchdog/xilinx_wwdt.o
  CC [M]  drivers/net/wireless/ath/ath11k/wmi.o
  CC [M]  drivers/net/wireless/ath/ath11k/mac.o
  CC [M]  drivers/net/wireless/ath/ath11k/reg.o
  CC [M]  drivers/net/wireless/ath/ath11k/htc.o
  CC [M]  drivers/usb/typec/port-mapper.o
  CC [M]  drivers/thermal/qcom/qcom-spmi-temp-alarm.o
  CC [M]  drivers/net/wireless/ath/ath12k/dp_tx.o
  CC [M]  drivers/net/wireless/ath/ath12k/dp_rx.o
  CC [M]  drivers/net/wireless/intel/iwlwifi/pcie/gen1_2/tx-gen2.o
  LD [M]  net/hsr/hsr.o
  CC [M]  drivers/net/wireless/ath/ath11k/qmi.o
  CC [M]  drivers/net/wireless/ath/ath11k/dp_tx.o
  CC [M]  drivers/net/wireless/ath/ath11k/dp.o
  CC [M]  drivers/net/wireless/marvell/mwifiex/11n.o
  CC [M]  drivers/net/wireless/ath/ath12k/dp_htt.o
  CC [M]  drivers/net/wireless/ath/ath12k/dp_peer.o
  CC [M]  drivers/net/wireless/intel/iwlwifi/iwl-dbg-tlv.o
  CC [M]  net/qrtr/smd.o
  CC [M]  drivers/thermal/tegra/tegra132-soctherm.o
  CC [M]  drivers/thermal/tegra/tegra210-soctherm.o
  CC [M]  drivers/thermal/tegra/tegra-bpmp-thermal.o
  CC [M]  drivers/gpu/drm/drm_pci.o
  CC [M]  drivers/usb/cdns3/cdns3-ep0.o
  CC [M]  drivers/usb/cdns3/cdns3-pci-wrap.o
  CC [M]  drivers/net/wireless/broadcom/brcm80211/brcmfmac/sdio.o
  CC [M]  drivers/net/wireless/broadcom/brcm80211/brcmfmac/bcmsdh.o
  CC [M]  drivers/usb/cdns3/cdns3-ti.o
  CC [M]  drivers/usb/cdns3/cdns3-imx.o
  CC [M]  drivers/usb/renesas_usbhs/mod_host.o
  CC [M]  net/bridge/br_netlink.o
  LD [M]  drivers/media/usb/uvc/uvcvideo.o
  CC [M]  drivers/usb/gadget/function/f_mass_storage.o
  CC [M]  drivers/watchdog/sl28cpld_wdt.o
  CC [M]  drivers/media/rc/keymaps/rc-dntv-live-dvbt-pro.o
  CC [M]  net/bluetooth/mgmt_config.o
  CC [M]  net/nfc/llcp_sock.o
  CC [M]  net/nfc/nci/core.o
  CC [M]  sound/soc/fsl/imx-audmux.o
  CC [M]  sound/soc/fsl/imx-pcm-dma.o
  CC [M]  drivers/usb/gadget/function/storage_common.o
  CC [M]  drivers/net/wireless/rsi/rsi_91x_mgmt.o
  LD [M]  drivers/md/md-mod.o
  CC [M]  sound/soc/mediatek/common/mtk-dai-adda-common.o
  CC [M]  drivers/net/usb/plusb.o
  CC [M]  drivers/net/wireless/ath/ath10k/htt_tx.o
  CC [M]  drivers/net/wireless/ath/ath10k/txrx.o
  CC [M]  drivers/net/wireless/ath/ath10k/wmi.o
  LD [M]  net/can/can.o
  CC [M]  drivers/net/wireless/rsi/rsi_91x_hal.o
  LD [M]  net/can/can-raw.o
  LD [M]  net/can/can-bcm.o
  LD [M]  net/can/can-gw.o
  CC [M]  drivers/phy/xilinx/phy-zynqmp.o
  LD [M]  drivers/md/dm-mod.o
  LD [M]  drivers/md/dm-mirror.o
  CC [M]  drivers/clk/xilinx/xlnx_vcu.o
  CC [M]  drivers/clk/xilinx/clk-xlnx-clock-wizard.o
  CC [M]  net/nfc/nci/data.o
  CC [M]  drivers/gpu/drm/drm_debugfs.o
  CC [M]  drivers/usb/renesas_usbhs/mod_gadget.o
  CC [M]  drivers/gpu/drm/drm_debugfs_crc.o
  CC [M]  drivers/gpu/drm/drm_exec.o
  CC [M]  drivers/gpu/drm/drm_gpuvm.o
  CC [M]  net/nfc/nci/lib.o
  CC [M]  net/nfc/nci/ntf.o
  CC [M]  net/nfc/nci/rsp.o
  CC [M]  net/nfc/nci/hci.o
  CC [M]  drivers/thermal/qcom/lmh.o
  CC [M]  drivers/net/wireless/ti/wl18xx/main.o
  CC [M]  drivers/net/wireless/ti/wlcore/main.o
  CC [M]  drivers/net/wireless/ti/wlcore/cmd.o
  CC [M]  drivers/net/wireless/ti/wlcore/io.o
  CC [M]  sound/soc/fsl/imx-sgtl5000.o
  LD [M]  drivers/thermal/tegra/tegra-soctherm.o
  CC [M]  drivers/media/rc/keymaps/rc-dreambox.o
  CC [M]  drivers/media/rc/keymaps/rc-dtt200u.o
  LD [M]  drivers/usb/cdns3/cdns-usb-common.o
  CC [M]  drivers/media/rc/keymaps/rc-dvbsky.o
  CC [M]  drivers/media/rc/keymaps/rc-dvico-mce.o
  CC [M]  drivers/media/rc/keymaps/rc-dvico-portable.o
  CC [M]  drivers/media/rc/keymaps/rc-em-terratec.o
  CC [M]  drivers/media/rc/keymaps/rc-encore-enltv2.o
  CC [M]  net/bluetooth/hci_codec.o
  LD [M]  sound/soc/mediatek/common/snd-soc-mtk-common.o
  CC [M]  sound/soc/codecs/mt6359.o
  CC [M]  sound/soc/mediatek/mt8183/mt8183-afe-pcm.o
  CC [M]  drivers/media/platform/amphion/vpu_rpc.o
  CC [M]  sound/soc/mediatek/mt8183/mt8183-afe-clk.o
  CC [M]  sound/soc/mediatek/mt8183/mt8183-dai-i2s.o
  CC [M]  sound/soc/mediatek/mt8183/mt8183-dai-tdm.o
  CC [M]  sound/soc/mediatek/mt8183/mt8183-dai-pcm.o
  CC [M]  sound/soc/mediatek/mt8192/mt8192-afe-pcm.o
  CC [M]  drivers/usb/typec/hd3ss3220.o
  CC [M]  sound/soc/mediatek/mt8188/mt8188-afe-clk.o
  CC [M]  sound/soc/mediatek/mt8183/mt8183-dai-hostless.o
  CC [M]  drivers/gpu/drm/drm_gem_dma_helper.o
  CC [M]  drivers/net/wireless/ath/ath12k/debug.o
  CC [M]  drivers/ufs/host/cdns-pltfrm.o
  CC [M]  drivers/net/wireless/ti/wl18xx/acx.o
  CC [M]  drivers/thermal/mediatek/lvts_thermal.o
  CC [M]  sound/soc/mediatek/mt8192/mt8192-afe-clk.o
  CC [M]  net/netfilter/ipvs/ip_vs_conn.o
  CC [M]  drivers/net/wireless/broadcom/brcm80211/brcmfmac/of.o
  CC [M]  drivers/net/wireless/broadcom/brcm80211/brcmfmac/dmi.o
  CC [M]  drivers/net/wireless/broadcom/brcm80211/brcmfmac/acpi.o
  CC [M]  drivers/gpu/drm/drm_fbdev_dma.o
  CC [M]  drivers/net/wireless/marvell/mwifiex/11ac.o
  CC [M]  drivers/net/wireless/marvell/mwifiex/11n_aggr.o
  CC [M]  drivers/net/wireless/marvell/mwifiex/11n_rxreorder.o
  CC [M]  drivers/net/wireless/rsi/rsi_91x_ps.o
  CC [M]  net/qrtr/tun.o
  CC [M]  drivers/net/usb/cdc_subset.o
  CC [M]  drivers/net/usb/zaurus.o
  CC [M]  sound/soc/mediatek/mt8183/mt8183-dai-adda.o
  LD [M]  drivers/net/can/spi/mcp251xfd/mcp251xfd.o
  CC [M]  sound/soc/mediatek/mt8195/mt8195-audsys-clk.o
  CC [M]  drivers/net/wireless/ath/ath11k/dp_rx.o
  CC [M]  drivers/net/wireless/ath/ath11k/debug.o
  CC [M]  net/mac80211/aead_api.o
  CC [M]  drivers/net/wireless/ath/ath11k/ce.o
  LD [M]  drivers/usb/renesas_usbhs/renesas_usbhs.o
  CC [M]  drivers/net/wireless/ti/wlcore/event.o
  CC [M]  drivers/ufs/host/ufs-qcom.o
  CC [M]  drivers/net/wireless/ti/wlcore/tx.o
  CC [M]  drivers/ufs/host/ufs-renesas.o
  CC [M]  drivers/ufs/host/ti-j721e-ufs.o
  CC [M]  drivers/net/wireless/ath/ath11k/peer.o
  CC [M]  drivers/net/wireless/ath/ath11k/dbring.o
  CC [M]  drivers/net/wireless/ath/ath11k/hw.o
  CC [M]  sound/soc/mediatek/mt8192/mt8192-afe-gpio.o
  CC [M]  drivers/usb/gadget/function/f_fs.o
  CC [M]  sound/soc/mediatek/mt8192/mt8192-dai-adda.o
  CC [M]  sound/soc/mediatek/mt8195/mt8195-afe-clk.o
  CC [M]  drivers/net/wireless/mediatek/mt76/debugfs.o
  CC [M]  drivers/media/platform/amphion/vpu_imx8q.o
  CC [M]  drivers/media/platform/amphion/vpu_windsor.o
  CC [M]  drivers/media/platform/amphion/vpu_malone.o
  CC [M]  drivers/media/platform/amphion/vpu_color.o
  CC [M]  drivers/net/wireless/broadcom/brcm80211/brcmfmac/wcc/core.o
  CC [M]  drivers/net/wireless/broadcom/brcm80211/brcmfmac/wcc/module.o
  CC [M]  net/bridge/br_netlink_tunnel.o
  CC [M]  net/netfilter/ipvs/ip_vs_core.o
  CC [M]  drivers/media/rc/keymaps/rc-encore-enltv.o
  CC [M]  drivers/media/rc/keymaps/rc-encore-enltv-fm53.o
  CC [M]  drivers/net/wireless/ti/wlcore/rx.o
  CC [M]  drivers/net/wireless/ti/wlcore/ps.o
  CC [M]  sound/soc/codecs/nau8315.o
  CC [M]  drivers/net/wireless/ti/wlcore/acx.o
  CC [M]  drivers/net/wireless/ti/wlcore/boot.o
  CC [M]  drivers/net/wireless/intel/iwlwifi/iwl-trans.o
  CC [M]  drivers/net/wireless/ti/wlcore/init.o
  CC [M]  drivers/net/wireless/ti/wlcore/debugfs.o
  CC [M]  drivers/net/usb/mcs7830.o
  CC [M]  drivers/net/usb/usbnet.o
  CC [M]  sound/soc/mediatek/mt8188/mt8188-afe-pcm.o
  CC [M]  drivers/media/platform/amphion/vdec.o
  CC [M]  drivers/media/platform/amphion/venc.o
  CC [M]  drivers/net/wireless/ti/wl18xx/tx.o
  CC [M]  drivers/net/wireless/rsi/rsi_91x_coex.o
  CC [M]  drivers/net/wireless/broadcom/brcm80211/brcmfmac/bca/core.o
  CC [M]  drivers/net/wireless/broadcom/brcm80211/brcmfmac/cyw/core.o
  CC [M]  drivers/net/wireless/broadcom/brcm80211/brcmfmac/cyw/module.o
  LD [M]  drivers/usb/cdns3/cdns3.o
  CC [M]  drivers/net/wireless/broadcom/brcm80211/brcmfmac/bca/module.o
  CC [M]  drivers/net/ethernet/freescale/enetc/enetc4_pf.o
  CC [M]  drivers/net/wireless/ti/wl18xx/io.o
  CC [M]  sound/soc/mediatek/mt8365/mt8365-afe-clk.o
  CC [M]  drivers/net/wireless/rsi/rsi_91x_debugfs.o
  CC [M]  sound/soc/mediatek/mt8365/mt8365-afe-pcm.o
  CC [M]  drivers/net/wireless/ath/ath11k/pcic.o
  CC [M]  drivers/net/wireless/ath/ath11k/fw.o
  CC [M]  drivers/net/wireless/ath/ath11k/p2p.o
  CC [M]  drivers/gpu/drm/drm_fb_dma_helper.o
  CC [M]  sound/soc/mediatek/mt8195/mt8195-afe-pcm.o
  CC [M]  net/netfilter/ipvs/ip_vs_ctl.o
  CC [M]  net/netfilter/ipvs/ip_vs_sched.o
  CC [M]  sound/soc/codecs/nau8822.o
  CC [M]  drivers/net/usb/cdc_ncm.o
  CC [M]  net/bluetooth/eir.o
  CC [M]  drivers/media/mc/mc-device.o
  CC [M]  drivers/media/mc/mc-devnode.o
  CC [M]  drivers/media/mc/mc-entity.o
  CC [M]  net/netfilter/ipvs/ip_vs_xmit.o
  CC [M]  drivers/media/platform/amphion/vpu_dbg.o
  CC [M]  sound/soc/mediatek/mt8192/mt8192-afe-control.o
  CC [M]  sound/soc/mediatek/mt8183/mt8183-mt6358-ts3a227-max98357.o
  CC [M]  drivers/net/ethernet/broadcom/bnx2x/bnx2x_stats.o
  CC [M]  drivers/net/ethernet/broadcom/bnx2x/bnx2x_dcb.o
  CC [M]  drivers/net/ethernet/broadcom/bnx2x/bnx2x_sp.o
  CC [M]  drivers/gpu/drm/drm_gem_shmem_helper.o
  CC [M]  drivers/net/wireless/ath/ath11k/thermal.o
  CC [M]  net/mac80211/wpa.o
  CC [M]  net/mac80211/offchannel.o
  CC [M]  net/mac80211/scan.o
  CC [M]  net/mac80211/ht.o
  CC [M]  sound/soc/fsl/imx-audmix.o
  LD [M]  sound/soc/fsl/snd-soc-fsl-audmix.o
  LD [M]  sound/soc/fsl/snd-soc-fsl-asoc-card.o
  CC [M]  sound/soc/codecs/nau8825.o
  CC [M]  drivers/media/rc/keymaps/rc-evga-indtube.o
  CC [M]  drivers/usb/typec/altmodes/displayport.o
  LD [M]  drivers/net/wireless/broadcom/brcm80211/brcmfmac/wcc/brcmfmac-wcc.o
  CC [M]  drivers/usb/typec/tcpm/tcpm.o
  CC [M]  drivers/gpu/drm/drm_fbdev_shmem.o
  CC [M]  drivers/net/wireless/marvell/mwifiex/scan.o
  CC [M]  drivers/net/wireless/marvell/mwifiex/join.o
  CC [M]  drivers/net/wireless/rsi/rsi_91x_sdio.o
  CC [M]  drivers/net/wireless/marvell/mwifiex/sta_ioctl.o
  CC [M]  sound/soc/mediatek/mt8192/mt8192-dai-i2s.o
  CC [M]  sound/soc/mediatek/mt8192/mt8192-dai-pcm.o
  CC [M]  drivers/media/v4l2-core/v4l2-async.o
  CC [M]  sound/soc/mediatek/mt8365/mt8365-dai-adda.o
  CC [M]  drivers/net/wireless/ath/ath12k/ce.o
  CC [M]  net/qrtr/mhi.o
  CC [M]  drivers/net/wireless/ath/ath12k/peer.o
  CC [M]  sound/soc/mediatek/mt8183/mt8183-da7219-max98357.o
  CC [M]  drivers/media/dvb-core/dvbdev.o
  CC [M]  drivers/usb/typec/ucsi/ucsi.o
  CC [M]  drivers/net/wireless/mediatek/mt76/eeprom.o
  CC [M]  net/bridge/br_arp_nd_proxy.o
  CC [M]  net/bridge/br_sysfs_if.o
  CC [M]  net/bridge/br_sysfs_br.o
  CC [M]  drivers/net/wireless/mediatek/mt76/tx.o
  CC [M]  sound/soc/mediatek/mt8188/mt8188-audsys-clk.o
  CC [M]  sound/soc/mediatek/mt8365/mt8365-dai-dmic.o
  CC [M]  sound/soc/mediatek/mt8195/mt8195-dai-adda.o
  CC [M]  net/bluetooth/hci_sync.o
  CC [M]  drivers/usb/typec/tcpm/fusb302.o
  CC [M]  net/bridge/br_nf_core.o
  LD [M]  net/netfilter/nf_conntrack.o
  CC [M]  drivers/net/wireless/ath/ath11k/wow.o
  CC [M]  drivers/net/wireless/ti/wl18xx/debugfs.o
  CC [M]  drivers/net/wireless/ti/wl18xx/scan.o
  CC [M]  drivers/net/wireless/ti/wl18xx/cmd.o
  LD [M]  drivers/net/wireless/broadcom/brcm80211/brcmfmac/bca/brcmfmac-bca.o
  LD [M]  drivers/usb/gadget/function/usb_f_acm.o
  CC [M]  sound/soc/codecs/hdmi-codec.o
  CC [M]  sound/soc/mediatek/mt8188/mt8188-dai-adda.o
  CC [M]  drivers/net/wireless/ath/ath12k/dbring.o
  CC [M]  drivers/net/wireless/ath/ath12k/mhi.o
  CC [M]  drivers/net/wireless/ath/ath12k/pci.o
  CC [M]  drivers/net/wireless/intel/iwlwifi/fw/img.o
  CC [M]  drivers/net/wireless/intel/iwlwifi/fw/notif-wait.o
  CC [M]  drivers/net/wireless/ath/ath12k/dp_mon.o
  CC [M]  drivers/media/rc/keymaps/rc-eztv.o
  LD [M]  drivers/net/wireless/broadcom/brcm80211/brcmfmac/cyw/brcmfmac-cyw.o
  LD [M]  drivers/net/wireless/broadcom/brcm80211/brcmfmac/brcmfmac.o
  CC [M]  drivers/net/ethernet/broadcom/bnx2x/bnx2x_self_test.o
  LD [M]  drivers/media/platform/amphion/amphion-vpu.o
  CC [M]  drivers/gpu/drm/drm_gem_vram_helper.o
  LD [M]  net/nfc/nci/nci.o
  CC [M]  drivers/media/platform/cadence/cdns-csi2rx.o
  CC [M]  drivers/media/cec/i2c/tda9950.o
  CC [M]  drivers/media/cec/core/cec-core.o
  LD [M]  net/nfc/nfc.o
  CC [M]  drivers/media/mc/mc-request.o
  CC [M]  drivers/media/mc/mc-dev-allocator.o
  LD [M]  drivers/usb/gadget/function/usb_f_serial.o
  LD [M]  drivers/usb/gadget/function/usb_f_obex.o
  CC [M]  drivers/media/cec/platform/meson/ao-cec-g12a.o
  LD [M]  drivers/usb/gadget/function/usb_f_ncm.o
  LD [M]  drivers/usb/gadget/function/usb_f_ecm.o
  LD [M]  drivers/usb/gadget/function/usb_f_eem.o
  CC [M]  drivers/net/wireless/ath/ath10k/wmi-tlv.o
  LD [M]  drivers/usb/gadget/function/usb_f_ecm_subset.o
  CC [M]  drivers/usb/typec/tcpm/tcpci.o
  LD [M]  drivers/usb/gadget/function/usb_f_rndis.o
  LD [M]  drivers/usb/gadget/function/usb_f_mass_storage.o
  LD [M]  drivers/usb/gadget/function/usb_f_fs.o
  CC [M]  drivers/usb/typec/tcpm/tcpci_rt1711h.o
  CC [M]  drivers/usb/typec/tcpm/tcpci_mt6360.o
  CC [M]  drivers/usb/typec/ucsi/debugfs.o
  CC [M]  drivers/net/usb/r8153_ecm.o
  CC [M]  drivers/media/v4l2-core/v4l2-cci.o
  CC [M]  drivers/media/v4l2-core/v4l2-fwnode.o
  CC [M]  drivers/media/dvb-core/dmxdev.o
  CC [M]  drivers/media/dvb-core/dvb_demux.o
  CC [M]  drivers/net/ethernet/freescale/enetc/enetc4_debugfs.o
  CC [M]  drivers/net/wireless/ath/ath11k/coredump.o
  CC [M]  drivers/media/v4l2-core/v4l2-h264.o
  CC [M]  drivers/media/v4l2-core/v4l2-jpeg.o
  CC [M]  drivers/media/v4l2-core/v4l2-mem2mem.o
  CC [M]  drivers/net/wireless/ti/wlcore/scan.o
  CC [M]  drivers/net/ethernet/broadcom/bnx2x/bnx2x_vfpf.o
  CC [M]  drivers/net/ethernet/broadcom/bnx2x/bnx2x_sriov.o
  CC [M]  drivers/gpu/drm/drm_gem_ttm_helper.o
  LD [M]  sound/soc/fsl/snd-soc-fsl-asrc.o
  LD [M]  sound/soc/fsl/snd-soc-fsl-sai.o
  CC [M]  drivers/net/wireless/marvell/mwifiex/sta_cmd.o
  LD [M]  sound/soc/fsl/snd-soc-fsl-ssi.o
  LD [M]  sound/soc/fsl/snd-soc-fsl-spdif.o
  CC [M]  sound/soc/mediatek/mt8192/mt8192-dai-tdm.o
  LD [M]  sound/soc/fsl/snd-soc-fsl-esai.o
  LD [M]  sound/soc/fsl/snd-soc-fsl-micfil.o
  CC [M]  drivers/net/wireless/ath/ath12k/fw.o
  LD [M]  sound/soc/fsl/snd-soc-fsl-utils.o
  LD [M]  sound/soc/fsl/snd-soc-fsl-easrc.o
  CC [M]  net/bridge/br_multicast.o
  CC [M]  sound/soc/mediatek/mt8195/mt8195-dai-etdm.o
  LD [M]  sound/soc/fsl/snd-soc-imx-audmux.o
  LD [M]  sound/soc/fsl/snd-soc-imx-sgtl5000.o
  CC [M]  sound/soc/mediatek/mt8195/mt8195-dai-pcm.o
  LD [M]  sound/soc/fsl/snd-soc-imx-audmix.o
  CC [M]  drivers/media/cec/core/cec-api.o
  CC [M]  drivers/media/cec/core/cec-adap.o
  CC [M]  sound/soc/mediatek/mt8365/mt8365-dai-i2s.o
  CC [M]  net/mac80211/agg-tx.o
  CC [M]  sound/soc/mediatek/mt8365/mt8365-dai-pcm.o
  CC [M]  sound/soc/mediatek/mt8365/mt8365-mt6357.o
  CC [M]  sound/soc/meson/aiu.o
  CC [M]  net/bridge/br_mdb.o
  CC [M]  drivers/media/dvb-core/dvb_ca_en50221.o
  CC [M]  drivers/media/dvb-core/dvb_frontend.o
  CC [M]  drivers/media/dvb-core/dvb_ringbuffer.o
  CC [M]  drivers/media/v4l2-core/v4l2-vp9.o
  CC [M]  net/netfilter/ipvs/ip_vs_app.o
  CC [M]  net/netfilter/ipvs/ip_vs_sync.o
  CC [M]  drivers/media/rc/keymaps/rc-flydvb.o
  CC [M]  net/netfilter/ipvs/ip_vs_est.o
  CC [M]  net/bridge/br_multicast_eht.o
  CC [M]  net/bridge/br_vlan.o
  CC [M]  net/bridge/br_vlan_tunnel.o
  CC [M]  net/bridge/br_vlan_options.o
  CC [M]  sound/soc/mediatek/mt8195/mt8195-mt6359.o
  CC [M]  net/bridge/br_mst.o
  CC [M]  drivers/net/wireless/ti/wlcore/sysfs.o
  CC [M]  drivers/net/wireless/intel/iwlwifi/fw/rs.o
  LD [M]  drivers/usb/typec/altmodes/typec_displayport.o
  CC [M]  drivers/net/wireless/ti/wlcore/vendor_cmd.o
  CC [M]  net/bluetooth/hci_drv.o
  CC [M]  net/bluetooth/coredump.o
  CC [M]  net/netfilter/ipvs/ip_vs_proto.o
  LD [M]  drivers/media/mc/mc.o
  CC [M]  drivers/media/v4l2-core/v4l2-dv-timings.o
  CC [M]  drivers/net/wireless/ath/ath11k/ahb.o
  CC [M]  drivers/net/wireless/rsi/rsi_91x_sdio_ops.o
  CC [M]  net/bridge/br_switchdev.o
  CC [M]  drivers/net/wireless/ath/ath11k/mhi.o
  CC [M]  drivers/media/cec/core/cec-notifier.o
  CC [M]  drivers/net/wireless/mediatek/mt76/agg-rx.o
  CC [M]  sound/soc/codecs/pcm3168a.o
  CC [M]  drivers/net/wireless/ath/ath12k/p2p.o
  CC [M]  sound/soc/codecs/pcm3168a-i2c.o
  CC [M]  drivers/media/platform/chips-media/wave5/wave5-hw.o
  CC [M]  drivers/net/wireless/ath/ath11k/pci.o
  LD [M]  drivers/net/usb/asix.o
  CC [M]  drivers/net/wireless/ath/ath10k/bmi.o
  CC [M]  drivers/net/wireless/ti/wl18xx/event.o
  LD [M]  net/qrtr/qrtr.o
  CC [M]  drivers/crypto/qcom-rng.o
  CC [M]  drivers/media/platform/imagination/e5010-jpeg-enc-hw.o
  CC [M]  drivers/firmware/stratix10-rsu.o
  CC [M]  net/netfilter/ipvs/ip_vs_pe.o
  CC [M]  sound/soc/mediatek/mt8188/mt8188-dai-dmic.o
  CC [M]  drivers/hid/hid-multitouch.o
  CC [M]  drivers/usb/typec/ucsi/displayport.o
  CC [M]  drivers/usb/typec/ucsi/psy.o
  CC [M]  drivers/usb/typec/tcpm/tcpci_maxim_core.o
  LD [M]  net/qrtr/qrtr-smd.o
  CC [M]  sound/soc/mediatek/mt8192/mt8192-mt6359-rt1015-rt5682.o
  CC [M]  drivers/firmware/mtk-adsp-ipc.o
  LD [M]  net/qrtr/qrtr-tun.o
  LD [M]  net/qrtr/qrtr-mhi.o
  CC [M]  drivers/media/platform/imagination/e5010-jpeg-enc.o
  CC [M]  drivers/net/wireless/intel/iwlwifi/fw/dbg.o
  CC [M]  drivers/net/wireless/intel/iwlwifi/fw/pnvm.o
  CC [M]  drivers/media/v4l2-core/v4l2-dev.o
  CC [M]  drivers/gpu/drm/drm_fbdev_ttm.o
  CC [M]  drivers/usb/typec/ucsi/ucsi_ccg.o
  CC [M]  drivers/usb/typec/ucsi/ucsi_glink.o
  LD [M]  sound/soc/mediatek/mt8183/snd-soc-mt8183-afe.o
  CC [M]  drivers/media/rc/keymaps/rc-flyvideo.o
  CC [M]  sound/soc/mediatek/mt8188/mt8188-dai-etdm.o
  CC [M]  drivers/net/wireless/intel/iwlwifi/fw/dump.o
  CC [M]  drivers/net/wireless/intel/iwlwifi/fw/regulatory.o
  CC [M]  drivers/net/wireless/intel/iwlwifi/cfg/1000.o
  CC [M]  drivers/net/ethernet/freescale/enetc/netc_blk_ctrl.o
  CC [M]  sound/soc/mediatek/mt8188/mt8188-dai-pcm.o
  CC [M]  sound/soc/mediatek/mt8188/mt8188-mt6359.o
  CC [M]  drivers/gpu/drm/drm_atomic_helper.o
  CC [M]  drivers/gpu/drm/drm_atomic_state_helper.o
  CC [M]  drivers/gpu/drm/drm_bridge_helper.o
  LD [M]  drivers/net/wireless/ath/ath11k/ath11k.o
  CC [M]  net/bluetooth/sco.o
  CC [M]  drivers/usb/typec/tcpm/maxim_contaminant.o
  CC [M]  drivers/media/v4l2-core/v4l2-ioctl.o
  CC [M]  drivers/media/v4l2-core/v4l2-device.o
  CC [M]  drivers/media/v4l2-core/v4l2-fh.o
  CC [M]  sound/soc/codecs/rk3308_codec.o
  CC [M]  drivers/media/v4l2-core/v4l2-event.o
  CC [M]  net/bluetooth/leds.o
  CC [M]  drivers/net/wireless/ti/wlcore/sdio.o
  CC [M]  drivers/net/wireless/ath/ath10k/hw.o
  CC [M]  drivers/net/wireless/ath/ath12k/acpi.o
  CC [M]  drivers/crypto/sa2ul.o
  CC [M]  net/bluetooth/hidp/core.o
  CC [M]  drivers/usb/typec/ucsi/cros_ec_ucsi.o
  CC [M]  sound/soc/meson/aiu-acodec-ctrl.o
  CC [M]  sound/soc/meson/aiu-codec-ctrl.o
  CC [M]  drivers/net/wireless/ath/ath12k/wow.o
  CC [M]  drivers/firmware/google/coreboot_table.o
  LD [M]  drivers/media/cec/core/cec.o
  LD [M]  drivers/media/dvb-core/dvb-core.o
  LD [M]  sound/soc/mediatek/mt8365/snd-soc-mt8365-pcm.o
  CC [M]  net/mac80211/agg-rx.o
  CC [M]  drivers/net/wireless/rsi/rsi_91x_usb.o
  CC [M]  net/mac80211/vht.o
  CC [M]  sound/soc/meson/aiu-encoder-i2s.o
  CC [M]  net/mac80211/he.o
  CC [M]  sound/soc/meson/aiu-encoder-spdif.o
  CC [M]  drivers/net/wireless/ath/ath10k/p2p.o
  CC [M]  drivers/net/wireless/rsi/rsi_91x_usb_ops.o
  CC [M]  drivers/net/wireless/ath/ath12k/thermal.o
  CC [M]  drivers/net/wireless/ath/ath12k/wifi7/pci.o
  CC [M]  drivers/net/wireless/ath/ath12k/wifi7/core.o
  CC [M]  drivers/net/wireless/marvell/mwifiex/uap_cmd.o
  CC [M]  drivers/net/wireless/marvell/mwifiex/ie.o
  CC [M]  sound/soc/codecs/rk817_codec.o
  CC [M]  net/bridge/br_netfilter_hooks.o
  CC [M]  drivers/net/wireless/marvell/mwifiex/sta_cmdresp.o
  CC [M]  net/bridge/br_netfilter_ipv6.o
  LD [M]  sound/soc/mediatek/mt8195/snd-soc-mt8195-afe.o
  CC [M]  net/mac80211/s1g.o
  CC [M]  sound/soc/meson/aiu-fifo.o
  CC [M]  sound/soc/meson/aiu-fifo-i2s.o
  CC [M]  sound/soc/meson/aiu-fifo-spdif.o
  LD [M]  drivers/net/ethernet/freescale/enetc/nxp-enetc4.o
  CC [M]  drivers/gpu/drm/drm_crtc_helper.o
  CC [M]  sound/soc/meson/axg-fifo.o
  CC [M]  drivers/gpu/drm/drm_damage_helper.o
  CC [M]  drivers/gpu/drm/drm_flip_work.o
  CC [M]  drivers/media/rc/keymaps/rc-fusionhdtv-mce.o
  CC [M]  net/bluetooth/hidp/sock.o
  CC [M]  drivers/net/wireless/ath/ath10k/swap.o
  CC [M]  sound/soc/codecs/rl6231.o
  CC [M]  drivers/net/wireless/ath/ath10k/thermal.o
  CC [M]  drivers/net/wireless/ath/ath10k/leds.o
  LD [M]  drivers/net/ethernet/broadcom/bnx2x/bnx2x.o
  CC [M]  drivers/net/wireless/ath/ath10k/wow.o
  CC [M]  sound/soc/codecs/rt1011.o
  CC [M]  drivers/staging/media/max96712/max96712.o
  LD [M]  drivers/net/wireless/rsi/rsi_91x.o
  CC [M]  drivers/media/v4l2-core/v4l2-subdev.o
  LD [M]  drivers/net/wireless/ath/ath11k/ath11k_ahb.o
  LD [M]  drivers/usb/typec/ucsi/typec_ucsi.o
  CC [M]  drivers/net/wireless/ath/ath12k/wifi7/wmi.o
  LD [M]  sound/soc/mediatek/mt8192/snd-soc-mt8192-afe.o
  CC [M]  sound/soc/codecs/rt1015.o
  CC [M]  drivers/staging/media/meson/vdec/esparser.o
  CC [M]  sound/soc/meson/axg-frddr.o
  CC [M]  drivers/usb/typec/tipd/core.o
  CC [M]  drivers/hid/i2c-hid/i2c-hid-core.o
  CC [M]  drivers/usb/typec/mux/fsa4480.o
  CC [M]  sound/soc/meson/axg-toddr.o
  CC [M]  drivers/media/v4l2-core/v4l2-common.o
  CC [M]  sound/soc/qcom/lpass-cpu.o
  CC [M]  sound/soc/renesas/rz-ssi.o
  CC [M]  drivers/net/wireless/mediatek/mt76/mcu.o
  CC [M]  sound/soc/renesas/rcar/core.o
  CC [M]  drivers/media/platform/chips-media/wave5/wave5-vpuapi.o
  CC [M]  drivers/media/platform/chips-media/wave5/wave5-vdi.o
  LD [M]  drivers/net/wireless/rsi/rsi_sdio.o
  CC [M]  drivers/media/platform/chips-media/wave5/wave5-vpu-dec.o
  LD [M]  drivers/media/platform/imagination/e5010_jpeg_enc.o
  CC [M]  drivers/media/platform/chips-media/wave5/wave5-vpu.o
  CC [M]  drivers/media/platform/chips-media/wave5/wave5-vpu-enc.o
  CC [M]  drivers/usb/typec/tcpm/qcom/qcom_pmic_typec.o
  CC [M]  drivers/usb/typec/tcpm/qcom/qcom_pmic_typec_port.o
  CC [M]  drivers/usb/typec/tcpm/qcom/qcom_pmic_typec_pdphy.o
  LD [M]  drivers/net/ethernet/freescale/enetc/nxp-netc-blk-ctrl.o
  LD [M]  drivers/net/wireless/ti/wl18xx/wl18xx.o
  CC [M]  drivers/net/ethernet/mediatek/mtk_star_emac.o
  CC [M]  drivers/usb/typec/tcpm/qcom/qcom_pmic_typec_pdphy_stub.o
  CC [M]  drivers/firmware/google/cbmem.o
  CC [M]  drivers/media/rc/keymaps/rc-gadmei-rm008z.o
  CC [M]  net/mac80211/ibss.o
  CC [M]  drivers/net/wireless/marvell/mwifiex/sta_event.o
  CC [M]  drivers/platform/chrome/cros_typec_switch.o
  CC [M]  drivers/platform/chrome/cros_ec_rpmsg.o
  CC [M]  drivers/hwspinlock/omap_hwspinlock.o
  CC [M]  drivers/remoteproc/mtk_scp.o
  LD [M]  drivers/net/wireless/ath/ath11k/ath11k_pci.o
  LD [M]  sound/soc/mediatek/mt8188/snd-soc-mt8188-afe.o
  CC [M]  drivers/mailbox/exynos-mailbox.o
  CC [M]  drivers/mailbox/omap-mailbox.o
  CC [M]  drivers/gpu/drm/drm_format_helper.o
  CC [M]  drivers/gpu/drm/drm_gem_atomic_helper.o
  CC [M]  net/mac80211/iface.o
  CC [M]  sound/soc/meson/axg-tdm-formatter.o
  CC [M]  sound/soc/codecs/rt1015p.o
  CC [M]  drivers/gpu/drm/drm_gem_framebuffer_helper.o
  CC [M]  drivers/gpu/drm/drm_kms_helper_common.o
  CC [M]  drivers/crypto/allwinner/sun8i-ce/sun8i-ce-core.o
  CC [M]  drivers/net/wireless/intel/iwlwifi/cfg/2000.o
  CC [M]  drivers/rpmsg/rpmsg_char.o
  CC [M]  drivers/net/wireless/ath/ath12k/wifi7/mhi.o
  CC [M]  drivers/rpmsg/rpmsg_ctrl.o
  LD [M]  drivers/usb/typec/tcpm/tcpci_maxim.o
  CC [M]  sound/soc/codecs/rt5514.o
  CC [M]  sound/soc/renesas/rcar/gen.o
  CC [M]  drivers/crypto/allwinner/sun8i-ce/sun8i-ce-cipher.o
  CC [M]  drivers/media/platform/mediatek/jpeg/mtk_jpeg_core.o
  CC [M]  drivers/net/wireless/ath/ath12k/wifi7/ce.o
  CC [M]  drivers/usb/typec/mux/gpio-sbu-mux.o
  CC [M]  drivers/usb/typec/mux/it5205.o
  CC [M]  sound/soc/renesas/rcar/dma.o
  CC [M]  sound/soc/rockchip/rockchip_i2s.o
  CC [M]  sound/soc/samsung/dmaengine.o
  CC [M]  drivers/firmware/samsung/exynos-acpm.o
  CC [M]  sound/soc/renesas/rcar/adg.o
  CC [M]  drivers/net/wireless/marvell/mwifiex/uap_event.o
  CC [M]  sound/soc/codecs/rt5514-spi.o
  CC [M]  sound/soc/renesas/rcar/ssi.o
  LD [M]  drivers/net/wireless/ti/wlcore/wlcore.o
  CC [M]  sound/soc/qcom/lpass-cdc-dma.o
  CC [M]  drivers/media/rc/keymaps/rc-geekbox.o
  CC [M]  drivers/media/platform/chips-media/wave5/wave5-helper.o
  CC [M]  drivers/net/wireless/ath/ath12k/wifi7/hw.o
  CC [M]  drivers/media/platform/mediatek/jpeg/mtk_jpeg_dec_parse.o
  LD [M]  net/bluetooth/hidp/hidp.o
  LD [M]  net/bluetooth/bluetooth.o
  CC [M]  drivers/firmware/samsung/exynos-acpm-pmic.o
  CC [M]  drivers/staging/media/meson/vdec/vdec.o
  CC [M]  drivers/media/rc/keymaps/rc-genius-tvgo-a11mce.o
  CC [M]  net/mac80211/link.o
  CC [M]  drivers/net/ethernet/mellanox/mlx4/alloc.o
  CC [M]  drivers/net/ethernet/mellanox/mlx5/core/main.o
  CC [M]  drivers/net/ethernet/mellanox/mlx4/catas.o
  CC [M]  drivers/net/ethernet/mellanox/mlx4/cmd.o
  CC [M]  drivers/net/ethernet/mellanox/mlx4/cq.o
  CC [M]  drivers/net/ethernet/mellanox/mlx4/eq.o
  CC [M]  drivers/media/v4l2-core/v4l2-ctrls-core.o
  CC [M]  drivers/media/v4l2-core/v4l2-ctrls-api.o
  CC [M]  drivers/media/v4l2-core/v4l2-ctrls-request.o
  CC [M]  drivers/media/v4l2-core/v4l2-ctrls-defs.o
  LD [M]  net/bridge/bridge.o
  CC [M]  sound/soc/renesas/rcar/ssiu.o
  CC [M]  sound/soc/renesas/rcar/src.o
  CC [M]  drivers/net/wireless/marvell/mwifiex/sta_tx.o
  CC [M]  drivers/net/wireless/marvell/mwifiex/sta_rx.o
  CC [M]  drivers/net/wireless/marvell/mwifiex/uap_txrx.o
  CC [M]  drivers/net/wireless/marvell/mwifiex/cfg80211.o
  CC [M]  net/mac80211/rate.o
  CC [M]  sound/soc/rockchip/rockchip_sai.o
  LD [M]  net/netfilter/ipvs/ip_vs.o
  CC [M]  drivers/mailbox/bcm-flexrm-mailbox.o
  CC [M]  drivers/mailbox/mtk-adsp-mailbox.o
  CC [M]  net/mac80211/tkip.o
  CC [M]  drivers/mailbox/mtk-cmdq-mailbox.o
  CC [M]  drivers/mailbox/qcom-cpucp-mbox.o
  CC [M]  drivers/net/wireless/ath/ath10k/coredump.o
  CC [M]  sound/soc/meson/axg-tdm-interface.o
  CC [M]  drivers/usb/typec/mux/nb7vpq904m.o
  CC [M]  sound/soc/renesas/rcar/ctu.o
  LD [M]  drivers/net/wireless/ti/wlcore/wlcore_sdio.o
  CC [M]  drivers/platform/chrome/cros_ec_typec.o
  CC [M]  sound/soc/renesas/rcar/mix.o
  CC [M]  drivers/hid/i2c-hid/i2c-hid-dmi-quirks.o
  CC [M]  drivers/usb/typec/mux/ps883x.o
  CC [M]  drivers/usb/typec/mux/ptn36502.o
  CC [M]  drivers/gpu/drm/drm_modeset_helper.o
  CC [M]  drivers/media/platform/mediatek/jpeg/mtk_jpeg_enc_hw.o
  CC [M]  drivers/remoteproc/mtk_scp_ipi.o
  CC [M]  sound/soc/meson/axg-tdmin.o
  CC [M]  drivers/net/wireless/ath/ath12k/wifi7/hal_tx.o
  CC [M]  drivers/media/v4l2-core/v4l2-compat-ioctl32.o
  LD [M]  net/bridge/br_netfilter.o
  CC [M]  drivers/net/wireless/ath/ath12k/wifi7/hal_rx.o
  LD [M]  drivers/usb/typec/typec.o
  CC [M]  drivers/net/wireless/ath/ath12k/wifi7/dp_rx.o
  CC [M]  drivers/usb/typec/mux/wcd939x-usbss.o
  CC [M]  drivers/rpmsg/mtk_rpmsg.o
  LD [M]  drivers/net/wireless/ath/ath12k/ath12k.o
  LD [M]  drivers/crypto/allwinner/sun8i-ce/sun8i-ce.o
  CC [M]  drivers/devfreq/governor_passive.o
  CC [M]  sound/soc/meson/axg-tdmout.o
  CC [M]  drivers/net/wireless/intel/iwlwifi/cfg/5000.o
  CC [M]  drivers/extcon/extcon-ptn5150.o
  CC [M]  net/mac80211/aes_cmac.o
  CC [M]  sound/soc/qcom/lpass-hdmi.o
  CC [M]  drivers/crypto/xilinx/xilinx-trng.o
  CC [M]  drivers/crypto/xilinx/zynqmp-aes-gcm.o
  CC [M]  drivers/gpu/drm/drm_plane_helper.o
  CC [M]  drivers/media/rc/keymaps/rc-gotview7135.o
  CC [M]  drivers/media/rc/keymaps/rc-hauppauge.o
  CC [M]  drivers/net/ethernet/mellanox/mlx4/fw.o
  CC [M]  drivers/net/wireless/mediatek/mt76/wed.o
  CC [M]  drivers/net/ethernet/mellanox/mlx4/fw_qos.o
  CC [M]  drivers/net/ethernet/mellanox/mlx4/icm.o
  CC [M]  drivers/net/ethernet/mellanox/mlx4/intf.o
  CC [M]  drivers/net/ethernet/mellanox/mlx4/main.o
  LD [M]  drivers/usb/typec/tcpm/qcom/qcom_pmic_tcpm.o
  CC [M]  drivers/media/rc/keymaps/rc-hisi-poplar.o
  CC [M]  sound/soc/renesas/rcar/dvc.o
  CC [M]  sound/soc/meson/axg-card.o
  CC [M]  sound/soc/codecs/rt5640.o
  CC [M]  drivers/firmware/samsung/exynos-acpm-dvfs.o
  CC [M]  drivers/staging/vc04_services/bcm2835-audio/bcm2835.o
  LD [M]  drivers/media/platform/chips-media/wave5/wave5.o
  CC [M]  drivers/net/wireless/mediatek/mt76/scan.o
  CC [M]  drivers/staging/vc04_services/bcm2835-audio/bcm2835-pcm.o
  CC [M]  drivers/staging/vc04_services/bcm2835-audio/bcm2835-ctl.o
  CC [M]  sound/soc/codecs/rt5645.o
  LD [M]  drivers/net/wireless/rsi/rsi_usb.o
  CC [M]  drivers/net/ethernet/mscc/ocelot.o
  CC [M]  drivers/hid/i2c-hid/i2c-hid-acpi.o
  CC [M]  drivers/memory/renesas-rpc-if.o
  LD [M]  sound/soc/renesas/snd-soc-rz-ssi.o
  CC [M]  drivers/perf/arm-cci.o
  CC [M]  drivers/perf/arm-ccn.o
  CC [M]  drivers/iio/adc/industrialio-adc.o
  CC [M]  drivers/net/wireless/ath/ath12k/wifi7/dp_tx.o
  CC [M]  drivers/media/v4l2-core/v4l2-mc.o
  CC [M]  drivers/media/v4l2-core/v4l2-spi.o
  LD [M]  drivers/firmware/samsung/acpm-protocol.o
  CC [M]  drivers/media/v4l2-core/v4l2-i2c.o
  CC [M]  drivers/devfreq/imx8m-ddrc.o
  CC [M]  drivers/devfreq/mtk-cci-devfreq.o
  CC [M]  net/mac80211/aes_gmac.o
  CC [M]  drivers/net/wireless/ath/ath12k/wifi7/dp.o
  CC [M]  drivers/net/wireless/ath/ath12k/wifi7/dp_mon.o
  CC [M]  drivers/staging/media/meson/vdec/vdec_helpers.o
  CC [M]  sound/soc/renesas/rcar/cmd.o
  CC [M]  sound/soc/renesas/rcar/debugfs.o
  LD [M]  sound/soc/samsung/snd-soc-s3c-dma.o
  CC [M]  drivers/rpmsg/qcom_glink_smem.o
  CC [M]  drivers/remoteproc/pru_rproc.o
  CC [M]  drivers/media/rc/keymaps/rc-hisi-tv-demo.o
  CC [M]  drivers/iio/adc/imx8qxp-adc.o
  CC [M]  drivers/iio/adc/imx93_adc.o
  CC [M]  sound/soc/renesas/rcar/msiof.o
  CC [M]  sound/soc/qcom/lpass-platform.o
  CC [M]  drivers/net/ethernet/mscc/ocelot_devlink.o
  CC [M]  drivers/net/ethernet/mscc/ocelot_flower.o
  CC [M]  drivers/crypto/hisilicon/qm.o
  CC [M]  drivers/net/wireless/marvell/mwifiex/ethtool.o
  CC [M]  drivers/crypto/hisilicon/sgl.o
  CC [M]  drivers/crypto/hisilicon/debugfs.o
  CC [M]  drivers/gpu/drm/drm_probe_helper.o
  CC [M]  sound/soc/rockchip/rockchip_spdif.o
  CC [M]  sound/soc/meson/axg-spdifin.o
  LD [M]  drivers/usb/typec/tipd/tps6598x.o
  CC [M]  sound/soc/meson/axg-spdifout.o
  CC [M]  drivers/net/ethernet/mellanox/mlx4/mcg.o
  CC [M]  drivers/net/ethernet/mellanox/mlx4/mr.o
  CC [M]  drivers/net/ethernet/mellanox/mlx4/pd.o
  CC [M]  drivers/net/ethernet/mellanox/mlx4/port.o
  CC [M]  drivers/net/ethernet/mellanox/mlx4/profile.o
  CC [M]  drivers/media/rc/keymaps/rc-imon-mce.o
  CC [M]  drivers/net/wireless/marvell/mwifiex/11h.o
  CC [M]  drivers/memory/stm32_omm.o
  CC [M]  drivers/staging/vc04_services/bcm2835-audio/bcm2835-vchiq.o
  CC [M]  sound/soc/meson/axg-pdm.o
  CC [M]  drivers/net/wireless/marvell/mwifiex/tdls.o
  CC [M]  drivers/net/ethernet/mellanox/mlx5/core/cmd.o
  CC [M]  drivers/crypto/hisilicon/hpre/hpre_main.o
  CC [M]  drivers/crypto/hisilicon/hpre/hpre_crypto.o
  CC [M]  sound/soc/rockchip/rockchip_i2s_tdm.o
  CC [M]  sound/soc/qcom/lpass-apq8016.o
  CC [M]  drivers/media/platform/mediatek/jpeg/mtk_jpeg_dec_hw.o
  CC [M]  sound/soc/codecs/rt5659.o
  CC [M]  drivers/platform/chrome/cros_typec_vdm.o
  CC [M]  drivers/platform/arm64/acer-aspire1-ec.o
  CC [M]  net/mac80211/fils_aead.o
  CC [M]  drivers/net/ethernet/mellanox/mlx4/reset.o
  CC [M]  drivers/net/wireless/ath/ath12k/wifi7/hal.o
  CC [M]  drivers/net/ethernet/mellanox/mlx4/qp.o
  CC [M]  drivers/platform/raspberrypi/vchiq-interface/vchiq_core.o
  CC [M]  drivers/media/rc/keymaps/rc-imon-pad.o
  CC [M]  drivers/media/platform/mediatek/vcodec/common/mtk_vcodec_intr.o
  CC [M]  drivers/media/platform/mediatek/vcodec/common/mtk_vcodec_util.o
  CC [M]  drivers/media/platform/mediatek/vcodec/encoder/venc/venc_vp8_if.o
  CC [M]  drivers/media/platform/mediatek/vcodec/encoder/venc/venc_h264_if.o
  CC [M]  drivers/platform/arm64/huawei-gaokun-ec.o
  CC [M]  drivers/platform/arm64/lenovo-yoga-c630.o
  CC [M]  drivers/remoteproc/qcom_pil_info.o
  CC [M]  drivers/platform/arm64/lenovo-thinkpad-t14s.o
  CC [M]  drivers/media/rc/keymaps/rc-imon-rsc.o
  CC [M]  drivers/media/rc/keymaps/rc-iodata-bctv7e.o
  CC [M]  drivers/crypto/xilinx/zynqmp-sha.o
  CC [M]  drivers/platform/chrome/cros_typec_altmode.o
  CC [M]  drivers/remoteproc/qcom_common.o
  CC [M]  drivers/net/wireless/intel/iwlwifi/cfg/6000.o
  CC [M]  drivers/remoteproc/qcom_q6v5.o
  CC [M]  drivers/hid/i2c-hid/i2c-hid-of.o
  CC [M]  drivers/net/wireless/intel/iwlwifi/cfg/7000.o
  CC [M]  drivers/net/ethernet/mellanox/mlx5/core/debugfs.o
  CC [M]  drivers/net/ethernet/mellanox/mlx5/core/fw.o
  CC [M]  drivers/net/wireless/ath/ath10k/ce.o
  CC [M]  sound/soc/codecs/rt5663.o
  CC [M]  drivers/hid/i2c-hid/i2c-hid-of-elan.o
  CC [M]  drivers/platform/raspberrypi/vchiq-interface/vchiq_arm.o
  CC [M]  drivers/platform/raspberrypi/vchiq-interface/vchiq_bus.o
  CC [M]  drivers/platform/raspberrypi/vchiq-interface/vchiq_debugfs.o
  CC [M]  drivers/platform/raspberrypi/vchiq-interface/vchiq_dev.o
  CC [M]  net/mac80211/cfg.o
  CC [M]  net/mac80211/ethtool.o
  CC [M]  drivers/devfreq/event/rockchip-dfi.o
  CC [M]  drivers/remoteproc/qcom_q6v5_mss.o
  CC [M]  drivers/remoteproc/qcom_q6v5_adsp.o
  CC [M]  drivers/remoteproc/qcom_q6v5_pas.o
  CC [M]  sound/soc/meson/meson-card-utils.o
  CC [M]  sound/soc/qcom/lpass-sc7180.o
  CC [M]  sound/soc/qcom/lpass-sc7280.o
  LD [M]  sound/soc/renesas/rcar/snd-soc-rcar.o
  CC [M]  sound/soc/codecs/rt5682.o
  CC [M]  sound/soc/rockchip/rockchip_rt5645.o
  CC [M]  drivers/media/rc/keymaps/rc-it913x-v1.o
  LD [M]  drivers/media/v4l2-core/videodev.o
  CC [M]  sound/soc/qcom/apq8016_sbc.o
  CC [M]  drivers/gpu/drm/drm_self_refresh_helper.o
  LD [M]  drivers/staging/vc04_services/bcm2835-audio/snd-bcm2835.o
  CC [M]  drivers/media/platform/mediatek/vcodec/decoder/vdec/vdec_h264_if.o
  CC [M]  drivers/media/platform/mediatek/vcodec/decoder/vdec/vdec_vp8_if.o
  CC [M]  drivers/staging/media/meson/vdec/vdec_platform.o
  CC [M]  sound/soc/sof/ops.o
  CC [M]  sound/soc/sof/core.o
  CC [M]  sound/soc/sof/loader.o
  CC [M]  drivers/iio/adc/max9611.o
  CC [M]  drivers/net/wireless/mediatek/mt76/channel.o
  CC [M]  drivers/iio/adc/mt6359-auxadc.o
  CC [M]  drivers/platform/chrome/cros_kbd_led_backlight.o
  CC [M]  drivers/net/wireless/marvell/mwifiex/debugfs.o
  CC [M]  drivers/net/ethernet/mscc/ocelot_io.o
  CC [M]  drivers/net/ethernet/mscc/ocelot_mm.o
  CC [M]  sound/soc/meson/meson-codec-glue.o
  CC [M]  sound/soc/meson/gx-card.o
  CC [M]  drivers/media/platform/mediatek/vcodec/encoder/mtk_vcodec_enc.o
  CC [M]  drivers/media/platform/mediatek/vcodec/encoder/mtk_vcodec_enc_drv.o
  CC [M]  drivers/nvmem/apple-efuses.o
  LD [M]  sound/soc/renesas/rcar/snd-soc-msiof.o
  CC [M]  drivers/media/platform/mediatek/vcodec/common/mtk_vcodec_fw.o
  CC [M]  drivers/media/rc/keymaps/rc-it913x-v2.o
  CC [M]  drivers/media/platform/mediatek/vcodec/encoder/mtk_vcodec_enc_pm.o
  CC [M]  drivers/media/platform/mediatek/vcodec/encoder/venc_drv_if.o
  CC [M]  drivers/perf/arm-cmn.o
  CC [M]  drivers/media/platform/mediatek/vcodec/encoder/venc_vpu_if.o
  CC [M]  drivers/iio/adc/mt6577_auxadc.o
  CC [M]  drivers/iio/adc/qcom-spmi-adc5.o
  CC [M]  sound/soc/qcom/apq8096.o
  CC [M]  sound/soc/sof/ipc.o
  CC [M]  sound/soc/sof/pcm.o
  CC [M]  sound/soc/sof/pm.o
  CC [M]  sound/soc/sof/debug.o
  LD [M]  drivers/crypto/hisilicon/hpre/hisi_hpre.o
  CC [M]  drivers/media/platform/mediatek/vcodec/decoder/vdec/vdec_vp8_req_if.o
  CC [M]  drivers/nvmem/apple-spmi-nvmem.o
  CC [M]  drivers/iio/adc/qcom-spmi-vadc.o
  CC [M]  drivers/crypto/hisilicon/sec2/sec_main.o
  CC [M]  drivers/media/rc/keymaps/rc-kaiomy.o
  CC [M]  drivers/crypto/hisilicon/trng/trng.o
  CC [M]  sound/soc/rockchip/rk3399_gru_sound.o
  CC [M]  drivers/crypto/hisilicon/zip/zip_main.o
  LD [M]  drivers/media/platform/mediatek/jpeg/mtk_jpeg.o
  LD [M]  drivers/media/platform/mediatek/jpeg/mtk-jpeg-enc-hw.o
  LD [M]  drivers/media/platform/mediatek/jpeg/mtk-jpeg-dec-hw.o
  LD [M]  sound/soc/rockchip/snd-soc-rockchip-i2s.o
  CC [M]  drivers/net/ethernet/mscc/ocelot_police.o
  CC [M]  drivers/net/ethernet/mscc/ocelot_ptp.o
  CC [M]  drivers/net/ethernet/mscc/ocelot_stats.o
  CC [M]  sound/soc/codecs/rt5682-i2c.o
  CC [M]  sound/soc/sof/topology.o
  CC [M]  sound/soc/sof/control.o
  CC [M]  drivers/net/wireless/intel/iwlwifi/cfg/8000.o
  CC [M]  drivers/net/ethernet/mellanox/mlx4/sense.o
  CC [M]  net/mac80211/rx.o
  CC [M]  net/mac80211/spectmgmt.o
  CC [M]  sound/soc/meson/g12a-toacodec.o
  CC [M]  drivers/media/platform/nxp/imx7-media-csi.o
  CC [M]  drivers/media/platform/renesas/rcar-csi2.o
  CC [M]  drivers/media/platform/qcom/camss/camss.o
  CC [M]  drivers/media/platform/qcom/camss/camss-csid.o
  CC [M]  drivers/media/platform/qcom/camss/camss-csid-4-1.o
  CC [M]  drivers/media/platform/mediatek/vcodec/common/mtk_vcodec_fw_scp.o
  CC [M]  drivers/media/platform/qcom/camss/camss-csid-4-7.o
  CC [M]  sound/soc/qcom/sc7180.o
  CC [M]  net/mac80211/tx.o
  CC [M]  drivers/staging/media/meson/vdec/vdec_1.o
  CC [M]  sound/soc/sof/trace.o
  CC [M]  sound/soc/sof/iomem-utils.o
  CC [M]  drivers/media/rc/keymaps/rc-khadas.o
  CC [M]  sound/soc/sof/sof-audio.o
  CC [M]  drivers/gpu/drm/drm_simple_kms_helper.o
  CC [M]  drivers/gpu/drm/drm_vblank_helper.o
  CC [M]  net/mac80211/key.o
  CC [M]  drivers/gpu/drm/bridge/panel.o
  CC [M]  drivers/net/wireless/intel/iwlwifi/cfg/9000.o
  CC [M]  drivers/net/wireless/intel/iwlwifi/cfg/22000.o
  CC [M]  sound/soc/meson/g12a-tohdmitx.o
  CC [M]  sound/soc/meson/t9015.o
  CC [M]  drivers/crypto/hisilicon/zip/zip_crypto.o
  CC [M]  drivers/crypto/hisilicon/zip/dae_main.o
  LD [M]  drivers/hid/i2c-hid/i2c-hid.o
  CC [M]  drivers/platform/chrome/cros_ec_chardev.o
  CC [M]  drivers/net/wireless/ath/ath12k/wifi7/hal_qcn9274.o
  CC [M]  sound/soc/codecs/rt5682s.o
  CC [M]  drivers/media/platform/qcom/camss/camss-csid-340.o
  CC [M]  drivers/media/platform/qcom/camss/camss-csid-680.o
  CC [M]  drivers/nvmem/imx-ocotp-ele.o
  CC [M]  sound/soc/qcom/sc7280.o
  CC [M]  drivers/media/platform/qcom/camss/camss-csid-gen2.o
  CC [M]  drivers/net/wireless/marvell/mwifiex/sdio.o
  LD [M]  sound/soc/meson/snd-soc-meson-aiu.o
  LD [M]  sound/soc/meson/snd-soc-meson-axg-fifo.o
  CC [M]  drivers/media/platform/qcom/camss/camss-csiphy-2ph-1-0.o
  CC [M]  drivers/net/ethernet/mscc/ocelot_vcap.o
  CC [M]  drivers/media/platform/qcom/camss/camss-csid-gen3.o
  LD [M]  sound/soc/meson/snd-soc-meson-axg-frddr.o
  CC [M]  drivers/media/platform/samsung/exynos-gsc/gsc-core.o
  CC [M]  drivers/media/platform/samsung/exynos-gsc/gsc-m2m.o
  CC [M]  drivers/media/platform/rockchip/rga/rga.o
  CC [M]  drivers/media/platform/rockchip/rga/rga-hw.o
  CC [M]  drivers/net/ethernet/mellanox/mlx5/core/eq.o
  CC [M]  drivers/net/ethernet/mellanox/mlx5/core/uar.o
  CC [M]  drivers/media/platform/mediatek/vcodec/common/mtk_vcodec_dbgfs.o
  CC [M]  drivers/remoteproc/qcom_sysmon.o
  CC [M]  drivers/iio/adc/qcom-vadc-common.o
  LD [M]  drivers/crypto/hisilicon/trng/hisi-trng-v2.o
  CC [M]  drivers/iio/adc/rockchip_saradc.o
  CC [M]  drivers/media/rc/keymaps/rc-khamsin.o
  LD [M]  drivers/platform/raspberrypi/vchiq.o
  CC [M]  drivers/media/rc/keymaps/rc-kworld-315u.o
  CC [M]  drivers/media/rc/keymaps/rc-kworld-pc150u.o
  CC [M]  drivers/media/rc/keymaps/rc-kworld-plus-tv-analog.o
  CC [M]  drivers/net/ethernet/mscc/vsc7514_regs.o
  CC [M]  drivers/net/wireless/mediatek/mt76/pci.o
  CC [M]  drivers/fpga/altera-cvp.o
  CC [M]  drivers/fpga/stratix10-soc.o
  LD [M]  sound/soc/meson/snd-soc-meson-axg-toddr.o
  CC [M]  drivers/media/platform/mediatek/vcodec/decoder/vdec/vdec_vp9_if.o
  CC [M]  sound/soc/codecs/sgtl5000.o
  CC [M]  drivers/media/rc/keymaps/rc-leadtek-y04g0051.o
  CC [M]  drivers/media/rc/keymaps/rc-lme2510.o
  CC [M]  sound/soc/codecs/spdif_receiver.o
  CC [M]  drivers/staging/media/meson/vdec/vdec_hevc.o
  CC [M]  sound/soc/sof/stream-ipc.o
  CC [M]  sound/soc/sof/fw-file-profile.o
  LD [M]  sound/soc/meson/snd-soc-meson-axg-tdm-formatter.o
  CC [M]  sound/soc/codecs/spdif_transmitter.o
  CC [M]  sound/soc/codecs/tas2552.o
  CC [M]  drivers/net/wireless/marvell/mwifiex/pcie.o
  LD [M]  sound/soc/meson/snd-soc-meson-axg-tdm-interface.o
  CC [M]  drivers/net/wireless/marvell/mwifiex/pcie_quirks.o
  CC [M]  drivers/net/wireless/ath/ath10k/pci.o
  LD [M]  drivers/media/platform/mediatek/vcodec/encoder/mtk-vcodec-enc.o
  CC [M]  drivers/net/ethernet/mellanox/mlx4/srq.o
  CC [M]  drivers/net/wireless/ath/ath12k/wifi7/hal_wcn7850.o
  CC [M]  drivers/media/platform/nxp/imx-mipi-csis.o
  CC [M]  drivers/crypto/hisilicon/sec2/sec_crypto.o
  CC [M]  drivers/net/wireless/ath/ath12k/wifi7/hal_qcc2072.o
  CC [M]  sound/soc/sof/ipc3.o
  CC [M]  sound/soc/qcom/sc8280xp.o
  CC [M]  sound/soc/qcom/sdm845.o
  CC [M]  sound/soc/sof/ipc3-loader.o
  CC [M]  drivers/net/ethernet/mellanox/mlx4/resource_tracker.o
  CC [M]  sound/soc/sof/ipc3-topology.o
  LD [M]  sound/soc/meson/snd-soc-meson-axg-tdmin.o
  LD [M]  sound/soc/rockchip/snd-soc-rockchip-sai.o
  LD [M]  sound/soc/rockchip/snd-soc-rockchip-spdif.o
  CC [M]  sound/soc/sof/ipc3-control.o
  CC [M]  drivers/net/wireless/mediatek/mt76/mt76_connac_mcu.o
  CC [M]  sound/soc/sof/ipc3-pcm.o
  CC [M]  sound/soc/sof/ipc3-dtrace.o
  CC [M]  drivers/media/platform/rockchip/rkcif/rkcif-capture-dvp.o
  CC [M]  drivers/iio/adc/rzg2l_adc.o
  CC [M]  drivers/media/platform/mediatek/mdp3/mdp_cfg_data.o
  LD [M]  sound/soc/rockchip/snd-soc-rockchip-i2s-tdm.o
  LD [M]  drivers/platform/chrome/cros-ec-typec.o
  CC [M]  sound/soc/qcom/sm8250.o
  CC [M]  drivers/staging/media/meson/vdec/codec_mpeg12.o
  CC [M]  drivers/staging/media/meson/vdec/codec_h264.o
  CC [M]  drivers/media/rc/keymaps/rc-manli.o
  CC [M]  drivers/gpu/drm/drm_fb_helper.o
  CC [M]  drivers/tee/qcomtee/async.o
  CC [M]  sound/soc/codecs/tas571x.o
  LD [M]  sound/soc/rockchip/snd-soc-rockchip-rt5645.o
  CC [M]  drivers/media/platform/samsung/exynos-gsc/gsc-regs.o
  CC [M]  drivers/media/platform/renesas/rcar_drif.o
  CC [M]  drivers/tee/qcomtee/call.o
  CC [M]  drivers/net/wireless/intel/iwlwifi/cfg/ax210.o
  CC [M]  sound/soc/codecs/tlv320aic31xx.o
  CC [M]  drivers/fpga/zynqmp-fpga.o
  CC [M]  drivers/net/wireless/intel/iwlwifi/cfg/bz.o
  CC [M]  drivers/net/wireless/intel/iwlwifi/cfg/sc.o
  LD [M]  drivers/crypto/hisilicon/zip/hisi_zip.o
  CC [M]  sound/soc/sunxi/sun4i-i2s.o
  CC [M]  sound/soc/tegra/tegra_pcm.o
  CC [M]  drivers/net/wireless/marvell/mwifiex/usb.o
  CC [M]  drivers/media/rc/keymaps/rc-mecool-kiii-pro.o
  LD [M]  drivers/media/platform/mediatek/vcodec/common/mtk-vcodec-common.o
  CC [M]  sound/soc/tegra/tegra210_dmic.o
  CC [M]  drivers/iio/adc/rzt2h_adc.o
  LD [M]  sound/soc/meson/snd-soc-meson-axg-tdmout.o
  LD [M]  drivers/net/wireless/marvell/mwifiex/mwifiex.o
  CC [M]  drivers/iio/adc/sophgo-cv1800b-adc.o
  CC [M]  drivers/iio/adc/ti_am335x_adc.o
  CC [M]  drivers/iio/adc/ti-ads1015.o
  CC [M]  drivers/media/rc/keymaps/rc-mecool-kii-pro.o
  CC [M]  drivers/media/platform/renesas/rcar-fcp.o
  LD [M]  sound/soc/meson/snd-soc-meson-axg-sound-card.o
  CC [M]  drivers/media/platform/qcom/camss/camss-csiphy-3ph-1-0.o
  CC [M]  drivers/nvmem/layerscape-sfp.o
  CC [M]  sound/soc/ti/edma-pcm.o
  CC [M]  drivers/nvmem/max77759-nvmem.o
  CC [M]  drivers/net/ethernet/mellanox/mlx4/crdump.o
  CC [M]  sound/soc/ti/sdma-pcm.o
  CC [M]  net/mac80211/parse.o
  CC [M]  net/mac80211/util.o
  CC [M]  drivers/remoteproc/qcom_wcnss.o
  LD [M]  sound/soc/rockchip/snd-soc-rk3399-gru-sound.o
  CC [M]  drivers/remoteproc/qcom_wcnss_iris.o
  CC [M]  sound/soc/ti/udma-pcm.o
  CC [M]  drivers/media/platform/qcom/camss/camss-csiphy.o
  CC [M]  net/mac80211/wme.o
  LD [M]  sound/soc/meson/snd-soc-meson-axg-spdifin.o
  CC [M]  net/mac80211/trace.o
  CC [M]  net/mac80211/chan.o
  LD [M]  sound/soc/meson/snd-soc-meson-axg-spdifout.o
  LD [M]  sound/soc/meson/snd-soc-meson-axg-pdm.o
  CC [M]  net/mac80211/mlme.o
  LD [M]  sound/soc/meson/snd-soc-meson-card-utils.o
  LD [M]  sound/soc/meson/snd-soc-meson-codec-glue.o
  LD [M]  sound/soc/meson/snd-soc-meson-gx-sound-card.o
  LD [M]  sound/soc/meson/snd-soc-meson-g12a-toacodec.o
  CC [M]  drivers/media/platform/qcom/camss/camss-ispif.o
  LD [M]  sound/soc/meson/snd-soc-meson-g12a-tohdmitx.o
  LD [M]  sound/soc/meson/snd-soc-meson-t9015.o
  CC [M]  sound/soc/sof/compress.o
  CC [M]  drivers/net/wireless/ath/ath10k/sdio.o
  CC [M]  sound/soc/sunxi/sun4i-spdif.o
  LD [M]  drivers/media/platform/mediatek/vcodec/common/mtk-vcodec-dbgfs.o
  CC [M]  drivers/perf/arm_dsu_pmu.o
  CC [M]  drivers/perf/arm_smmuv3_pmu.o
  CC [M]  drivers/perf/fsl_imx8_ddr_perf.o
  CC [M]  drivers/perf/thunderx2_pmu.o
  CC [M]  drivers/perf/arm_spe_pmu.o
  CC [M]  drivers/perf/arm_dmc620_pmu.o
  CC [M]  sound/soc/qcom/common.o
  CC [M]  drivers/media/rc/keymaps/rc-medion-x10-digitainer.o
  CC [M]  drivers/media/rc/keymaps/rc-medion-x10.o
  CC [M]  drivers/media/platform/mediatek/vcodec/decoder/vdec/vdec_vp9_req_lat_if.o
  CC [M]  drivers/media/platform/mediatek/vcodec/decoder/vdec/vdec_av1_req_lat_if.o
  CC [M]  sound/soc/sof/sof-utils.o
  CC [M]  sound/soc/sunxi/sun8i-codec-analog.o
  CC [M]  sound/soc/codecs/tlv320aic32x4.o
  CC [M]  sound/soc/codecs/tlv320aic32x4-clk.o
  CC [M]  drivers/media/rc/keymaps/rc-medion-x10-or2x.o
  CC [M]  drivers/net/wireless/intel/iwlwifi/cfg/rf-jf.o
  CC [M]  drivers/nvmem/meson-efuse.o
  CC [M]  drivers/media/platform/rockchip/rkcif/rkcif-capture-mipi.o
  CC [M]  drivers/media/platform/rockchip/rga/rga-buf.o
  CC [M]  drivers/media/platform/sunxi/sun6i-csi/sun6i_csi.o
  CC [M]  drivers/media/platform/qcom/camss/camss-vfe-4-1.o
  CC [M]  sound/soc/ti/davinci-mcasp.o
  CC [M]  sound/soc/codecs/tlv320aic32x4-i2c.o
  CC [M]  drivers/remoteproc/ti_k3_dsp_remoteproc.o
  CC [M]  sound/soc/qcom/sdw.o
  CC [M]  drivers/iio/adc/xilinx-ams.o
  CC [M]  drivers/tee/qcomtee/core.o
  CC [M]  drivers/fpga/versal-fpga.o
  CC [M]  drivers/tee/qcomtee/mem_obj.o
  CC [M]  sound/soc/codecs/tlv320aic3x.o
  CC [M]  drivers/tee/qcomtee/primordial_obj.o
  CC [M]  sound/soc/tegra/tegra210_ahub.o
  CC [M]  drivers/net/wireless/intel/iwlwifi/cfg/rf-hr.o
  CC [M]  drivers/net/wireless/intel/iwlwifi/cfg/rf-gf.o
  CC [M]  drivers/media/platform/mediatek/mdp3/mtk-mdp3-core.o
  CC [M]  drivers/media/platform/mediatek/mdp3/mtk-mdp3-vpu.o
  CC [M]  drivers/media/platform/mediatek/mdp3/mtk-mdp3-regs.o
  CC [M]  drivers/staging/media/meson/vdec/codec_hevc_common.o
  CC [M]  drivers/staging/media/meson/vdec/codec_vp9.o
  CC [M]  sound/soc/sof/sof-of-dev.o
  LD [M]  drivers/media/platform/samsung/exynos-gsc/exynos-gsc.o
  LD [M]  drivers/net/wireless/ath/ath12k/wifi7/ath12k_wifi7.o
  CC [M]  drivers/media/platform/sunxi/sun6i-csi/sun6i_csi_bridge.o
  CC [M]  sound/soc/sof/mediatek/mtk-adsp-common.o
  CC [M]  drivers/media/platform/nxp/imx-jpeg/mxc-jpeg-hw.o
  CC [M]  drivers/media/platform/nxp/imx-jpeg/mxc-jpeg.o
  CC [M]  drivers/media/platform/samsung/s5p-jpeg/jpeg-core.o
  CC [M]  sound/soc/sof/mediatek/mt8195/mt8195.o
  CC [M]  sound/soc/sof/mediatek/mt8186/mt8186.o
  LD [M]  drivers/crypto/hisilicon/sec2/hisi_sec2.o
  CC [M]  net/mac80211/tdls.o
  CC [M]  sound/soc/sof/mediatek/mt8195/mt8195-clk.o
  LD [M]  drivers/crypto/hisilicon/hisi_qm.o
  CC [M]  sound/soc/sof/mediatek/mt8186/mt8186-clk.o
  CC [M]  sound/soc/sof/mediatek/mt8186/mt8186-loader.o
  LD [M]  drivers/net/ethernet/mscc/mscc_ocelot_switch_lib.o
  CC [M]  sound/soc/ti/j721e-evm.o
  CC [M]  drivers/gpu/drm/display/drm_dp_aux_bus.o
  CC [M]  drivers/gpu/drm/arm/hdlcd_drv.o
  CC [M]  drivers/gpu/drm/clients/drm_client_setup.o
  CC [M]  drivers/gpu/drm/clients/drm_fbdev_client.o
  CC [M]  drivers/crypto/ccree/cc_driver.o
  CC [M]  drivers/media/platform/nxp/imx8-isi/imx8-isi-core.o
  CC [M]  sound/soc/qcom/x1e80100.o
  CC [M]  drivers/crypto/caam/error.o
  CC [M]  drivers/crypto/qce/core.o
  CC [M]  drivers/crypto/qce/common.o
  CC [M]  drivers/media/platform/renesas/rcar_fdp1.o
  CC [M]  sound/soc/codecs/tlv320aic3x-i2c.o
  CC [M]  drivers/media/platform/qcom/camss/camss-vfe-4-7.o
  CC [M]  drivers/media/platform/qcom/camss/camss-vfe-4-8.o
  CC [M]  sound/soc/sof/xtensa/core.o
  CC [M]  drivers/nvmem/sec-qfprom.o
  CC [M]  drivers/media/platform/synopsys/hdmirx/snps_hdmirx.o
  LD [M]  drivers/net/wireless/marvell/mwifiex/mwifiex_sdio.o
  LD [M]  sound/soc/ti/snd-soc-ti-sdma.o
  CC [M]  sound/soc/xilinx/xlnx_i2s.o
  CC [M]  drivers/media/platform/qcom/iris/iris_buffer.o
  CC [M]  drivers/media/platform/qcom/venus/core.o
  CC [M]  drivers/media/platform/qcom/iris/iris_common.o
  CC [M]  drivers/media/platform/qcom/venus/helpers.o
  CC [M]  drivers/fpga/fpga-bridge.o
  CC [M]  drivers/fpga/altera-freeze-bridge.o
  CC [M]  sound/soc/qcom/usb_offload_utils.o
  CC [M]  drivers/net/wireless/intel/iwlwifi/fw/paging.o
  CC [M]  drivers/media/platform/samsung/s5p-jpeg/jpeg-hw-exynos3250.o
  CC [M]  drivers/media/platform/samsung/s5p-jpeg/jpeg-hw-exynos4.o
  CC [M]  drivers/media/rc/keymaps/rc-minix-neo.o
  CC [M]  drivers/remoteproc/ti_k3_common.o
  CC [M]  drivers/remoteproc/ti_k3_m4_remoteproc.o
  CC [M]  sound/soc/xilinx/xlnx_formatter_pcm.o
  CC [M]  sound/soc/xilinx/xlnx_spdif.o
  LD [M]  drivers/net/wireless/marvell/mwifiex/mwifiex_pcie.o
  CC [M]  sound/soc/qcom/qdsp6/q6dsp-lpass-ports.o
  CC [M]  sound/soc/qcom/qdsp6/q6dsp-common.o
  CC [M]  sound/soc/tegra/tegra210_i2s.o
  CC [M]  sound/soc/sunxi/sun50i-codec-analog.o
  CC [M]  drivers/iio/adc/xilinx-xadc-core.o
  LD [M]  sound/soc/qcom/snd-soc-lpass-cpu.o
  CC [M]  drivers/net/ethernet/mellanox/mlx5/core/pagealloc.o
  CC [M]  drivers/net/ethernet/mellanox/mlx5/core/health.o
  LD [M]  sound/soc/qcom/snd-soc-lpass-cdc-dma.o
  CC [M]  sound/soc/sof/mediatek/mt8195/mt8195-loader.o
  CC [M]  drivers/media/platform/qcom/camss/camss-vfe-17x.o
  LD [M]  sound/soc/qcom/snd-soc-lpass-hdmi.o
  CC [M]  drivers/gpu/drm/renesas/rcar-du/rcar_cmm.o
  CC [M]  sound/soc/qcom/qdsp6/q6core.o
  CC [M]  drivers/tee/qcomtee/shm.o
  CC [M]  sound/soc/qcom/qdsp6/q6dsp-lpass-clocks.o
  CC [M]  sound/soc/qcom/qdsp6/q6afe.o
  LD [M]  drivers/media/platform/rockchip/rga/rockchip-rga.o
  LD [M]  drivers/net/wireless/marvell/mwifiex/mwifiex_usb.o
  CC [M]  sound/soc/qcom/qdsp6/q6afe-dai.o
  CC [M]  sound/soc/qcom/qdsp6/q6afe-clocks.o
  CC [M]  drivers/media/platform/rockchip/rkcif/rkcif-dev.o
  CC [M]  drivers/media/platform/rockchip/rkcif/rkcif-interface.o
  LD [M]  sound/soc/qcom/snd-soc-lpass-platform.o
  CC [M]  drivers/gpu/drm/arm/hdlcd_crtc.o
  CC [M]  drivers/media/platform/mediatek/vcodec/decoder/vdec/vdec_h264_req_if.o
  CC [M]  net/mac80211/ocb.o
  CC [M]  drivers/media/platform/ti/j721e-csi2rx/j721e-csi2rx.o
  CC [M]  net/mac80211/airtime.o
  CC [M]  drivers/gpu/drm/renesas/rz-du/rzg2l_du_crtc.o
  CC [M]  drivers/gpu/drm/renesas/rz-du/rzg2l_du_drv.o
  CC [M]  drivers/gpu/drm/renesas/rz-du/rzg2l_du_encoder.o
  CC [M]  sound/soc/qcom/qdsp6/q6adm.o
  CC [M]  drivers/gpu/drm/renesas/rz-du/rzg2l_du_kms.o
  CC [M]  drivers/gpu/drm/renesas/rz-du/rzg2l_du_vsp.o
  CC [M]  drivers/gpu/drm/renesas/rz-du/rzg2l_mipi_dsi.o
  CC [M]  drivers/nvmem/rmem.o
  CC [M]  drivers/fpga/xilinx-pr-decoupler.o
  CC [M]  sound/soc/qcom/qdsp6/q6routing.o
  CC [M]  sound/soc/qcom/qdsp6/q6asm.o
  LD [M]  drivers/gpu/drm/clients/drm_client_lib.o
  LD [M]  sound/soc/ti/snd-soc-ti-udma.o
  CC [M]  drivers/net/wireless/intel/iwlwifi/fw/smem.o
  CC [M]  drivers/perf/arm_cspmu/arm_cspmu.o
  CC [M]  drivers/perf/arm_cspmu/nvidia_cspmu.o
  CC [M]  sound/soc/codecs/ts3a227e.o
  CC [M]  drivers/gpu/drm/display/drm_display_helper_mod.o
  CC [M]  drivers/media/platform/mediatek/mdp3/mtk-mdp3-m2m.o
  CC [M]  drivers/perf/amlogic/meson_ddr_pmu_core.o
  CC [M]  drivers/net/ethernet/mellanox/mlx4/en_main.o
  CC [M]  sound/soc/qcom/qdsp6/q6asm-dai.o
  CC [M]  sound/soc/sunxi/sun8i-codec.o
  CC [M]  drivers/media/platform/verisilicon/hantro_drv.o
  CC [M]  drivers/crypto/qce/dma.o
  CC [M]  drivers/crypto/qce/sha.o
  CC [M]  drivers/crypto/qce/skcipher.o
  CC [M]  drivers/gpu/drm/display/drm_bridge_connector.o
  CC [M]  drivers/media/platform/sunxi/sun6i-csi/sun6i_csi_capture.o
  CC [M]  drivers/gpu/drm/display/drm_dp_dual_mode_helper.o
  CC [M]  drivers/media/rc/keymaps/rc-msi-digivox-iii.o
  CC [M]  drivers/media/rc/keymaps/rc-msi-digivox-ii.o
  CC [M]  sound/soc/qcom/qdsp6/q6apm.o
  CC [M]  drivers/media/platform/samsung/s5p-mfc/s5p_mfc.o
  CC [M]  drivers/media/rc/keymaps/rc-msi-tvanywhere.o
  CC [M]  drivers/media/platform/samsung/s5p-mfc/s5p_mfc_intr.o
  CC [M]  drivers/media/platform/samsung/s5p-mfc/s5p_mfc_dec.o
  CC [M]  drivers/media/platform/samsung/s5p-mfc/s5p_mfc_enc.o
  CC [M]  drivers/iio/adc/xilinx-xadc-events.o
  CC [M]  drivers/remoteproc/ti_k3_r5_remoteproc.o
  CC [M]  drivers/crypto/ccree/cc_buffer_mgr.o
  CC [M]  drivers/net/wireless/ath/ath10k/qmi.o
  CC [M]  drivers/gpu/drm/renesas/rcar-du/rcar_du_crtc.o
  LD [M]  sound/soc/sof/mediatek/mt8186/snd-sof-mt8186.o
  CC [M]  drivers/tee/qcomtee/user_obj.o
  CC [M]  drivers/mux/gpio.o
  CC [M]  drivers/interconnect/imx/imx8mm.o
  CC [M]  drivers/media/platform/nxp/imx8-isi/imx8-isi-crossbar.o
  CC [M]  drivers/media/platform/nxp/imx8-isi/imx8-isi-gasket.o
  CC [M]  drivers/fpga/fpga-region.o
  CC [M]  drivers/media/platform/nxp/imx8-isi/imx8-isi-hw.o
  CC [M]  drivers/interconnect/qcom/msm8916.o
  LD [M]  sound/soc/sof/snd-sof-utils.o
  LD [M]  sound/soc/sof/snd-sof-of.o
  LD [M]  sound/soc/sof/snd-sof.o
  LD [M]  drivers/staging/media/meson/vdec/meson-vdec.o
  LD [M]  sound/soc/qcom/snd-soc-lpass-apq8016.o
  CC [M]  drivers/media/platform/qcom/camss/camss-vfe-340.o
  CC [M]  drivers/media/platform/qcom/camss/camss-vfe-480.o
  LD [M]  sound/soc/ti/snd-soc-ti-edma.o
  CC [M]  drivers/media/platform/qcom/camss/camss-vfe-680.o
  CC [M]  drivers/media/platform/qcom/camss/camss-vfe-gen3.o
  CC [M]  drivers/net/wireless/mediatek/mt76/mt76_connac_mac.o
  LD [M]  sound/soc/qcom/snd-soc-lpass-sc7180.o
  LD [M]  drivers/media/platform/nxp/imx-jpeg/mxc-jpeg-encdec.o
  CC [M]  drivers/net/wireless/intel/iwlwifi/fw/init.o
  CC [M]  sound/soc/codecs/wcd-clsh-v2.o
  CC [M]  drivers/net/wireless/intel/iwlwifi/fw/acpi.o
  CC [M]  drivers/net/wireless/intel/iwlwifi/fw/uefi.o
  CC [M]  drivers/net/wireless/intel/iwlwifi/dvm/main.o
  CC [M]  drivers/media/platform/qcom/iris/iris_core.o
  CC [M]  drivers/nvmem/qcom-spmi-sdam.o
  CC [M]  drivers/media/platform/qcom/iris/iris_ctrls.o
  CC [M]  drivers/interconnect/qcom/osm-l3.o
  LD [M]  sound/soc/snd-soc-core.o
  CC [M]  sound/soc/codecs/wcd-common.o
  CC [M]  drivers/fpga/of-fpga-region.o
  CC [M]  drivers/media/platform/nxp/imx8-isi/imx8-isi-pipe.o
  CC [M]  drivers/gpu/drm/arm/malidp_drv.o
  CC [M]  drivers/gpu/drm/arm/malidp_hw.o
  CC [M]  drivers/media/platform/rockchip/rkcif/rkcif-stream.o
  CC [M]  drivers/gpu/drm/arm/malidp_planes.o
  CC [M]  drivers/gpu/drm/arm/malidp_crtc.o
  CC [M]  drivers/gpu/drm/arm/malidp_mw.o
  CC [M]  drivers/media/platform/qcom/venus/firmware.o
  LD [M]  sound/soc/ti/snd-soc-j721e-evm.o
  LD [M]  sound/soc/sof/mediatek/mt8195/snd-sof-mt8195.o
  CC [M]  drivers/gpu/drm/arm/display/komeda/komeda_drv.o
  CC [M]  sound/soc/codecs/wcd-mbhc-v2.o
  CC [M]  sound/soc/qcom/qdsp6/audioreach.o
  CC [M]  drivers/media/platform/synopsys/hdmirx/snps_hdmirx_cec.o
  CC [M]  drivers/hte/hte-tegra194-test.o
  LD [M]  sound/soc/sof/xtensa/snd-sof-xtensa-dsp.o
  CC [M]  sound/soc/sunxi/sun8i-adda-pr-regmap.o
  CC [M]  sound/soc/qcom/qdsp6/topology.o
  CC [M]  sound/soc/qcom/qdsp6/q6apm-dai.o
  CC [M]  sound/soc/qcom/qdsp6/q6apm-lpass-dais.o
  CC [M]  drivers/media/platform/samsung/s5p-jpeg/jpeg-hw-s5p.o
  CC [M]  sound/soc/qcom/qdsp6/q6prm.o
  CC [M]  sound/soc/qcom/qdsp6/q6prm-clocks.o
  LD [M]  sound/soc/xilinx/snd-soc-xlnx-i2s.o
  CC [M]  drivers/crypto/caam/ctrl.o
  LD [M]  sound/soc/xilinx/snd-soc-xlnx-formatter-pcm.o
  LD [M]  sound/soc/xilinx/snd-soc-xlnx-spdif.o
  CC [M]  drivers/crypto/caam/qi.o
  CC [M]  drivers/crypto/caam/debugfs.o
  CC [M]  drivers/gpu/drm/renesas/rcar-du/rcar_du_drv.o
  CC [M]  drivers/media/rc/keymaps/rc-msi-tvanywhere-plus.o
  CC [M]  drivers/media/platform/mediatek/vcodec/decoder/vdec/vdec_h264_req_common.o
  CC [M]  drivers/media/rc/keymaps/rc-mygica-utv3.o
  CC [M]  drivers/media/platform/renesas/rcar-isp/csisp.o
  CC [M]  drivers/interconnect/imx/imx8mq.o
  CC [M]  drivers/perf/amlogic/meson_g12_ddr_pmu.o
  CC [M]  drivers/media/rc/keymaps/rc-nebula.o
  CC [M]  drivers/media/rc/keymaps/rc-nec-terratec-cinergy-xs.o
  CC [M]  drivers/crypto/qce/aead.o
  LD [M]  drivers/iio/adc/xilinx-xadc.o
  CC [M]  drivers/iio/buffer/industrialio-triggered-buffer.o
  CC [M]  sound/soc/tegra/tegra186_asrc.o
  CC [M]  drivers/media/rc/keymaps/rc-norwood.o
  CC [M]  drivers/nvmem/zynqmp_nvmem.o
  CC [M]  drivers/media/platform/mediatek/mdp3/mtk-mdp3-comp.o
  LD [M]  sound/soc/ti/snd-soc-davinci-mcasp.o
  CC [M]  drivers/media/platform/mediatek/mdp3/mtk-mdp3-cmdq.o
  LD [M]  drivers/mux/mux-gpio.o
  CC [M]  sound/soc/codecs/wcd9335.o
  CC [M]  drivers/media/rc/keymaps/rc-npgtech.o
  CC [M]  drivers/media/platform/qcom/venus/hfi_venus.o
  CC [M]  drivers/interconnect/qcom/qcs404.o
  CC [M]  sound/soc/qcom/qdsp6/q6usb.o
  CC [M]  drivers/net/ethernet/qualcomm/emac/emac.o
  CC [M]  drivers/net/ethernet/qualcomm/rmnet/rmnet_config.o
  CC [M]  drivers/net/ethernet/qualcomm/emac/emac-mac.o
  CC [M]  drivers/net/ethernet/qualcomm/emac/emac-phy.o
  CC [M]  drivers/gpu/drm/display/drm_dp_helper.o
  LD [M]  drivers/tee/qcomtee/qcomtee.o
  CC [M]  drivers/media/platform/qcom/camss/camss-vfe-gen1.o
  CC [M]  sound/soc/codecs/wcd934x.o
  LD [M]  drivers/gpu/drm/renesas/rz-du/rzg2l-du-drm.o
  CC [M]  drivers/media/platform/qcom/camss/camss-vfe-vbif.o
  LD [M]  sound/soc/qcom/snd-soc-lpass-sc7280.o
  CC [M]  drivers/gpu/drm/arm/display/komeda/komeda_dev.o
  LD [M]  sound/soc/qcom/snd-soc-apq8016-sbc.o
  CC [M]  drivers/media/platform/qcom/camss/camss-vfe.o
  CC [M]  drivers/media/platform/mediatek/vcodec/decoder/vdec/vdec_h264_req_multi_if.o
  CC [M]  drivers/slimbus/core.o
  LD [M]  drivers/remoteproc/qcom_wcnss_pil.o
  CC [M]  drivers/nvmem/layouts/sl28vpd.o
  CC [M]  drivers/media/platform/qcom/camss/camss-video.o
  CC [M]  drivers/media/platform/qcom/camss/camss-format.o
  CC [M]  drivers/net/ethernet/qualcomm/rmnet/rmnet_vnd.o
  CC [M]  drivers/net/ethernet/qualcomm/emac/emac-sgmii.o
  CC [M]  drivers/bluetooth/hci_ldisc.o
  CC [M]  drivers/net/ethernet/qualcomm/emac/emac-ethtool.o
  LD [M]  drivers/media/platform/synopsys/hdmirx/synopsys-hdmirx.o
  CC [M]  sound/soc/tegra/tegra186_dspk.o
  CC [M]  sound/soc/tegra/tegra210_admaif.o
  CC [M]  sound/soc/tegra/tegra_isomgr_bw.o
  CC [M]  drivers/crypto/ccree/cc_request_mgr.o
  CC [M]  drivers/greybus/core.o
  CC [M]  drivers/greybus/debugfs.o
  CC [M]  drivers/net/ethernet/mellanox/mlx5/core/mcg.o
  CC [M]  drivers/interconnect/imx/imx8mn.o
  CC [M]  net/mac80211/eht.o
  CC [M]  net/mac80211/uhr.o
  LD [M]  drivers/media/platform/sunxi/sun6i-csi/sun6i-csi.o
  CC [M]  net/mac80211/nan.o
  CC [M]  drivers/media/platform/qcom/venus/hfi_msgs.o
  CC [M]  drivers/media/rc/keymaps/rc-odroid.o
  CC [M]  drivers/net/ethernet/mellanox/mlx4/en_tx.o
  CC [M]  drivers/media/rc/keymaps/rc-pctv-sedna.o
  CC [M]  drivers/media/rc/keymaps/rc-pine64.o
  CC [M]  drivers/media/rc/keymaps/rc-pinnacle-color.o
  CC [M]  drivers/media/rc/keymaps/rc-pinnacle-grey.o
  CC [M]  sound/soc/tegra/tegra210_mvc.o
  CC [M]  drivers/net/ethernet/mellanox/mlx4/en_rx.o
  CC [M]  drivers/net/ethernet/qualcomm/emac/emac-sgmii-fsm9900.o
  CC [M]  drivers/media/platform/nxp/imx8-isi/imx8-isi-video.o
  CC [M]  drivers/net/ethernet/qualcomm/emac/emac-sgmii-qdf2432.o
  CC [M]  drivers/media/platform/verisilicon/hantro_v4l2.o
  CC [M]  drivers/media/platform/verisilicon/hantro_postproc.o
  CC [M]  sound/soc/tegra/tegra210_sfc.o
  CC [M]  drivers/media/rc/keymaps/rc-pinnacle-pctv-hd.o
  CC [M]  drivers/media/rc/keymaps/rc-pixelview-002t.o
  LD [M]  drivers/perf/arm_cspmu/arm_cspmu_module.o
  CC [M]  drivers/media/rc/keymaps/rc-pixelview.o
  CC [M]  drivers/media/rc/keymaps/rc-pixelview-new.o
  CC [M]  drivers/media/rc/keymaps/rc-pixelview-mk12.o
  CC [M]  drivers/media/rc/keymaps/rc-powercolor-real-angel.o
  CC [M]  sound/soc/tegra/tegra210_amx.o
  CC [M]  drivers/crypto/tegra/tegra-se-key.o
  CC [M]  drivers/crypto/tegra/tegra-se-main.o
  CC [M]  drivers/media/platform/qcom/iris/iris_firmware.o
  CC [M]  drivers/media/platform/samsung/s5p-mfc/s5p_mfc_ctrl.o
  CC [M]  drivers/media/platform/qcom/iris/iris_hfi_common.o
  CC [M]  drivers/net/ethernet/mellanox/mlx4/en_ethtool.o
  CC [M]  drivers/net/ethernet/mellanox/mlx4/en_port.o
  LD [M]  drivers/interconnect/qcom/qnoc-msm8916.o
  LD [M]  drivers/interconnect/qcom/icc-osm-l3.o
  LD [M]  drivers/interconnect/qcom/qnoc-qcs404.o
  CC [M]  drivers/gpu/drm/renesas/rcar-du/rcar_du_encoder.o
  CC [M]  drivers/iio/buffer/kfifo_buf.o
  CC [M]  drivers/crypto/tegra/tegra-se-aes.o
  CC [M]  sound/soc/tegra/tegra210_adx.o
  LD [M]  sound/soc/qcom/snd-soc-apq8096.o
  CC [M]  drivers/bluetooth/hci_serdev.o
  LD [M]  drivers/media/platform/rockchip/rkcif/rockchip-cif.o
  CC [M]  drivers/gpu/drm/display/drm_dp_mst_topology.o
  CC [M]  drivers/gpu/drm/display/drm_dsc_helper.o
  CC [M]  drivers/crypto/tegra/tegra-se-hash.o
  LD [M]  drivers/interconnect/imx/imx8mm-interconnect.o
  CC [M]  sound/soc/codecs/wcd937x.o
  CC [M]  drivers/greybus/hd.o
  LD [M]  drivers/interconnect/imx/imx8mq-interconnect.o
  LD [M]  drivers/interconnect/imx/imx8mn-interconnect.o
  CC [M]  drivers/slimbus/messaging.o
  CC [M]  net/mac80211/led.o
  CC [M]  drivers/net/wireless/ath/ath10k/qmi_wlfw_v01.o
  CC [M]  net/mac80211/rc80211_minstrel_ht.o
  CC [M]  net/mac80211/pm.o
  LD [M]  drivers/media/platform/samsung/s5p-jpeg/s5p-jpeg.o
  CC [M]  drivers/greybus/manifest.o
  LD [M]  drivers/perf/amlogic/meson_ddr_pmu_g12.o
  CC [M]  drivers/greybus/module.o
  CC [M]  drivers/gpu/drm/arm/display/komeda/komeda_format_caps.o
  CC [M]  drivers/media/platform/mediatek/vcodec/decoder/vdec/vdec_hevc_req_multi_if.o
  LD [M]  drivers/media/platform/renesas/rcar-isp/rcar-isp.o
  CC [M]  drivers/media/platform/mediatek/vcodec/decoder/mtk_vcodec_dec_drv.o
  CC [M]  drivers/media/platform/renesas/rcar-vin/rcar-core.o
  CC [M]  drivers/media/platform/renesas/rcar-vin/rcar-dma.o
  CC [M]  sound/soc/tegra/tegra210_mixer.o
  CC [M]  drivers/soundwire/bus_type.o
  CC [M]  drivers/gpu/drm/renesas/rcar-du/rcar_du_group.o
  CC [M]  drivers/net/ethernet/qualcomm/rmnet/rmnet_handlers.o
  LD [M]  drivers/nvmem/nvmem-apple-efuses.o
  CC [M]  drivers/gpu/drm/display/drm_hdcp_helper.o
  CC [M]  drivers/soundwire/bus.o
  LD [M]  drivers/nvmem/apple_nvmem_spmi.o
  LD [M]  drivers/nvmem/nvmem-imx-ocotp-ele.o
  CC [M]  sound/soc/codecs/wcd937x-sdw.o
  CC [M]  drivers/media/platform/verisilicon/hantro_h1_jpeg_enc.o
  LD [M]  drivers/nvmem/nvmem-layerscape-sfp.o
  LD [M]  drivers/nvmem/nvmem-max77759.o
  LD [M]  drivers/nvmem/nvmem_meson_efuse.o
  CC [M]  drivers/net/wireless/mediatek/mt76/mt76_connac3_mac.o
  CC [M]  drivers/media/rc/keymaps/rc-proteus-2309.o
  LD [M]  drivers/nvmem/nvmem-rmem.o
  LD [M]  drivers/nvmem/nvmem_sec_qfprom.o
  CC [M]  drivers/media/rc/keymaps/rc-purpletv.o
  LD [M]  drivers/nvmem/nvmem_qcom-spmi-sdam.o
  LD [M]  drivers/nvmem/nvmem_zynqmp_nvmem.o
  CC [M]  drivers/media/rc/keymaps/rc-pv951.o
  CC [M]  drivers/net/wireless/ath/ath10k/snoc.o
  CC [M]  drivers/media/rc/keymaps/rc-rc6-mce.o
  CC [M]  drivers/media/rc/keymaps/rc-real-audio-220-32-keys.o
  CC [M]  drivers/gpu/drm/display/drm_hdmi_audio_helper.o
  CC [M]  drivers/hwtracing/stm/core.o
  LD [M]  drivers/gpu/drm/arm/hdlcd.o
  CC [M]  drivers/hwtracing/stm/policy.o
  CC [M]  drivers/iio/common/cros_ec_sensors/cros_ec_sensors_core.o
  CC [M]  drivers/net/ethernet/mellanox/mlx4/en_cq.o
  CC [M]  drivers/iio/common/cros_ec_sensors/cros_ec_sensors_trace.o
  CC [M]  drivers/media/rc/keymaps/rc-reddo.o
  LD [M]  sound/soc/qcom/qdsp6/snd-q6dsp-common.o
  LD [M]  sound/soc/qcom/qdsp6/snd-q6apm.o
  CC [M]  drivers/gpu/drm/renesas/rcar-du/rcar_du_kms.o
  LD [M]  sound/soc/qcom/snd-soc-sc7180.o
  LD [M]  sound/soc/qcom/snd-soc-sc7280.o
  CC [M]  drivers/crypto/ccree/cc_cipher.o
  LD [M]  drivers/crypto/qce/qcrypto.o
  LD [M]  sound/soc/qcom/snd-soc-sc8280xp.o
  LD [M]  sound/soc/qcom/snd-soc-sdm845.o
  LD [M]  sound/soc/qcom/snd-soc-sm8250.o
  CC [M]  drivers/soundwire/master.o
  CC [M]  drivers/soundwire/slave.o
  CC [M]  drivers/soundwire/mipi_disco.o
  LD [M]  sound/soc/qcom/snd-soc-qcom-common.o
  CC [M]  drivers/crypto/bcm/util.o
  LD [M]  sound/soc/qcom/snd-soc-qcom-sdw.o
  LD [M]  sound/soc/qcom/snd-soc-x1e80100.o
  CC [M]  drivers/hwtracing/coresight/coresight-core.o
  CC [M]  drivers/crypto/bcm/spu.o
  CC [M]  drivers/crypto/bcm/spu2.o
  LD [M]  sound/soc/qcom/snd-soc-qcom-offload-utils.o
  CC [M]  drivers/crypto/bcm/cipher.o
  CC [M]  drivers/net/ethernet/mellanox/mlx5/core/cq.o
  CC [M]  drivers/media/rc/keymaps/rc-siemens-gigaset-rc20.o
  CC [M]  drivers/media/platform/qcom/iris/iris_hfi_gen1_command.o
  CC [M]  drivers/media/rc/keymaps/rc-snapstream-firefly.o
  CC [M]  drivers/gpu/drm/arm/display/komeda/komeda_color_mgmt.o
  CC [M]  drivers/net/wireless/intel/iwlwifi/dvm/rs.o
  CC [M]  drivers/net/wireless/intel/iwlwifi/dvm/mac80211.o
  CC [M]  sound/soc/codecs/wcd938x.o
  CC [M]  drivers/media/rc/keymaps/rc-streamzap.o
  CC [M]  drivers/media/rc/keymaps/rc-su3000.o
  CC [M]  drivers/media/platform/qcom/venus/hfi_cmds.o
  CC [M]  drivers/slimbus/sched.o
  CC [M]  drivers/slimbus/stream.o
  CC [M]  drivers/media/platform/nxp/imx8-isi/imx8-isi-debug.o
  CC [M]  sound/soc/tegra/tegra210_ope.o
  CC [M]  sound/soc/tegra/tegra210_mbdrc.o
  CC [M]  sound/soc/tegra/tegra210_peq.o
  CC [M]  drivers/slimbus/qcom-ngd-ctrl.o
  CC [M]  drivers/media/platform/renesas/rzg2l-cru/rzg2l-csi2.o
  CC [M]  sound/soc/tegra/tegra_audio_graph_card.o
  LD [M]  drivers/media/platform/mediatek/mdp3/mtk-mdp3.o
  LD [M]  sound/soc/tegra/snd-soc-tegra-pcm.o
  LD [M]  sound/soc/tegra/snd-soc-tegra210-dmic.o
  CC [M]  drivers/media/platform/qcom/iris/iris_hfi_gen1_response.o
  CC [M]  drivers/net/ethernet/qualcomm/emac/emac-sgmii-qdf2400.o
  CC [M]  drivers/media/platform/qcom/iris/iris_hfi_gen2_command.o
  CC [M]  drivers/greybus/interface.o
  LD [M]  drivers/media/platform/qcom/camss/qcom-camss.o
  CC [M]  drivers/media/platform/samsung/s5p-mfc/s5p_mfc_pm.o
  CC [M]  drivers/gpu/drm/arm/display/komeda/komeda_pipeline.o
  CC [M]  drivers/media/platform/samsung/s5p-mfc/s5p_mfc_opr.o
  CC [M]  drivers/media/platform/samsung/s5p-mfc/s5p_mfc_opr_v5.o
  LD [M]  sound/soc/tegra/snd-soc-tegra210-ahub.o
  CC [M]  drivers/media/platform/samsung/s5p-mfc/s5p_mfc_opr_v6.o
  LD [M]  sound/soc/tegra/snd-soc-tegra210-i2s.o
  CC [M]  drivers/media/platform/mediatek/vcodec/decoder/vdec_drv_if.o
  CC [M]  drivers/media/platform/samsung/s5p-mfc/s5p_mfc_cmd.o
  CC [M]  drivers/media/platform/samsung/s5p-mfc/s5p_mfc_cmd_v5.o
  CC [M]  drivers/media/platform/samsung/s5p-mfc/s5p_mfc_cmd_v6.o
  CC [M]  drivers/crypto/caam/jr.o
  CC [M]  drivers/crypto/caam/key_gen.o
  LD [M]  sound/soc/tegra/snd-soc-tegra186-asrc.o
  CC [M]  drivers/media/platform/mediatek/vcodec/decoder/vdec_vpu_if.o
  CC [M]  drivers/media/platform/mediatek/vcodec/decoder/vdec_msg_queue.o
  CC [M]  drivers/iio/common/cros_ec_sensors/cros_ec_sensors.o
  CC [M]  drivers/bluetooth/hci_h4.o
  LD [M]  sound/soc/tegra/snd-soc-tegra186-dspk.o
  CC [M]  drivers/media/platform/renesas/rzg2l-cru/rzg2l-core.o
  CC [M]  drivers/media/platform/renesas/rzg2l-cru/rzg2l-ip.o
  LD [M]  drivers/gpu/drm/arm/mali-dp.o
  CC [M]  drivers/media/platform/renesas/rzg2l-cru/rzg2l-video.o
  CC [M]  drivers/media/rc/keymaps/rc-tanix-tx3mini.o
  CC [M]  drivers/media/rc/keymaps/rc-tanix-tx5max.o
  CC [M]  drivers/media/rc/keymaps/rc-tbs-nec.o
  CC [M]  drivers/media/rc/keymaps/rc-technisat-ts35.o
  CC [M]  drivers/crypto/amlogic/amlogic-gxl-core.o
  CC [M]  drivers/hwtracing/coresight/coresight-etm-perf.o
  CC [M]  drivers/media/rc/keymaps/rc-technisat-usb2.o
  CC [M]  drivers/hwtracing/coresight/coresight-platform.o
  LD [M]  sound/soc/tegra/snd-soc-tegra210-admaif.o
  LD [M]  sound/soc/tegra/snd-soc-tegra210-mvc.o
  LD [M]  drivers/iio/common/cros_ec_sensors/cros-ec-sensors-core.o
  CC [M]  drivers/crypto/amlogic/amlogic-gxl-cipher.o
  CC [M]  drivers/net/ethernet/realtek/r8169_main.o
  CC [M]  drivers/gpu/drm/renesas/rcar-du/rcar_du_plane.o
  CC [M]  drivers/gnss/serial.o
  CC [M]  drivers/gnss/core.o
  CC [M]  drivers/media/platform/qcom/iris/iris_hfi_gen2_packet.o
  LD [M]  drivers/net/wireless/ath/ath10k/ath10k_core.o
  CC [M]  drivers/media/platform/qcom/iris/iris_hfi_gen2_response.o
  CC [M]  drivers/media/platform/mediatek/vcodec/decoder/mtk_vcodec_dec.o
  CC [M]  drivers/media/platform/qcom/venus/hfi.o
  CC [M]  drivers/media/platform/qcom/venus/hfi_parser.o
  CC [M]  drivers/gpu/drm/panel/panel-boe-tv101wum-nl6.o
  CC [M]  drivers/hwtracing/stm/p_basic.o
  CC [M]  drivers/gpu/drm/imx/dcss/dcss-drv.o
  CC [M]  drivers/media/platform/qcom/venus/pm_helpers.o
  CC [M]  drivers/net/ethernet/mellanox/mlx5/core/alloc.o
  CC [M]  net/mac80211/wbrf.o
  CC [M]  drivers/soundwire/stream.o
  CC [M]  drivers/soundwire/sysfs_slave.o
  CC [M]  drivers/gpu/drm/bridge/aux-bridge.o
  CC [M]  drivers/media/platform/mediatek/vcodec/decoder/mtk_vcodec_dec_stateful.o
  CC [M]  drivers/gpu/drm/bridge/aux-hpd-bridge.o
  CC [M]  drivers/media/platform/renesas/rcar-vin/rcar-v4l2.o
  CC [M]  drivers/net/wireless/intel/iwlwifi/dvm/ucode.o
  CC [M]  drivers/net/wireless/intel/iwlwifi/dvm/tx.o
  CC [M]  drivers/greybus/bundle.o
  CC [M]  drivers/net/ethernet/realtek/r8169_firmware.o
  CC [M]  drivers/gpu/drm/bridge/display-connector.o
  CC [M]  drivers/net/ethernet/qualcomm/rmnet/rmnet_map_data.o
  CC [M]  drivers/gpu/drm/renesas/rcar-du/rcar_du_vsp.o
  CC [M]  drivers/net/ethernet/qualcomm/rmnet/rmnet_map_command.o
  CC [M]  drivers/media/platform/verisilicon/hantro_g1.o
  CC [M]  drivers/gpu/drm/imx/dcss/dcss-dev.o
  CC [M]  drivers/media/platform/verisilicon/hantro_g1_h264_dec.o
  CC [M]  drivers/media/platform/verisilicon/hantro_g1_mpeg2_dec.o
  CC [M]  drivers/crypto/ccree/cc_hash.o
  CC [M]  drivers/iio/common/st_sensors/st_sensors_i2c.o
  CC [M]  drivers/iio/common/st_sensors/st_sensors_spi.o
  CC [M]  drivers/media/platform/renesas/vsp1/vsp1_drv.o
  CC [M]  drivers/gpu/drm/hisilicon/hibmc/hibmc_drm_drv.o
  CC [M]  drivers/net/wireless/mediatek/mt76/mt792x_core.o
  CC [M]  drivers/gpu/drm/arm/display/komeda/komeda_pipeline_state.o
  CC [M]  drivers/gpu/drm/arm/display/komeda/komeda_framebuffer.o
  CC [M]  drivers/crypto/ccree/cc_aead.o
  LD [M]  drivers/net/wireless/ath/ath10k/ath10k_pci.o
  CC [M]  drivers/crypto/ccree/cc_sram_mgr.o
  CC [M]  drivers/gpu/drm/mxsfb/mxsfb_drv.o
  CC [M]  drivers/gpu/drm/mxsfb/mxsfb_kms.o
  CC [M]  drivers/media/platform/nxp/imx8-isi/imx8-isi-m2m.o
  CC [M]  drivers/gpu/drm/bridge/fsl-ldb.o
  CC [M]  drivers/hwtracing/stm/p_sys-t.o
  LD [M]  drivers/hwtracing/stm/stm_core.o
  LD [M]  drivers/slimbus/slimbus.o
  CC [M]  drivers/media/rc/keymaps/rc-terratec-cinergy-c-pci.o
  CC [M]  sound/soc/codecs/wcd938x-sdw.o
  CC [M]  drivers/media/platform/qcom/iris/iris_hfi_queue.o
  CC [M]  drivers/soundwire/sysfs_slave_dpn.o
  CC [M]  drivers/bluetooth/hci_ll.o
  CC [M]  drivers/gpu/drm/hisilicon/kirin/kirin_drm_drv.o
  CC [M]  drivers/gpu/drm/hisilicon/kirin/kirin_drm_ade.o
  CC [M]  drivers/gpu/drm/hisilicon/kirin/dw_drm_dsi.o
  CC [M]  drivers/greybus/connection.o
  CC [M]  drivers/net/ethernet/realtek/r8169_phy_config.o
  CC [M]  drivers/soundwire/debugfs.o
  CC [M]  drivers/soundwire/irq.o
  CC [M]  drivers/gnss/mtk.o
  CC [M]  drivers/crypto/ccree/cc_debugfs.o
  CC [M]  drivers/gpu/drm/mxsfb/lcdif_drv.o
  CC [M]  drivers/gpu/drm/mxsfb/lcdif_kms.o
  CC [M]  drivers/gpu/drm/panel/panel-lvds.o
  CC [M]  drivers/gpu/drm/panel/panel-simple.o
  CC [M]  drivers/gpu/drm/panel/panel-edp.o
  CC [M]  drivers/gpu/drm/panel/panel-himax-hx8279.o
  CC [M]  drivers/net/ethernet/mellanox/mlx4/en_resources.o
  LD [M]  drivers/net/ethernet/qualcomm/emac/qcom-emac.o
  CC [M]  drivers/crypto/caam/caamalg.o
  CC [M]  drivers/gpu/drm/display/drm_hdmi_cec_helper.o
  CC [M]  drivers/crypto/ccree/cc_pm.o
  CC [M]  drivers/media/rc/keymaps/rc-terratec-cinergy-s2-hd.o
  CC [M]  sound/soc/codecs/wcd939x.o
  LD [M]  sound/soc/tegra/snd-soc-tegra210-sfc.o
  CC [M]  drivers/net/wireless/intel/iwlwifi/dvm/lib.o
  LD [M]  sound/soc/tegra/snd-soc-tegra210-amx.o
  CC [M]  drivers/net/wireless/intel/iwlwifi/mvm/fw.o
  LD [M]  sound/soc/tegra/snd-soc-tegra210-adx.o
  LD [M]  drivers/net/wireless/ath/ath10k/ath10k_sdio.o
  LD [M]  drivers/net/wireless/ath/ath10k/ath10k_snoc.o
  LD [M]  sound/soc/tegra/snd-soc-tegra210-mixer.o
  CC [M]  drivers/greybus/control.o
  LD [M]  sound/soc/tegra/snd-soc-tegra210-ope.o
  CC [M]  drivers/net/wireless/intel/iwlwifi/dvm/calib.o
  LD [M]  sound/soc/tegra/snd-soc-tegra-audio-graph-card.o
  CC [M]  drivers/net/wireless/intel/iwlwifi/dvm/tt.o
  CC [M]  drivers/net/wireless/intel/iwlwifi/dvm/sta.o
  LD [M]  drivers/gnss/gnss.o
  LD [M]  drivers/crypto/tegra/tegra-se.o
  CC [M]  drivers/media/platform/qcom/venus/dbgfs.o
  CC [M]  drivers/media/platform/qcom/venus/hfi_platform.o
  CC [M]  drivers/gpu/drm/renesas/rcar-du/rcar_du_writeback.o
  CC [M]  drivers/hwtracing/coresight/coresight-sysfs.o
  CC [M]  drivers/bluetooth/hci_bcm.o
  CC [M]  drivers/gpu/drm/imx/dcss/dcss-blkctl.o
  CC [M]  drivers/media/platform/qcom/iris/iris_platform_gen2.o
  CC [M]  drivers/bluetooth/hci_qca.o
  CC [M]  drivers/media/platform/qcom/iris/iris_power.o
  CC [M]  drivers/media/platform/qcom/iris/iris_probe.o
  CC [M]  drivers/gpu/drm/panel/panel-himax-hx83112a.o
  CC [M]  drivers/gpu/drm/panel/panel-himax-hx83112b.o
  LD [M]  drivers/hwtracing/stm/stm_p_basic.o
  LD [M]  drivers/hwtracing/stm/stm_p_sys-t.o
  CC [M]  drivers/gpu/drm/renesas/rcar-du/rcar_dw_hdmi.o
  CC [M]  drivers/gpu/drm/imx/dcss/dcss-ctxld.o
  CC [M]  drivers/gpu/drm/bridge/tda998x_drv.o
  CC [M]  drivers/net/ethernet/mellanox/mlx5/core/port.o
  LD [M]  drivers/media/platform/renesas/rzg2l-cru/rzg2l-cru.o
  CC [M]  drivers/net/ethernet/mellanox/mlx5/core/mr.o
  CC [M]  drivers/gpu/drm/bridge/inno-hdmi.o
  CC [M]  drivers/gpu/drm/bridge/ite-it6263.o
  CC [M]  drivers/iio/common/st_sensors/st_sensors_core.o
  CC [M]  drivers/media/platform/qcom/venus/hfi_platform_v4.o
  CC [M]  drivers/counter/counter-core.o
  CC [M]  drivers/net/ethernet/mellanox/mlx5/core/pd.o
  CC [M]  drivers/net/ethernet/mellanox/mlx5/core/transobj.o
  CC [M]  drivers/gpu/drm/arm/display/komeda/komeda_kms.o
  LD [M]  drivers/slimbus/slim-qcom-ngd-ctrl.o
  CC [M]  drivers/net/ethernet/mellanox/mlx5/core/vport.o
  CC [M]  sound/soc/codecs/wcd939x-sdw.o
  LD [M]  drivers/media/platform/renesas/rcar-vin/rcar-vin.o
  LD [M]  drivers/crypto/amlogic/amlogic-gxl-crypto.o
  CC [M]  drivers/gpu/drm/imx/dcss/dcss-dtg.o
  CC [M]  drivers/net/ethernet/mellanox/mlx4/en_netdev.o
  CC [M]  drivers/net/ethernet/mellanox/mlx5/core/sriov.o
  CC [M]  drivers/net/ethernet/mellanox/mlx5/core/fs_cmd.o
  CC [M]  drivers/gpu/drm/display/drm_hdmi_cec_notifier_helper.o
  LD [M]  drivers/net/ethernet/qualcomm/rmnet/rmnet.o
  CC [M]  drivers/gpu/drm/renesas/rcar-du/rcar_lvds.o
  CC [M]  drivers/gpu/drm/hisilicon/hibmc/hibmc_drm_de.o
  CC [M]  drivers/soundwire/qcom.o
  CC [M]  drivers/net/wireless/intel/iwlwifi/dvm/rx.o
  CC [M]  drivers/net/wireless/intel/iwlwifi/dvm/eeprom.o
  CC [M]  drivers/gpu/drm/imx/dcss/dcss-ss.o
  CC [M]  drivers/gpu/drm/imx/dcss/dcss-dpr.o
  CC [M]  drivers/gpu/drm/imx/dcss/dcss-scaler.o
  CC [M]  drivers/media/rc/keymaps/rc-terratec-cinergy-xs.o
  LD [M]  drivers/gnss/gnss-serial.o
  CC [M]  drivers/greybus/svc.o
  LD [M]  drivers/gnss/gnss-mtk.o
  CC [M]  drivers/gpu/drm/imx/dcss/dcss-kms.o
  CC [M]  drivers/gpu/drm/imx/dcss/dcss-crtc.o
  CC [M]  drivers/gpu/drm/arm/display/komeda/komeda_crtc.o
  CC [M]  drivers/media/platform/verisilicon/hantro_g1_vp8_dec.o
  CC [M]  drivers/gpu/drm/bridge/lontium-lt8912b.o
  CC [M]  drivers/gpu/drm/bridge/lontium-lt9611.o
  CC [M]  drivers/gpu/drm/imx/dcss/dcss-plane.o
  CC [M]  drivers/net/ethernet/mellanox/mlx5/core/fs_core.o
  CC [M]  drivers/net/wireless/intel/iwlwifi/mvm/mac80211.o
  CC [M]  drivers/net/wireless/intel/iwlwifi/mvm/ops.o
  CC [M]  drivers/net/wireless/intel/iwlwifi/mvm/nvm.o
  CC [M]  drivers/net/wireless/intel/iwlwifi/mvm/phy-ctxt.o
  CC [M]  drivers/net/wireless/intel/iwlwifi/mvm/mac-ctxt.o
  CC [M]  drivers/net/wireless/intel/iwlwifi/mvm/utils.o
  CC [M]  drivers/gpu/drm/hisilicon/hibmc/hibmc_drm_vdac.o
  CC [M]  drivers/gpu/drm/bridge/lontium-lt9611uxc.o
  CC [M]  drivers/gpu/drm/bridge/lontium-lt8713sx.o
  CC [M]  drivers/gpu/drm/bridge/parade-ps8640.o
  CC [M]  drivers/gpu/drm/bridge/samsung-dsim.o
  CC [M]  drivers/media/platform/qcom/iris/iris_resources.o
  CC [M]  drivers/media/platform/qcom/iris/iris_state.o
  CC [M]  drivers/bluetooth/hci_mrvl.o
  CC [M]  drivers/gpu/drm/panel/panel-ilitek-ili9882t.o
  CC [M]  drivers/gpu/drm/bridge/sii902x.o
  CC [M]  drivers/gpu/drm/bridge/simple-bridge.o
  LD [M]  drivers/media/platform/nxp/imx8-isi/imx8-isi.o
  CC [M]  drivers/counter/counter-sysfs.o
  LD [M]  drivers/soundwire/soundwire-bus.o
  LD [M]  drivers/gpu/drm/mxsfb/mxsfb.o
  CC [M]  drivers/gpu/drm/hisilicon/hibmc/hibmc_drm_i2c.o
  CC [M]  drivers/gpu/drm/renesas/rcar-du/rcar_mipi_dsi.o
  CC [M]  drivers/hwtracing/coresight/coresight-syscfg.o
  CC [M]  drivers/gpu/drm/panel/panel-khadas-ts050.o
  CC [M]  drivers/media/platform/renesas/vsp1/vsp1_entity.o
  CC [M]  drivers/media/platform/qcom/iris/iris_utils.o
  CC [M]  drivers/media/platform/qcom/iris/iris_vidc.o
  CC [M]  drivers/media/platform/qcom/iris/iris_vb2.o
  CC [M]  drivers/gpu/drm/bridge/thc63lvd1024.o
  CC [M]  drivers/greybus/svc_watchdog.o
  CC [M]  drivers/media/platform/qcom/venus/hfi_platform_v6.o
  CC [M]  drivers/gpu/drm/display/drm_hdmi_helper.o
  CC [M]  drivers/greybus/operation.o
  CC [M]  drivers/net/wireless/mediatek/mt76/mt792x_mac.o
  CC [M]  drivers/media/platform/mediatek/vcodec/decoder/mtk_vcodec_dec_stateless.o
  CC [M]  drivers/media/platform/mediatek/vcodec/decoder/mtk_vcodec_dec_pm.o
  CC [M]  drivers/iio/common/st_sensors/st_sensors_buffer.o
  CC [M]  sound/soc/codecs/wm8524.o
  CC [M]  drivers/gpu/drm/bridge/tc358768.o
  CC [M]  drivers/gpu/drm/bridge/tc358767.o
  LD [M]  net/mac80211/mac80211.o
  CC [M]  drivers/gpu/drm/panel/panel-novatek-nt36672a.o
  CC [M]  drivers/gpu/drm/panel/panel-novatek-nt36672e.o
  LD [M]  drivers/net/wireless/intel/iwlwifi/iwlwifi.o
  LD [M]  drivers/media/platform/samsung/s5p-mfc/s5p-mfc.o
  CC [M]  drivers/net/wireless/intel/iwlwifi/dvm/power.o
  CC [M]  drivers/media/rc/keymaps/rc-terratec-slim-2.o
  CC [M]  drivers/net/wireless/intel/iwlwifi/dvm/scan.o
  LD [M]  drivers/gpu/drm/hisilicon/kirin/kirin-drm.o
  CC [M]  drivers/net/wireless/intel/iwlwifi/dvm/rxon.o
  CC [M]  drivers/gpu/drm/panel/panel-novatek-nt37801.o
  CC [M]  drivers/gpu/drm/display/drm_scdc_helper.o
  CC [M]  drivers/gpu/drm/bridge/ti-sn65dsi83.o
  CC [M]  drivers/gpu/drm/bridge/ti-sn65dsi86.o
  CC [M]  drivers/gpu/drm/bridge/ti-tfp410.o
  CC [M]  drivers/gpu/drm/bridge/nwl-dsi.o
  CC [M]  drivers/media/rc/keymaps/rc-terratec-slim.o
  LD [M]  drivers/crypto/ccree/ccree.o
  CC [M]  drivers/gpu/drm/bridge/ite-it66121.o
  CC [M]  drivers/net/wireless/intel/iwlwifi/dvm/devices.o
  CC [M]  drivers/bluetooth/btusb.o
  LD [M]  drivers/crypto/bcm/bcm_crypto_spu.o
  CC [M]  drivers/bluetooth/btintel.o
  CC [M]  drivers/counter/counter-chrdev.o
  CC [M]  drivers/gpu/drm/arm/display/komeda/komeda_plane.o
  CC [M]  drivers/gpu/drm/display/drm_hdmi_state_helper.o
  CC [M]  sound/soc/codecs/wm8904.o
  LD [M]  drivers/gpu/drm/mxsfb/imx-lcdif.o
  CC [M]  drivers/media/platform/renesas/vsp1/vsp1_pipe.o
  CC [M]  drivers/media/platform/renesas/vsp1/vsp1_dl.o
  CC [M]  drivers/media/platform/renesas/vsp1/vsp1_drm.o
  CC [M]  drivers/bluetooth/btmrvl_main.o
  CC [M]  drivers/gpu/drm/hisilicon/hibmc/dp/dp_aux.o
  CC [M]  drivers/net/ethernet/mellanox/mlx5/core/pci_irq.o
  CC [M]  drivers/gpu/drm/panel/panel-mantix-mlaf057we51.o
  CC [M]  drivers/gpu/drm/panel/panel-raydium-rm67191.o
  LD [M]  drivers/soundwire/soundwire-qcom.o
  CC [M]  drivers/gpu/drm/panel/panel-raydium-rm692e5.o
  CC [M]  drivers/media/platform/qcom/venus/hfi_plat_bufs_v6.o
  CC [M]  drivers/gpu/drm/hisilicon/hibmc/dp/dp_link.o
  CC [M]  drivers/media/platform/renesas/vsp1/vsp1_video.o
  CC [M]  drivers/greybus/gb-beagleplay.o
  CC [M]  drivers/iio/common/st_sensors/st_sensors_trigger.o
  CC [M]  drivers/media/platform/verisilicon/hantro_g2.o
  CC [M]  drivers/media/platform/verisilicon/hantro_g2_hevc_dec.o
  CC [M]  drivers/net/wireless/intel/iwlwifi/mvm/rx.o
  CC [M]  drivers/gpu/drm/hisilicon/hibmc/dp/dp_hw.o
  CC [M]  drivers/net/wireless/intel/iwlwifi/mvm/rxmq.o
  CC [M]  drivers/gpu/drm/hisilicon/hibmc/dp/dp_serdes.o
  CC [M]  drivers/gpu/drm/hisilicon/hibmc/hibmc_drm_dp.o
  CC [M]  drivers/gpu/drm/hisilicon/hibmc/hibmc_drm_debugfs.o
  CC [M]  drivers/media/platform/verisilicon/hantro_g2_vp9_dec.o
  CC [M]  drivers/media/platform/verisilicon/hantro_jpeg.o
  CC [M]  sound/soc/codecs/wm8960.o
  LD [M]  drivers/gpu/drm/renesas/rcar-du/rcar-du-drm.o
  CC [M]  drivers/media/platform/qcom/iris/iris_vdec.o
  CC [M]  drivers/net/ethernet/mellanox/mlx4/en_selftest.o
  CC [M]  drivers/gpu/drm/panel/panel-samsung-atna33xc20.o
  CC [M]  drivers/gpu/drm/panel/panel-summit.o
  CC [M]  drivers/gpu/drm/panel/panel-sitronix-st7703.o
  CC [M]  drivers/gpu/drm/panel/panel-startek-kd070fhfid015.o
  CC [M]  drivers/gpu/drm/panel/panel-truly-nt35597.o
  CC [M]  drivers/media/platform/qcom/venus/vdec.o
  CC [M]  drivers/gpu/drm/xlnx/zynqmp_disp.o
  CC [M]  drivers/gpu/drm/panel/panel-visionox-vtdr6130.o
  CC [M]  drivers/media/rc/keymaps/rc-tevii-nec.o
  LD [M]  drivers/gpu/drm/imx/dcss/imx-dcss.o
  CC [M]  drivers/bluetooth/btmrvl_debugfs.o
  CC [M]  drivers/bluetooth/btmrvl_sdio.o
  CC [M]  drivers/bluetooth/btqcomsmd.o
  LD [M]  drivers/net/ethernet/realtek/r8169.o
  CC [M]  drivers/bluetooth/btbcm.o
  CC [M]  drivers/bluetooth/btrtl.o
  CC [M]  drivers/net/ethernet/mellanox/mlx4/en_clock.o
  CC [M]  drivers/media/platform/qcom/iris/iris_venc.o
  CC [M]  drivers/gpu/drm/xlnx/zynqmp_dpsub.o
  CC [M]  drivers/gpu/drm/xlnx/zynqmp_dp.o
  CC [M]  drivers/counter/rz-mtu3-cnt.o
  CC [M]  drivers/hwtracing/coresight/coresight-config.o
  CC [M]  drivers/gpu/drm/xlnx/zynqmp_kms.o
  CC [M]  drivers/media/platform/mediatek/vcodec/decoder/mtk_vcodec_dec_hw.o
  CC [M]  drivers/gpu/drm/xlnx/zynqmp_dp_audio.o
  CC [M]  drivers/net/wireless/intel/iwlwifi/mvm/tx.o
  CC [M]  drivers/gpu/drm/arm/display/komeda/komeda_wb_connector.o
  CC [M]  drivers/gpu/drm/arm/display/komeda/komeda_private_obj.o
  CC [M]  drivers/media/rc/keymaps/rc-tivo.o
  CC [M]  drivers/gpu/drm/arm/display/komeda/komeda_event.o
  CC [M]  drivers/net/wireless/intel/iwlwifi/mvm/binding.o
  LD [M]  drivers/gpu/drm/display/drm_display_helper.o
  CC [M]  drivers/media/rc/keymaps/rc-total-media-in-hand-02.o
  CC [M]  drivers/net/ethernet/mellanox/mlx5/core/fs_counters.o
  LD [M]  drivers/media/platform/mediatek/vcodec/decoder/mtk-vcodec-dec.o
  CC [M]  drivers/net/ethernet/mellanox/mlx5/core/fs_ft_pool.o
  CC [M]  sound/soc/codecs/wm8962.o
  CC [M]  drivers/iio/imu/st_lsm6dsx/st_lsm6dsx_core.o
  CC [M]  drivers/iio/light/cros_ec_light_prox.o
  CC [M]  drivers/iio/magnetometer/st_magn_core.o
  LD [M]  drivers/greybus/greybus.o
  LD [M]  drivers/iio/common/st_sensors/st_sensors.o
  CC [M]  drivers/iio/light/isl29018.o
  CC [M]  drivers/iio/light/vcnl4000.o
  CC [M]  drivers/media/platform/renesas/vsp1/vsp1_rpf.o
  CC [M]  drivers/media/platform/qcom/venus/vdec_ctrls.o
  CC [M]  drivers/net/wireless/mediatek/mt76/mt792x_trace.o
  CC [M]  drivers/net/wireless/mediatek/mt76/mt792x_debugfs.o
  CC [M]  drivers/net/wireless/mediatek/mt76/mt792x_dma.o
  CC [M]  sound/soc/codecs/wm8978.o
  CC [M]  drivers/iio/imu/st_lsm6dsx/st_lsm6dsx_buffer.o
  CC [M]  drivers/gpu/drm/arm/display/komeda/d71/d71_dev.o
  CC [M]  drivers/bluetooth/btqca.o
  CC [M]  drivers/bluetooth/btmtk.o
  CC [M]  drivers/net/wireless/intel/iwlwifi/mvm/quota.o
  CC [M]  drivers/net/wireless/intel/iwlwifi/mvm/sta.o
  CC [M]  drivers/crypto/caam/caamalg_qi.o
  CC [M]  drivers/crypto/caam/caamhash.o
  CC [M]  drivers/crypto/caam/caamrng.o
  LD [M]  drivers/net/ethernet/mellanox/mlx4/mlx4_core.o
  CC [M]  drivers/net/ethernet/mellanox/mlx5/core/rl.o
  CC [M]  drivers/net/wireless/mediatek/mt76/mt792x_acpi_sar.o
  CC [M]  drivers/net/wireless/intel/iwlwifi/mvm/sf.o
  LD [M]  drivers/net/wireless/mediatek/mt76/mt76.o
  CC [M]  drivers/counter/stm32-timer-cnt.o
  LD [M]  drivers/net/wireless/mediatek/mt76/mt76-connac-lib.o
  CC [M]  drivers/net/wireless/intel/iwlwifi/dvm/led.o
  CC [M]  drivers/net/wireless/mediatek/mt76/mt7921/mac.o
  CC [M]  drivers/media/rc/keymaps/rc-total-media-in-hand.o
  CC [M]  drivers/crypto/caam/caamprng.o
  CC [M]  drivers/hwtracing/coresight/coresight-cfg-preload.o
  CC [M]  drivers/hwtracing/coresight/coresight-cfg-afdo.o
  CC [M]  drivers/bluetooth/btnxpuart.o
  CC [M]  drivers/media/rc/keymaps/rc-trekstor.o
  CC [M]  drivers/media/platform/qcom/venus/venc.o
  CC [M]  drivers/iio/imu/st_lsm6dsx/st_lsm6dsx_shub.o
  CC [M]  drivers/gpu/drm/arm/display/komeda/d71/d71_component.o
  CC [M]  drivers/media/platform/qcom/venus/venc_ctrls.o
  CC [M]  drivers/iio/magnetometer/st_magn_buffer.o
  CC [M]  drivers/iio/imu/st_lsm6dsx/st_lsm6dsx_i2c.o
  CC [M]  drivers/media/platform/qcom/iris/iris_vpu2.o
  CC [M]  drivers/media/platform/qcom/iris/iris_vpu3x.o
  CC [M]  drivers/crypto/caam/caampkc.o
  CC [M]  drivers/crypto/caam/pkc_desc.o
  CC [M]  drivers/crypto/caam/caamalg_desc.o
  CC [M]  drivers/crypto/caam/caamhash_desc.o
  CC [M]  drivers/bluetooth/btrsi.o
  CC [M]  drivers/net/ethernet/mellanox/mlx5/core/lag/debugfs.o
  CC [M]  drivers/gpu/drm/v3d/v3d_bo.o
  CC [M]  drivers/gpu/drm/scheduler/sched_fence.o
  CC [M]  drivers/gpu/drm/scheduler/sched_main.o
  CC [M]  drivers/gpu/drm/ttm/ttm_tt.o
  CC [M]  drivers/gpu/drm/ttm/ttm_bo.o
  CC [M]  drivers/gpu/drm/ttm/ttm_bo_util.o
  CC [M]  drivers/iio/magnetometer/st_magn_i2c.o
  CC [M]  drivers/media/platform/qcom/iris/iris_vpu4x.o
  CC [M]  drivers/iio/magnetometer/st_magn_spi.o
  CC [M]  drivers/media/rc/keymaps/rc-tt-1500.o
  CC [M]  sound/soc/codecs/wm8994.o
  CC [M]  sound/soc/codecs/wm8958-dsp2.o
  LD [M]  drivers/media/platform/mediatek/vcodec/decoder/mtk-vcodec-dec-hw.o
  CC [M]  drivers/hwtracing/coresight/coresight-cfg-pstop.o
  CC [M]  drivers/gpu/drm/ttm/ttm_bo_vm.o
  CC [M]  drivers/gpu/drm/ttm/ttm_module.o
  CC [M]  drivers/gpu/drm/v3d/v3d_drv.o
  CC [M]  drivers/gpu/drm/v3d/v3d_fence.o
  LD [M]  drivers/media/platform/qcom/venus/venus-core.o
  CC [M]  drivers/media/platform/renesas/vsp1/vsp1_rwpf.o
  CC [M]  drivers/media/rc/keymaps/rc-twinhan1027.o
  CC [M]  drivers/media/platform/qcom/iris/iris_vpu_buffer.o
  CC [M]  drivers/media/platform/qcom/iris/iris_vpu_common.o
  CC [M]  drivers/gpu/drm/scheduler/sched_entity.o
  CC [M]  drivers/gpu/drm/ttm/ttm_execbuf_util.o
  CC [M]  drivers/gpu/drm/ttm/ttm_range_manager.o
  CC [M]  drivers/gpu/drm/bridge/analogix/anx7625.o
  CC [M]  drivers/gpu/drm/bridge/cadence/cdns-dsi-core.o
  CC [M]  drivers/iio/imu/st_lsm6dsx/st_lsm6dsx_spi.o
  CC [M]  drivers/gpu/drm/bridge/cadence/cdns-dsi-j721e.o
  CC [M]  drivers/gpu/drm/bridge/cadence/cdns-mhdp8546-core.o
  LD [M]  drivers/media/platform/qcom/venus/venus-dec.o
  LD [M]  drivers/net/ethernet/mellanox/mlx4/mlx4_en.o
  CC [M]  drivers/counter/ti-eqep.o
  CC [M]  drivers/gpu/drm/vc4/vc4_bo.o
  CC [M]  drivers/gpu/drm/exynos/exynos_drm_drv.o
  CC [M]  drivers/gpu/drm/nouveau/dispnv04/i2c/ch7006_drv.o
  LD [M]  drivers/gpu/drm/hisilicon/hibmc/hibmc-drm.o
  CC [M]  drivers/gpu/drm/nouveau/dispnv04/i2c/ch7006_mode.o
  CC [M]  drivers/media/platform/renesas/vsp1/vsp1_wpf.o
  CC [M]  drivers/gpu/drm/vc4/vc4_crtc.o
  CC [M]  drivers/gpu/drm/vc4/vc4_drv.o
  CC [M]  drivers/media/platform/verisilicon/hantro_h264.o
  CC [M]  drivers/gpu/drm/ttm/ttm_resource.o
  CC [M]  drivers/gpu/drm/bridge/cadence/cdns-mhdp8546-hdcp.o
  CC [M]  drivers/gpu/drm/bridge/analogix/analogix_dp_core.o
  CC [M]  drivers/gpu/drm/rockchip/rockchip_drm_drv.o
  CC [M]  drivers/gpu/drm/rockchip/rockchip_drm_fb.o
  CC [M]  drivers/gpu/drm/rockchip/rockchip_drm_gem.o
  CC [M]  drivers/gpu/drm/vc4/vc4_dpi.o
  CC [M]  drivers/gpu/drm/vc4/vc4_dsi.o
  CC [M]  drivers/gpu/drm/bridge/synopsys/dw-dp.o
  CC [M]  drivers/gpu/drm/bridge/imx/imx8mp-hdmi-tx.o
  CC [M]  drivers/gpu/drm/vc4/vc4_fence.o
  CC [M]  drivers/gpu/drm/sun4i/sun4i_drv.o
  CC [M]  drivers/gpu/drm/bridge/cadence/cdns-mhdp8546-j721e.o
  CC [M]  drivers/gpu/drm/exynos/exynos_drm_crtc.o
  CC [M]  drivers/gpu/drm/exynos/exynos_drm_fb.o
  CC [M]  drivers/gpu/drm/exynos/exynos_drm_gem.o
  CC [M]  drivers/media/platform/verisilicon/hantro_hevc.o
  CC [M]  drivers/gpu/drm/vc4/vc4_kms.o
  CC [M]  drivers/gpu/drm/vc4/vc4_gem.o
  CC [M]  drivers/gpu/drm/vc4/vc4_hdmi.o
  CC [M]  drivers/gpu/drm/bridge/analogix/analogix_dp_reg.o
  CC [M]  drivers/net/wireless/mediatek/mt76/mt7921/mcu.o
  CC [M]  drivers/gpu/drm/bridge/imx/imx8mp-hdmi-pai.o
  CC [M]  drivers/media/platform/verisilicon/hantro_mpeg2.o
  CC [M]  drivers/gpu/drm/bridge/imx/imx8mp-hdmi-pvi.o
  CC [M]  drivers/media/platform/renesas/vsp1/vsp1_clu.o
  CC [M]  drivers/media/platform/renesas/vsp1/vsp1_hsit.o
  LD [M]  drivers/gpu/drm/arm/display/komeda/komeda.o
  CC [M]  drivers/media/platform/renesas/vsp1/vsp1_lut.o
  CC [M]  drivers/media/platform/renesas/vsp1/vsp1_brx.o
  CC [M]  drivers/media/platform/renesas/vsp1/vsp1_sru.o
  CC [M]  drivers/media/platform/verisilicon/hantro_vp9.o
  CC [M]  drivers/media/platform/verisilicon/hantro_vp8.o
  CC [M]  drivers/media/platform/verisilicon/imx8m_vpu_hw.o
  LD [M]  drivers/iio/magnetometer/st_magn.o
  CC [M]  drivers/net/wireless/intel/iwlwifi/mvm/scan.o
  CC [M]  drivers/hwtracing/coresight/coresight-syscfg-configfs.o
  LD [M]  drivers/counter/counter.o
  CC [M]  drivers/net/wireless/intel/iwlwifi/mvm/time-event.o
  CC [M]  drivers/gpu/drm/bridge/analogix/analogix-i2c-dptx.o
  CC [M]  drivers/net/wireless/intel/iwlwifi/mvm/rs.o
  CC [M]  drivers/media/rc/keymaps/rc-twinhan-dtv-cab-ci.o
  CC [M]  drivers/media/rc/keymaps/rc-vega-s9x.o
  CC [M]  drivers/net/wireless/intel/iwlwifi/mvm/rs-fw.o
  LD [M]  drivers/gpu/drm/xlnx/zynqmp-dpsub.o
  CC [M]  drivers/iio/pressure/cros_ec_baro.o
  CC [M]  drivers/iio/pressure/mpl3115.o
  LD [M]  drivers/net/wireless/intel/iwlwifi/dvm/iwldvm.o
  CC [M]  drivers/gpu/drm/nouveau/dispnv04/i2c/sil164_drv.o
  CC [M]  drivers/gpu/drm/bridge/adv7511/adv7511_drv.o
  CC [M]  drivers/gpu/drm/bridge/adv7511/adv7533.o
  CC [M]  drivers/media/platform/renesas/vsp1/vsp1_uds.o
  LD [M]  drivers/iio/imu/st_lsm6dsx/st_lsm6dsx.o
  CC [M]  drivers/media/platform/renesas/vsp1/vsp1_hgo.o
  LD [M]  drivers/net/wireless/mediatek/mt76/mt792x-lib.o
  CC [M]  drivers/gpu/drm/exynos/exynos_drm_plane.o
  CC [M]  drivers/net/wireless/intel/iwlwifi/mvm/power.o
  CC [M]  drivers/gpu/drm/bridge/adv7511/adv7511_audio.o
  CC [M]  drivers/hwtracing/coresight/coresight-trace-id.o
  CC [M]  drivers/gpu/drm/bridge/adv7511/adv7511_cec.o
  CC [M]  drivers/media/platform/verisilicon/rockchip_vpu2_hw_jpeg_enc.o
  CC [M]  drivers/media/platform/verisilicon/rockchip_vpu2_hw_h264_dec.o
  CC [M]  drivers/media/platform/renesas/vsp1/vsp1_hgt.o
  LD [M]  drivers/media/platform/qcom/venus/venus-enc.o
  CC [M]  drivers/crypto/caam/caamalg_qi2.o
  CC [M]  drivers/net/wireless/mediatek/mt76/mt7921/main.o
  LD [M]  drivers/bluetooth/hci_uart.o
  LD [M]  drivers/bluetooth/btmrvl.o
  LD [M]  drivers/media/platform/qcom/iris/qcom-iris.o
  CC [M]  drivers/gpu/drm/v3d/v3d_gem.o
  CC [M]  drivers/net/wireless/mediatek/mt76/mt7921/init.o
  CC [M]  drivers/net/ethernet/mellanox/mlx5/core/lag/lag.o
  CC [M]  drivers/net/wireless/mediatek/mt76/mt7921/debugfs.o
  CC [M]  drivers/media/platform/verisilicon/rockchip_vpu2_hw_mpeg2_dec.o
  CC [M]  drivers/media/platform/renesas/vsp1/vsp1_iif.o
  CC [M]  drivers/media/platform/renesas/vsp1/vsp1_histo.o
  CC [M]  drivers/media/platform/renesas/vsp1/vsp1_lif.o
  CC [M]  drivers/media/platform/verisilicon/rockchip_vpu2_hw_vp8_dec.o
  CC [M]  sound/soc/codecs/wm_hubs.o
  CC [M]  drivers/media/platform/renesas/vsp1/vsp1_uif.o
  LD [M]  drivers/gpu/drm/scheduler/gpu-sched.o
  CC [M]  drivers/gpu/drm/bridge/synopsys/dw-hdmi.o
  CC [M]  drivers/gpu/drm/bridge/synopsys/dw-hdmi-ahb-audio.o
  CC [M]  drivers/media/platform/verisilicon/rockchip_vpu981_hw_av1_dec.o
  CC [M]  drivers/media/platform/verisilicon/rockchip_av1_filmgrain.o
  CC [M]  drivers/media/rc/keymaps/rc-videomate-m1f.o
  CC [M]  drivers/media/platform/renesas/vsp1/vsp1_vspx.o
  CC [M]  drivers/net/wireless/intel/iwlwifi/mvm/coex.o
  CC [M]  drivers/net/wireless/intel/iwlwifi/mvm/tt.o
  CC [M]  drivers/media/platform/verisilicon/rockchip_av1_entropymode.o
  CC [M]  drivers/net/wireless/intel/iwlwifi/mvm/offloading.o
  CC [M]  drivers/media/platform/verisilicon/rockchip_vpu_hw.o
  CC [M]  drivers/iio/trigger/stm32-timer-trigger.o
  CC [M]  drivers/media/platform/verisilicon/sunxi_vpu_hw.o
  CC [M]  drivers/media/rc/keymaps/rc-videomate-s350.o
  CC [M]  drivers/media/platform/verisilicon/stm32mp25_vpu_hw.o
  CC [M]  drivers/hwtracing/coresight/coresight-tmc-core.o
  CC [M]  drivers/net/ethernet/mellanox/mlx5/core/dev.o
  CC [M]  drivers/net/ethernet/mellanox/mlx5/core/events.o
  CC [M]  drivers/net/ethernet/mellanox/mlx5/core/wq.o
  CC [M]  drivers/net/ethernet/mellanox/mlx5/core/lib/gid.o
  CC [M]  drivers/net/ethernet/mellanox/mlx5/core/lib/devcom.o
  CC [M]  drivers/crypto/caam/dpseci.o
  CC [M]  drivers/net/ethernet/stmicro/stmmac/stmmac_main.o
  CC [M]  drivers/hwtracing/coresight/coresight-tmc-etf.o
  CC [M]  drivers/hwtracing/coresight/coresight-tmc-etr.o
  CC [M]  drivers/gpu/drm/bridge/synopsys/dw-hdmi-i2s-audio.o
  CC [M]  drivers/hwtracing/coresight/coresight-tpiu.o
  CC [M]  drivers/hwtracing/coresight/coresight-etb10.o
  LD [M]  drivers/gpu/drm/bridge/tda998x.o
  CC [M]  drivers/gpu/drm/vc4/vc4_hdmi_phy.o
  CC [M]  sound/soc/codecs/wsa881x.o
  CC [M]  drivers/gpu/drm/exynos/exynos_drm_dma.o
  CC [M]  drivers/gpu/drm/exynos/exynos_drm_fbdev.o
  CC [M]  drivers/net/ethernet/ti/icssg/icssg_prueth.o
  CC [M]  drivers/hwtracing/coresight/coresight-funnel.o
  CC [M]  drivers/gpu/drm/sun4i/sun4i_framebuffer.o
  CC [M]  drivers/net/ethernet/mellanox/mlx5/core/lib/pci_vsc.o
  CC [M]  drivers/hwtracing/coresight/coresight-replicator.o
  CC [M]  drivers/gpu/drm/nouveau/nvif/client.o
  CC [M]  drivers/gpu/drm/nouveau/nvif/object.o
  CC [M]  drivers/net/ethernet/mellanox/mlx5/core/lib/dm.o
  CC [M]  drivers/net/ethernet/mellanox/mlx5/core/lib/fs_ttc.o
  CC [M]  drivers/net/ethernet/mellanox/mlx5/core/diag/fs_tracepoint.o
  CC [M]  drivers/gpu/drm/nouveau/nvif/conn.o
  CC [M]  drivers/gpu/drm/nouveau/nvif/device.o
  CC [M]  drivers/gpu/drm/bridge/synopsys/dw-hdmi-cec.o
  CC [M]  drivers/gpu/drm/bridge/synopsys/dw-hdmi-qp.o
  CC [M]  drivers/gpu/drm/v3d/v3d_irq.o
  CC [M]  drivers/gpu/drm/bridge/synopsys/dw-mipi-dsi.o
  CC [M]  drivers/gpu/drm/ttm/ttm_pool.o
  CC [M]  drivers/gpu/drm/ttm/ttm_device.o
  CC [M]  drivers/net/wireless/mediatek/mt76/mt7921/pci.o
  CC [M]  drivers/net/wireless/mediatek/mt76/mt7921/pci_mac.o
  CC [M]  drivers/net/wireless/mediatek/mt76/mt7921/pci_mcu.o
  CC [M]  drivers/gpu/drm/vc4/vc4_vec.o
  CC [M]  drivers/net/ethernet/xilinx/xilinx_axienet_main.o
  CC [M]  drivers/gpu/drm/vc4/vc4_hvs.o
  CC [M]  drivers/net/ethernet/ti/icssg/icssg_switchdev.o
  CC [M]  drivers/net/ethernet/xilinx/xilinx_axienet_mdio.o
  LD [M]  drivers/media/platform/renesas/vsp1/vsp1.o
  CC [M]  drivers/gpu/drm/vc4/vc4_irq.o
  CC [M]  drivers/net/wireless/intel/iwlwifi/mvm/tdls.o
  CC [M]  drivers/gpu/drm/vc4/vc4_perfmon.o
  CC [M]  drivers/net/ethernet/ti/icssg/icssg_common.o
  CC [M]  drivers/net/ethernet/stmicro/stmmac/stmmac_ethtool.o
  CC [M]  drivers/net/ethernet/stmicro/stmmac/stmmac_mdio.o
  CC [M]  drivers/net/ethernet/stmicro/stmmac/ring_mode.o
  CC [M]  drivers/gpu/drm/msm/msm_debugfs.o
  CC [M]  drivers/media/rc/keymaps/rc-videomate-tv-pvr.o
  CC [M]  drivers/net/wireless/intel/iwlwifi/mvm/ftm-responder.o
  CC [M]  drivers/net/ethernet/ti/icssg/icssg_classifier.o
  CC [M]  drivers/net/wireless/intel/iwlwifi/mvm/ftm-initiator.o
  CC [M]  drivers/net/ethernet/ti/icssg/icssg_queues.o
  CC [M]  drivers/gpu/drm/vc4/vc4_plane.o
  CC [M]  drivers/hwtracing/coresight/coresight-stm.o
  CC [M]  drivers/net/ethernet/mellanox/mlx5/core/diag/fw_tracer.o
  CC [M]  drivers/gpu/drm/nouveau/nvif/disp.o
  CC [M]  drivers/net/ethernet/stmicro/stmmac/chain_mode.o
  CC [M]  drivers/net/ethernet/stmicro/stmmac/dwmac_lib.o
  CC [M]  drivers/net/ethernet/stmicro/stmmac/dwmac1000_core.o
  CC [M]  drivers/gpu/drm/sun4i/sun4i_crtc.o
  CC [M]  drivers/net/wireless/intel/iwlwifi/mvm/rfi.o
  CC [M]  drivers/gpu/drm/sun4i/sun4i_tcon_dclk.o
  CC [M]  drivers/gpu/drm/sun4i/sun4i_lvds.o
  LD [M]  drivers/gpu/drm/bridge/cadence/cdns-dsi.o
  CC [M]  drivers/net/ethernet/stmicro/stmmac/dwmac1000_dma.o
  CC [M]  drivers/net/ethernet/stmicro/stmmac/dwmac100_core.o
  CC [M]  drivers/gpu/drm/ttm/ttm_sys_manager.o
  CC [M]  drivers/net/ethernet/mellanox/mlx5/core/diag/crdump.o
  CC [M]  drivers/net/wireless/intel/iwlwifi/mvm/mld-key.o
  CC [M]  drivers/gpu/drm/ttm/ttm_backup.o
  CC [M]  drivers/hwtracing/coresight/coresight-cpu-debug.o
  CC [M]  drivers/hwtracing/coresight/coresight-catu.o
  CC [M]  drivers/gpu/drm/msm/msm_drv.o
  CC [M]  drivers/gpu/drm/msm/msm_fence.o
  CC [M]  drivers/gpu/drm/msm/msm_gem.o
  LD [M]  drivers/net/wireless/mediatek/mt76/mt7921/mt7921-common.o
  CC [M]  drivers/gpu/drm/rockchip/rockchip_drm_vop2.o
  CC [M]  drivers/net/wireless/intel/iwlwifi/mvm/mld-mac.o
  CC [M]  drivers/gpu/drm/rockchip/rockchip_vop2_reg.o
  CC [M]  drivers/net/ethernet/ti/icssg/icssg_config.o
  CC [M]  drivers/net/ethernet/ti/icssg/icssg_mii_cfg.o
  CC [M]  drivers/net/ethernet/mellanox/mlx5/core/devlink.o
  CC [M]  drivers/net/ethernet/mellanox/mlx5/core/sh_devlink.o
  CC [M]  drivers/gpu/drm/msm/msm_gem_shrinker.o
  CC [M]  drivers/gpu/drm/msm/msm_gem_prime.o
  CC [M]  drivers/net/ethernet/ti/icssg/icssg_stats.o
  CC [M]  drivers/net/ethernet/ti/icssg/icssg_ethtool.o
  CC [M]  drivers/gpu/drm/rockchip/rockchip_drm_vop.o
  CC [M]  drivers/gpu/drm/sun4i/sun4i_tcon.o
  CC [M]  drivers/gpu/drm/msm/msm_gem_submit.o
  CC [M]  drivers/gpu/drm/msm/msm_gem_vma.o
  CC [M]  drivers/gpu/drm/vc4/vc4_render_cl.o
  CC [M]  drivers/gpu/drm/vc4/vc4_trace_points.o
  CC [M]  drivers/gpu/drm/v3d/v3d_mmu.o
  CC [M]  drivers/crypto/caam/dpseci-debugfs.o
  LD [M]  drivers/gpu/drm/bridge/adv7511/adv7511.o
  CC [M]  drivers/net/ethernet/mellanox/mlx5/core/diag/rsc_dump.o
  CC [M]  drivers/net/ethernet/mellanox/mlx5/core/diag/reporter_vnic.o
  LD [M]  drivers/gpu/drm/bridge/analogix/analogix_dp.o
  CC [M]  drivers/net/ethernet/mellanox/mlx5/core/fw_reset.o
  CC [M]  drivers/net/ethernet/mellanox/mlx5/core/qos.o
  CC [M]  drivers/net/ethernet/mellanox/mlx5/core/lib/tout.o
  CC [M]  drivers/media/rc/keymaps/rc-videostrong-kii-pro.o
  CC [M]  drivers/media/rc/keymaps/rc-wetek-hub.o
  CC [M]  sound/soc/codecs/wsa883x.o
  CC [M]  drivers/hwtracing/coresight/coresight-cti-core.o
  CC [M]  drivers/hwtracing/coresight/coresight-cti-platform.o
  CC [M]  drivers/net/wireless/intel/iwlwifi/mvm/link.o
  CC [M]  drivers/net/ethernet/stmicro/stmmac/dwmac100_dma.o
  CC [M]  drivers/net/ethernet/stmicro/stmmac/enh_desc.o
  CC [M]  drivers/gpu/drm/nouveau/nvif/driver.o
  CC [M]  drivers/gpu/drm/exynos/exynos5433_drm_decon.o
  CC [M]  drivers/gpu/drm/exynos/exynos7_drm_decon.o
  CC [M]  drivers/gpu/drm/exynos/exynos_drm_dsi.o
  LD [M]  drivers/gpu/drm/bridge/cadence/cdns-mhdp8546.o
  CC [M]  drivers/hwtracing/coresight/coresight-cti-sysfs.o
  CC [M]  drivers/gpu/drm/sun4i/sun4i_rgb.o
  CC [M]  drivers/gpu/drm/sun4i/sun4i_tv.o
  CC [M]  drivers/gpu/drm/msm/msm_gpu.o
  CC [M]  drivers/gpu/drm/msm/msm_gpu_devfreq.o
  CC [M]  drivers/net/ethernet/mellanox/mlx5/core/lib/aso.o
  CC [M]  drivers/net/ethernet/mellanox/mlx5/core/wc.o
  CC [M]  drivers/net/ethernet/mellanox/mlx5/core/fs_pool.o
  CC [M]  drivers/gpu/drm/sun4i/sun6i_drc.o
  CC [M]  drivers/gpu/drm/v3d/v3d_perfmon.o
  CC [M]  drivers/net/wireless/intel/iwlwifi/mvm/mld-sta.o
  CC [M]  drivers/gpu/drm/exynos/exynos_hdmi.o
  CC [M]  drivers/gpu/drm/sun4i/sun6i_mipi_dsi.o
  CC [M]  drivers/net/wireless/intel/iwlwifi/mvm/mld-mac80211.o
  LD [M]  drivers/net/wireless/mediatek/mt76/mt7921/mt7921e.o
  CC [M]  drivers/gpu/drm/exynos/exynos_drm_mic.o
  CC [M]  drivers/gpu/drm/rockchip/rockchip_vop_reg.o
  CC [M]  drivers/gpu/drm/rockchip/analogix_dp-rockchip.o
  CC [M]  drivers/gpu/drm/sun4i/sun8i_dw_hdmi.o
  CC [M]  drivers/gpu/drm/sun4i/sun8i_hdmi_phy.o
  CC [M]  drivers/net/ethernet/mellanox/mlx5/core/lib/nv_param.o
  CC [M]  drivers/gpu/drm/nouveau/nvif/event.o
  CC [M]  drivers/gpu/drm/msm/msm_io_utils.o
  CC [M]  drivers/net/ethernet/mellanox/mlx5/core/en/rqt.o
  CC [M]  drivers/net/ethernet/mellanox/mlx5/core/en/tir.o
  CC [M]  drivers/net/ethernet/mellanox/mlx5/core/en/rss.o
  CC [M]  drivers/gpu/drm/nouveau/nvif/fifo.o
  CC [M]  drivers/gpu/drm/v3d/v3d_trace_points.o
  CC [M]  drivers/gpu/drm/v3d/v3d_sched.o
  CC [M]  drivers/gpu/drm/v3d/v3d_sysfs.o
  CC [M]  drivers/gpu/drm/v3d/v3d_submit.o
  CC [M]  drivers/gpu/drm/sun4i/sun8i_hdmi_phy_clk.o
  CC [M]  drivers/net/ethernet/mellanox/mlx5/core/en/rx_res.o
  LD [M]  drivers/media/platform/verisilicon/hantro-vpu.o
  CC [M]  drivers/net/wireless/intel/iwlwifi/mvm/ptp.o
  CC [M]  drivers/net/wireless/intel/iwlwifi/mvm/time-sync.o
  CC [M]  drivers/net/ethernet/stmicro/stmmac/norm_desc.o
  CC [M]  drivers/gpu/drm/nouveau/nvif/head.o
  CC [M]  drivers/gpu/drm/nouveau/nvif/mem.o
  CC [M]  drivers/net/ethernet/stmicro/stmmac/mmc_core.o
  CC [M]  drivers/net/ethernet/stmicro/stmmac/stmmac_hwtstamp.o
  CC [M]  drivers/media/rc/keymaps/rc-wetek-play2.o
  CC [M]  drivers/media/rc/keymaps/rc-winfast.o
  LD [M]  drivers/hwtracing/coresight/coresight.o
  LD [M]  drivers/hwtracing/coresight/coresight-tmc.o
  CC [M]  drivers/net/wireless/intel/iwlwifi/mvm/led.o
  CC [M]  drivers/net/wireless/intel/iwlwifi/mvm/d3.o
  CC [M]  drivers/net/ethernet/ti/icssg/icss_iep.o
  CC [M]  drivers/net/ethernet/stmicro/stmmac/stmmac_ptp.o
  CC [M]  drivers/gpu/drm/v3d/v3d_debugfs.o
  CC [M]  drivers/gpu/drm/rockchip/cdn-dp-core.o
  CC [M]  drivers/gpu/drm/nouveau/nvif/mmu.o
  CC [M]  drivers/net/ethernet/stmicro/stmmac/dwmac4_descs.o
  CC [M]  drivers/gpu/drm/msm/msm_iommu.o
  CC [M]  drivers/net/ethernet/mellanox/mlx5/core/en/channels.o
  CC [M]  drivers/gpu/drm/rockchip/cdn-dp-reg.o
  CC [M]  drivers/gpu/drm/nouveau/nvif/outp.o
  LD [M]  drivers/net/ethernet/ti/icssg-prueth.o
  CC [M]  drivers/gpu/drm/nouveau/nvif/timer.o
  LD [M]  drivers/net/ethernet/xilinx/xilinx_emac.o
  CC [M]  drivers/net/ethernet/mellanox/mlx5/core/en_main.o
  CC [M]  sound/soc/codecs/wsa884x.o
  CC [M]  drivers/net/ethernet/mellanox/mlx5/core/en_common.o
  CC [M]  drivers/net/ethernet/mellanox/mlx5/core/en_fs.o
  CC [M]  drivers/net/ethernet/mellanox/mlx5/core/en_ethtool.o
  CC [M]  drivers/net/ethernet/mellanox/mlx5/core/en_tx.o
  CC [M]  drivers/net/ethernet/mellanox/mlx5/core/en_rx.o
  CC [M]  drivers/gpu/drm/vc4/vc4_txp.o
  CC [M]  drivers/net/ethernet/stmicro/stmmac/dwmac4_dma.o
  CC [M]  drivers/gpu/drm/vc4/vc4_v3d.o
  CC [M]  drivers/gpu/drm/tegra/drm.o
  CC [M]  drivers/net/ethernet/mellanox/mlx5/core/en_dim.o
  CC [M]  drivers/gpu/drm/vc4/vc4_validate.o
  LD [M]  drivers/gpu/drm/ttm/ttm.o
  LD [M]  drivers/net/ethernet/ti/icssg.o
  CC [M]  drivers/net/ethernet/stmicro/stmmac/dwmac4_lib.o
  LD [M]  drivers/hwtracing/coresight/coresight-cti.o
  CC [M]  drivers/gpu/drm/tegra/uapi.o
  CC [M]  drivers/net/ethernet/mellanox/mlx5/core/en_txrx.o
  CC [M]  drivers/gpu/drm/tegra/submit.o
  CC [M]  drivers/net/ethernet/mellanox/mlx5/core/en/xdp.o
  CC [M]  drivers/gpu/drm/stm/lvds.o
  CC [M]  drivers/net/ethernet/mellanox/mlx5/core/en_stats.o
  CC [M]  drivers/net/ethernet/mellanox/mlx5/core/en_selftest.o
  CC [M]  drivers/net/ethernet/mellanox/mlx5/core/en/port.o
  CC [M]  drivers/net/ethernet/stmicro/stmmac/dwmac4_core.o
  CC [M]  drivers/net/ethernet/mellanox/mlx5/core/en/monitor_stats.o
  CC [M]  drivers/net/ethernet/mellanox/mlx5/core/en/health.o
  CC [M]  drivers/gpu/drm/mediatek/mtk_crtc.o
  CC [M]  drivers/gpu/drm/mediatek/mtk_ddp_comp.o
  CC [M]  drivers/gpu/drm/mediatek/mtk_disp_aal.o
  CC [M]  drivers/net/ethernet/mellanox/mlx5/core/en/reporter_tx.o
  CC [M]  drivers/gpu/drm/vc4/vc4_validate_shaders.o
  CC [M]  drivers/gpu/drm/vc4/vc4_debugfs.o
  CC [M]  drivers/net/ethernet/stmicro/stmmac/dwmac5.o
  CC [M]  drivers/gpu/drm/stm/drv.o
  CC [M]  drivers/net/ethernet/stmicro/stmmac/hwif.o
  CC [M]  drivers/gpu/drm/rockchip/dw_hdmi-rockchip.o
  CC [M]  drivers/net/ethernet/mellanox/mlx5/core/en/reporter_rx.o
  CC [M]  drivers/net/ethernet/mellanox/mlx5/core/en/params.o
  CC [M]  drivers/net/ethernet/mellanox/mlx5/core/en/xsk/pool.o
  CC [M]  drivers/net/ethernet/stmicro/stmmac/stmmac_tc.o
  CC [M]  drivers/net/ethernet/stmicro/stmmac/dwxgmac2_core.o
  CC [M]  drivers/net/ethernet/stmicro/stmmac/dwxgmac2_dma.o
  CC [M]  drivers/net/ethernet/mellanox/mlx5/core/en/xsk/setup.o
  CC [M]  drivers/gpu/drm/stm/ltdc.o
  CC [M]  drivers/net/ethernet/stmicro/stmmac/dwxgmac2_descs.o
  CC [M]  drivers/gpu/drm/msm/msm_perf.o
  CC [M]  drivers/net/ethernet/stmicro/stmmac/stmmac_xdp.o
  CC [M]  drivers/gpu/drm/sun4i/sun8i_mixer.o
  CC [M]  drivers/net/ethernet/stmicro/stmmac/stmmac_est.o
  CC [M]  drivers/net/ethernet/stmicro/stmmac/stmmac_fpe.o
  CC [M]  drivers/gpu/drm/sun4i/sun8i_ui_layer.o
  CC [M]  drivers/media/rc/keymaps/rc-winfast-usbii-deluxe.o
  CC [M]  drivers/gpu/drm/nouveau/nvif/vmm.o
  CC [M]  drivers/net/ethernet/mellanox/mlx5/core/en/xsk/rx.o
  CC [M]  drivers/net/ethernet/stmicro/stmmac/stmmac_vlan.o
  CC [M]  drivers/gpu/drm/sun4i/sun8i_vi_layer.o
  CC [M]  drivers/gpu/drm/meson/meson_drv.o
  CC [M]  drivers/gpu/drm/sun4i/sun8i_ui_scaler.o
  CC [M]  drivers/gpu/drm/rockchip/dw_hdmi_qp-rockchip.o
  CC [M]  drivers/gpu/drm/sun4i/sun8i_vi_scaler.o
  CC [M]  drivers/gpu/drm/nouveau/nvif/chan.o
  CC [M]  sound/soc/codecs/simple-amplifier.o
  CC [M]  drivers/net/ethernet/mellanox/mlx5/core/en/xsk/tx.o
  CC [M]  drivers/net/ethernet/stmicro/stmmac/stmmac_pcs.o
  CC [M]  drivers/gpu/drm/nouveau/nvif/chan506f.o
  CC [M]  drivers/net/ethernet/stmicro/stmmac/stmmac_platform.o
  CC [M]  drivers/net/ethernet/stmicro/stmmac/dwmac-ipq806x.o
  CC [M]  drivers/net/ethernet/stmicro/stmmac/dwmac-mediatek.o
  CC [M]  drivers/gpu/drm/tegra/firewall.o
  CC [M]  drivers/net/ethernet/mellanox/mlx5/core/en/devlink.o
  CC [M]  drivers/net/ethernet/mellanox/mlx5/core/en/ptp.o
  CC [M]  drivers/gpu/drm/mediatek/mtk_disp_ccorr.o
  CC [M]  drivers/net/ethernet/mellanox/mlx5/core/en/qos.o
  CC [M]  drivers/gpu/drm/nouveau/nvif/chan906f.o
  CC [M]  drivers/gpu/drm/nouveau/nvif/chanc36f.o
  CC [M]  drivers/gpu/drm/msm/msm_rd.o
  CC [M]  drivers/gpu/drm/msm/msm_ringbuffer.o
  CC [M]  drivers/net/ethernet/stmicro/stmmac/dwmac-meson.o
  CC [M]  drivers/gpu/drm/rockchip/dw-mipi-dsi-rockchip.o
  CC [M]  drivers/gpu/drm/sun4i/sun8i_csc.o
  CC [M]  drivers/gpu/drm/mediatek/mtk_disp_color.o
  CC [M]  drivers/gpu/drm/mediatek/mtk_disp_gamma.o
  CC [M]  drivers/net/ethernet/stmicro/stmmac/dwmac-meson8b.o
  CC [M]  sound/soc/codecs/lpass-macro-common.o
  LD [M]  drivers/crypto/caam/caam.o
  LD [M]  drivers/crypto/caam/caam_jr.o
  CC [M]  drivers/gpu/drm/mediatek/mtk_disp_merge.o
  LD [M]  drivers/crypto/caam/dpaa2_caam.o
  CC [M]  drivers/gpu/drm/sun4i/sun8i_tcon_top.o
  CC [M]  drivers/media/rc/keymaps/rc-x96max.o
  CC [M]  sound/soc/codecs/lpass-wsa-macro.o
  CC [M]  drivers/net/ethernet/stmicro/stmmac/dwmac-nuvoton.o
  CC [M]  drivers/gpu/drm/rockchip/dw_dp-rockchip.o
  CC [M]  drivers/gpu/drm/rockchip/inno_hdmi-rockchip.o
  CC [M]  drivers/gpu/drm/rockchip/rockchip_lvds.o
  CC [M]  drivers/net/ethernet/mellanox/mlx5/core/en/htb.o
  CC [M]  drivers/gpu/drm/msm/msm_submitqueue.o
  CC [M]  drivers/net/ethernet/mellanox/mlx5/core/en/trap.o
  CC [M]  drivers/net/ethernet/mellanox/mlx5/core/en/fs_tt_redirect.o
  CC [M]  drivers/gpu/drm/msm/msm_syncobj.o
  CC [M]  drivers/gpu/drm/msm/msm_gpu_tracepoints.o
  CC [M]  drivers/net/ethernet/stmicro/stmmac/dwmac-qcom-ethqos.o
  CC [M]  drivers/gpu/drm/tegra/gem.o
  CC [M]  drivers/gpu/drm/nouveau/nvif/user.o
  CC [M]  drivers/gpu/drm/msm/msm_atomic.o
  CC [M]  sound/soc/codecs/lpass-va-macro.o
  CC [M]  drivers/net/ethernet/stmicro/stmmac/dwmac-renesas-gbeth.o
  CC [M]  drivers/net/ethernet/mellanox/mlx5/core/en/selq.o
  CC [M]  drivers/gpu/drm/msm/msm_atomic_tracepoints.o
  CC [M]  drivers/net/ethernet/mellanox/mlx5/core/lib/crypto.o
  CC [M]  drivers/net/ethernet/mellanox/mlx5/core/lib/sd.o
  CC [M]  drivers/net/ethernet/stmicro/stmmac/dwmac-rk.o
  CC [M]  drivers/net/ethernet/stmicro/stmmac/dwmac-s32.o
  CC [M]  drivers/net/ethernet/stmicro/stmmac/dwmac-socfpga.o
  CC [M]  drivers/net/ethernet/stmicro/stmmac/dwmac-sophgo.o
  CC [M]  drivers/gpu/drm/etnaviv/etnaviv_buffer.o
  CC [M]  drivers/net/ethernet/mellanox/mlx5/core/en/pcie_cong_event.o
  CC [M]  drivers/net/ethernet/mellanox/mlx5/core/en_arfs.o
  CC [M]  drivers/gpu/drm/msm/msm_fb.o
  CC [M]  drivers/net/ethernet/stmicro/stmmac/dwmac-stm32.o
  CC [M]  drivers/gpu/drm/nouveau/nvif/userc361.o
  CC [M]  drivers/net/ethernet/mellanox/mlx5/core/en_fs_ethtool.o
  CC [M]  drivers/net/ethernet/mellanox/mlx5/core/lag/mp.o
  LD [M]  drivers/net/wireless/intel/iwlwifi/mvm/iwlmvm.o
  CC [M]  drivers/gpu/drm/msm/msm_kms.o
  CC [M]  drivers/net/ethernet/mellanox/mlx5/core/lag/port_sel.o
  LD [M]  drivers/gpu/drm/stm/stm-drm.o
  CC [M]  drivers/net/ethernet/mellanox/mlx5/core/lib/geneve.o
  CC [M]  drivers/net/ethernet/stmicro/stmmac/dwmac-sunxi.o
  CC [M]  drivers/net/ethernet/mellanox/mlx5/core/lib/port_tun.o
  CC [M]  drivers/net/ethernet/stmicro/stmmac/dwmac-sun8i.o
  CC [M]  drivers/net/ethernet/stmicro/stmmac/dwmac-sun55i.o
  CC [M]  drivers/gpu/drm/msm/msm_fbdev.o
  CC [M]  drivers/gpu/drm/mediatek/mtk_disp_ovl_adaptor.o
  CC [M]  drivers/gpu/drm/mediatek/mtk_disp_ovl.o
  CC [M]  drivers/gpu/drm/nouveau/nvkm/core/client.o
  CC [M]  drivers/gpu/drm/mediatek/mtk_drm_drv.o
  CC [M]  drivers/gpu/drm/mediatek/mtk_disp_rdma.o
  CC [M]  drivers/gpu/drm/nouveau/nvkm/core/engine.o
  CC [M]  drivers/gpu/drm/nouveau/nvkm/core/enum.o
  LD [M]  drivers/gpu/drm/v3d/v3d.o
  CC [M]  drivers/net/ethernet/mellanox/mlx5/core/en_rep.o
  CC [M]  drivers/gpu/drm/etnaviv/etnaviv_cmd_parser.o
  CC [M]  drivers/net/ethernet/mellanox/mlx5/core/en/rep/bond.o
  LD [M]  drivers/gpu/drm/vc4/vc4.o
  CC [M]  drivers/gpu/drm/nouveau/nvkm/core/firmware.o
  CC [M]  drivers/gpu/drm/nouveau/nvkm/core/event.o
  CC [M]  drivers/net/ethernet/stmicro/stmmac/dwmac-generic.o
  CC [M]  drivers/gpu/drm/tegra/fb.o
  CC [M]  drivers/net/ethernet/mellanox/mlx5/core/en/mod_hdr.o
  CC [M]  sound/soc/codecs/lpass-rx-macro.o
  CC [M]  drivers/gpu/drm/nouveau/nvkm/core/gpuobj.o
  CC [M]  drivers/gpu/drm/tegra/dp.o
  CC [M]  drivers/gpu/drm/pl111/pl111_display.o
  CC [M]  drivers/gpu/drm/pl111/pl111_versatile.o
  CC [M]  drivers/gpu/drm/pl111/pl111_drv.o
  CC [M]  drivers/gpu/drm/pl111/pl111_debugfs.o
  CC [M]  drivers/gpu/drm/nouveau/nvkm/core/intr.o
  CC [M]  drivers/gpu/drm/mediatek/mtk_dsi.o
  CC [M]  drivers/gpu/drm/mediatek/mtk_dpi.o
  CC [M]  drivers/gpu/drm/tegra/hub.o
  CC [M]  drivers/gpu/drm/mediatek/mtk_ethdr.o
  LD [M]  drivers/gpu/drm/sun4i/sun4i-drm.o
  CC [M]  drivers/net/ethernet/stmicro/stmmac/dwmac-imx.o
  CC [M]  drivers/net/ethernet/stmicro/stmmac/dwmac-tegra.o
  CC [M]  drivers/media/rc/keymaps/rc-xbox-360.o
  CC [M]  drivers/media/rc/keymaps/rc-xbox-dvd.o
  CC [M]  drivers/net/ethernet/mellanox/mlx5/core/en/mapping.o
  LD [M]  drivers/gpu/drm/sun4i/sun4i-tcon.o
  CC [M]  drivers/net/ethernet/mellanox/mlx5/core/lag/mpesw.o
  CC [M]  drivers/net/ethernet/mellanox/mlx5/core/eswitch.o
  CC [M]  drivers/gpu/drm/etnaviv/etnaviv_cmdbuf.o
  CC [M]  drivers/gpu/drm/etnaviv/etnaviv_drv.o
  CC [M]  drivers/net/ethernet/mellanox/mlx5/core/eswitch_offloads.o
  CC [M]  drivers/gpu/drm/etnaviv/etnaviv_gem_prime.o
  CC [M]  drivers/gpu/drm/etnaviv/etnaviv_dump.o
  LD [M]  drivers/gpu/drm/exynos/exynosdrm.o
  CC [M]  drivers/net/ethernet/mellanox/mlx5/core/eswitch_offloads_termtbl.o
  CC [M]  drivers/net/ethernet/mellanox/mlx5/core/ecpf.o
  CC [M]  drivers/net/ethernet/mellanox/mlx5/core/rdma.o
  LD [M]  drivers/gpu/drm/sun4i/sun8i-drm-hdmi.o
  CC [M]  drivers/net/ethernet/stmicro/stmmac/dwmac-visconti.o
  CC [M]  drivers/gpu/drm/meson/meson_plane.o
  CC [M]  sound/soc/codecs/lpass-tx-macro.o
  LD [M]  drivers/gpu/drm/sun4i/sun8i-mixer.o
  CC [M]  drivers/net/ethernet/mellanox/mlx5/core/esw/legacy.o
  CC [M]  drivers/net/ethernet/mellanox/mlx5/core/esw/adj_vport.o
  CC [M]  drivers/gpu/drm/etnaviv/etnaviv_gem_submit.o
  CC [M]  drivers/gpu/drm/etnaviv/etnaviv_gem.o
  CC [M]  drivers/gpu/drm/lima/lima_drv.o
  CC [M]  drivers/gpu/drm/etnaviv/etnaviv_gpu.o
  CC [M]  drivers/gpu/drm/mediatek/mtk_mdp_rdma.o
  CC [M]  drivers/net/ethernet/mellanox/mlx5/core/esw/devlink_port.o
  CC [M]  drivers/net/ethernet/mellanox/mlx5/core/esw/vporttbl.o
  CC [M]  drivers/net/ethernet/mellanox/mlx5/core/esw/qos.o
  CC [M]  drivers/gpu/drm/panfrost/panfrost_drv.o
  CC [M]  drivers/net/ethernet/mellanox/mlx5/core/esw/ipsec.o
  CC [M]  drivers/net/ethernet/mellanox/mlx5/core/esw/acl/helper.o
  CC [M]  drivers/net/ethernet/mellanox/mlx5/core/esw/acl/egress_lgcy.o
  CC [M]  drivers/net/ethernet/mellanox/mlx5/core/esw/acl/egress_ofld.o
  CC [M]  drivers/gpu/drm/meson/meson_crtc.o
  CC [M]  drivers/net/ethernet/mellanox/mlx5/core/esw/acl/ingress_lgcy.o
  CC [M]  drivers/gpu/drm/panfrost/panfrost_device.o
  CC [M]  drivers/gpu/drm/meson/meson_encoder_cvbs.o
  CC [M]  drivers/gpu/drm/mediatek/mtk_padding.o
  GENHDR  drivers/gpu/drm/msm/generated/a2xx.xml.h
  CC [M]  drivers/gpu/drm/panthor/panthor_devfreq.o
  CC [M]  drivers/gpu/drm/panthor/panthor_device.o
  CC [M]  drivers/net/ethernet/mellanox/mlx5/core/esw/acl/ingress_ofld.o
  CC [M]  drivers/gpu/drm/panthor/panthor_drv.o
  GENHDR  drivers/gpu/drm/msm/generated/a3xx.xml.h
  CC [M]  drivers/net/ethernet/mellanox/mlx5/core/esw/bridge.o
  GENHDR  drivers/gpu/drm/msm/generated/a4xx.xml.h
  CC [M]  drivers/gpu/drm/panthor/panthor_fw.o
  CC [M]  drivers/net/ethernet/mellanox/mlx5/core/esw/bridge_mcast.o
  CC [M]  drivers/net/ethernet/mellanox/mlx5/core/esw/bridge_debugfs.o
  CC [M]  drivers/gpu/drm/nouveau/nvkm/core/ioctl.o
  CC [M]  drivers/net/ethernet/mellanox/mlx5/core/en/rep/bridge.o
  CC [M]  drivers/net/ethernet/mellanox/mlx5/core/hwmon.o
  CC [M]  drivers/net/ethernet/mellanox/mlx5/core/lib/mpfs.o
  CC [M]  drivers/net/ethernet/mellanox/mlx5/core/lib/clock.o
  CC [M]  drivers/gpu/drm/panfrost/panfrost_devfreq.o
  CC [M]  drivers/gpu/drm/lima/lima_device.o
  CC [M]  drivers/net/ethernet/mellanox/mlx5/core/steering/sws/dr_table.o
  CC [M]  drivers/net/ethernet/mellanox/mlx5/core/steering/sws/dr_domain.o
  CC [M]  drivers/net/ethernet/mellanox/mlx5/core/steering/sws/dr_matcher.o
  CC [M]  drivers/media/rc/keymaps/rc-zx-irdec.o
  CC [M]  drivers/gpu/drm/etnaviv/etnaviv_hwdb.o
  CC [M]  drivers/net/ethernet/mellanox/mlx5/core/steering/sws/dr_rule.o
  CC [M]  drivers/net/ethernet/mellanox/mlx5/core/steering/sws/dr_icm_pool.o
  CC [M]  drivers/net/ethernet/mellanox/mlx5/core/steering/sws/dr_buddy.o
  CC [M]  drivers/gpu/drm/meson/meson_viu.o
  CC [M]  drivers/gpu/drm/meson/meson_vpp.o
  CC [M]  drivers/gpu/drm/nouveau/nvkm/core/memory.o
  GENHDR  drivers/gpu/drm/msm/generated/a5xx.xml.h
  GENHDR  drivers/gpu/drm/msm/generated/a6xx.xml.h
  CC [M]  drivers/net/ethernet/mellanox/mlx5/core/steering/sws/dr_ste.o
  CC [M]  drivers/net/ethernet/mellanox/mlx5/core/steering/sws/dr_send.o
  CC [M]  drivers/net/ethernet/mellanox/mlx5/core/steering/sws/dr_ste_v0.o
  CC [M]  drivers/gpu/drm/meson/meson_venc.o
  GENHDR  drivers/gpu/drm/msm/generated/a6xx_descriptors.xml.h
  CC [M]  drivers/net/ethernet/mellanox/mlx5/core/steering/sws/dr_ste_v1.o
  CC [M]  drivers/gpu/drm/tegra/plane.o
  CC [M]  drivers/net/ethernet/mellanox/mlx5/core/steering/sws/dr_ste_v2.o
  CC [M]  drivers/net/ethernet/mellanox/mlx5/core/steering/sws/dr_ste_v3.o
  CC [M]  drivers/gpu/drm/tegra/dc.o
  CC [M]  drivers/gpu/drm/tegra/output.o
  CC [M]  drivers/gpu/drm/lima/lima_pmu.o
  CC [M]  drivers/gpu/drm/nouveau/nvkm/core/mm.o
  LD [M]  drivers/net/ethernet/stmicro/stmmac/stmmac.o
  CC [M]  drivers/gpu/drm/panthor/panthor_gem.o
  CC [M]  drivers/gpu/drm/etnaviv/etnaviv_iommu_v2.o
  CC [M]  sound/soc/codecs/simple-mux.o
  LD [M]  drivers/net/ethernet/stmicro/stmmac/stmmac-platform.o
  LD [M]  sound/soc/codecs/snd-soc-adau7002.o
  CC [M]  drivers/gpu/drm/etnaviv/etnaviv_iommu.o
  CC [M]  drivers/gpu/drm/lima/lima_l2_cache.o
  CC [M]  drivers/gpu/drm/etnaviv/etnaviv_mmu.o
  LD [M]  drivers/net/ethernet/stmicro/stmmac/dwmac-altr-socfpga.o
  CC [M]  drivers/gpu/drm/etnaviv/etnaviv_perfmon.o
  CC [M]  drivers/gpu/drm/etnaviv/etnaviv_flop_reset.o
  LD [M]  sound/soc/codecs/snd-soc-ak4613.o
  CC [M]  drivers/gpu/drm/lima/lima_mmu.o
  CC [M]  drivers/gpu/drm/etnaviv/etnaviv_sched.o
  LD [M]  sound/soc/codecs/snd-soc-ak4619.o
  CC [M]  drivers/gpu/drm/nouveau/nvkm/core/object.o
  CC [M]  drivers/gpu/drm/lima/lima_gp.o
  CC [M]  drivers/net/ethernet/mellanox/mlx5/core/steering/sws/dr_cmd.o
  CC [M]  drivers/gpu/drm/nouveau/nvkm/core/oproxy.o
  CC [M]  drivers/net/ethernet/mellanox/mlx5/core/steering/sws/dr_fw.o
  LD [M]  drivers/gpu/drm/rockchip/rockchipdrm.o
  CC [M]  drivers/net/ethernet/mellanox/mlx5/core/steering/sws/dr_action.o
  CC [M]  drivers/net/ethernet/mellanox/mlx5/core/steering/sws/dr_definer.o
  CC [M]  drivers/net/ethernet/mellanox/mlx5/core/steering/sws/dr_ptrn.o
  CC [M]  drivers/net/ethernet/mellanox/mlx5/core/steering/sws/dr_arg.o
  CC [M]  drivers/gpu/drm/meson/meson_vclk.o
  LD [M]  sound/soc/codecs/snd-soc-bt-sco.o
  CC [M]  drivers/net/ethernet/mellanox/mlx5/core/steering/sws/dr_dbg.o
  LD [M]  sound/soc/codecs/snd-soc-cros-ec-codec.o
  CC [M]  drivers/net/ethernet/mellanox/mlx5/core/steering/sws/fs_dr.o
  LD [M]  sound/soc/codecs/snd-soc-da7213.o
  CC [M]  drivers/gpu/drm/mediatek/mtk_plane.o
  LD [M]  drivers/gpu/drm/pl111/pl111_drm.o
  CC [M]  drivers/gpu/drm/lima/lima_pp.o
  CC [M]  drivers/net/ethernet/mellanox/mlx5/core/lib/smfs.o
  CC [M]  drivers/net/ethernet/mellanox/mlx5/core/steering/hws/cmd.o
  GENHDR  drivers/gpu/drm/msm/generated/a6xx_enums.xml.h
  CC [M]  drivers/gpu/drm/meson/meson_overlay.o
  CC [M]  drivers/gpu/drm/mediatek/mtk_hdmi_common.o
  GENHDR  drivers/gpu/drm/msm/generated/a6xx_perfcntrs.xml.h
  CC [M]  drivers/net/ethernet/mellanox/mlx5/core/steering/hws/context.o
  CC [M]  drivers/net/ethernet/mellanox/mlx5/core/steering/hws/pat_arg.o
  GENHDR  drivers/gpu/drm/msm/generated/a7xx_enums.xml.h
  CC [M]  drivers/net/ethernet/mellanox/mlx5/core/steering/hws/buddy.o
  GENHDR  drivers/gpu/drm/msm/generated/a7xx_perfcntrs.xml.h
  GENHDR  drivers/gpu/drm/msm/generated/a8xx_enums.xml.h
  CC [M]  drivers/gpu/drm/tidss/tidss_crtc.o
  CC [M]  drivers/gpu/drm/tidss/tidss_drv.o
  CC [M]  drivers/gpu/drm/meson/meson_rdma.o
  CC [M]  drivers/gpu/drm/meson/meson_osd_afbcd.o
  CC [M]  drivers/net/ethernet/mellanox/mlx5/core/steering/hws/pool.o
  GENHDR  drivers/gpu/drm/msm/generated/a6xx_gmu.xml.h
  LD [M]  sound/soc/codecs/snd-soc-da7219.o
  CC [M]  drivers/net/ethernet/mellanox/mlx5/core/steering/hws/table.o
  CC [M]  drivers/gpu/drm/panthor/panthor_gpu.o
  LD [M]  sound/soc/codecs/snd-soc-dmic.o
  GENHDR  drivers/gpu/drm/msm/generated/adreno_common.xml.h
  CC [M]  drivers/gpu/drm/tidss/tidss_encoder.o
  CC [M]  drivers/net/ethernet/mellanox/mlx5/core/steering/hws/action.o
  LD [M]  sound/soc/codecs/snd-soc-es7134.o
  GENHDR  drivers/gpu/drm/msm/generated/adreno_pm4.xml.h
  GENHDR  drivers/gpu/drm/msm/generated/dsi_phy_7nm.xml.h
  CC [M]  drivers/net/ethernet/mellanox/mlx5/core/steering/hws/rule.o
  GENHDR  drivers/gpu/drm/msm/generated/dsi_phy_10nm.xml.h
  CC [M]  drivers/net/ethernet/mellanox/mlx5/core/steering/hws/matcher.o
  CC [M]  drivers/gpu/drm/lima/lima_gem.o
  GENHDR  drivers/gpu/drm/msm/generated/dsi_phy_14nm.xml.h
  GENHDR  drivers/gpu/drm/msm/generated/dsi_phy_20nm.xml.h
  CC [M]  drivers/gpu/drm/lima/lima_vm.o
  CC [M]  drivers/net/ethernet/mellanox/mlx5/core/steering/hws/send.o
  CC [M]  drivers/gpu/drm/imagination/pvr_ccb.o
  CC [M]  drivers/net/ethernet/mellanox/mlx5/core/steering/hws/definer.o
  CC [M]  drivers/net/ethernet/mellanox/mlx5/core/steering/hws/bwc.o
  CC [M]  drivers/gpu/drm/meson/meson_encoder_hdmi.o
  GENHDR  drivers/gpu/drm/msm/generated/dsi_phy_28nm_8960.xml.h
  CC [M]  drivers/gpu/drm/meson/meson_encoder_dsi.o
  CC [M]  drivers/gpu/drm/nouveau/nvkm/core/option.o
  CC [M]  drivers/gpu/drm/nouveau/nvkm/core/ramht.o
  CC [M]  drivers/gpu/drm/nouveau/nvkm/core/subdev.o
  CC [M]  drivers/gpu/drm/panthor/panthor_heap.o
  GENHDR  drivers/gpu/drm/msm/generated/dsi_phy_28nm.xml.h
  CC [M]  drivers/gpu/drm/panfrost/panfrost_gem.o
  CC [M]  drivers/gpu/drm/panthor/panthor_hw.o
  CC [M]  drivers/net/ethernet/mellanox/mlx5/core/steering/hws/debug.o
  CC [M]  drivers/net/ethernet/mellanox/mlx5/core/steering/hws/vport.o
  CC [M]  drivers/gpu/drm/meson/meson_dw_hdmi.o
  CC [M]  drivers/gpu/drm/mediatek/mtk_cec.o
  GENHDR  drivers/gpu/drm/msm/generated/dsi.xml.h
  GENHDR  drivers/gpu/drm/msm/generated/hdmi.xml.h
  CC [M]  drivers/net/ethernet/mellanox/mlx5/core/steering/hws/bwc_complex.o
  CC [M]  drivers/net/ethernet/mellanox/mlx5/core/steering/hws/fs_hws_pools.o
  GENHDR  drivers/gpu/drm/msm/generated/mdp4.xml.h
  CC [M]  drivers/gpu/drm/panthor/panthor_mmu.o
  CC [M]  drivers/net/ethernet/mellanox/mlx5/core/steering/hws/fs_hws.o
  GENHDR  drivers/gpu/drm/msm/generated/mdp5.xml.h
  CC [M]  drivers/net/ethernet/mellanox/mlx5/core/steering/hws/action_ste_pool.o
  CC [M]  drivers/gpu/drm/lima/lima_sched.o
  CC [M]  drivers/gpu/drm/tegra/rgb.o
  CC [M]  drivers/gpu/drm/lima/lima_ctx.o
  CC [M]  drivers/gpu/drm/imagination/pvr_cccb.o
  GENHDR  drivers/gpu/drm/msm/generated/mdp_common.xml.h
  CC [M]  drivers/gpu/drm/imagination/pvr_context.o
  CC [M]  drivers/gpu/drm/panthor/panthor_pwr.o
  GENHDR  drivers/gpu/drm/msm/generated/mdss.xml.h
  GENHDR  drivers/gpu/drm/msm/generated/sfpb.xml.h
  CC [M]  drivers/gpu/drm/tegra/hda.o
  CC [M]  drivers/gpu/drm/meson/meson_dw_mipi_dsi.o
  CC [M]  drivers/gpu/drm/msm/adreno/adreno_device.o
  LD [M]  sound/soc/codecs/snd-soc-es7241.o
  CC [M]  drivers/gpu/drm/msm/adreno/adreno_gpu.o
  CC [M]  drivers/gpu/drm/msm/adreno/a2xx_catalog.o
  CC [M]  drivers/gpu/drm/msm/adreno/a2xx_gpu.o
  CC [M]  drivers/gpu/drm/msm/adreno/a2xx_gpummu.o
  CC [M]  drivers/gpu/drm/imagination/pvr_device.o
  CC [M]  drivers/gpu/drm/imagination/pvr_device_info.o
  CC [M]  drivers/gpu/drm/imagination/pvr_drv.o
  CC [M]  drivers/gpu/drm/panfrost/panfrost_gem_shrinker.o
  CC [M]  drivers/gpu/drm/panfrost/panfrost_gpu.o
  CC [M]  drivers/gpu/drm/panfrost/panfrost_job.o
  CC [M]  drivers/gpu/drm/lima/lima_dlbu.o
  CC [M]  drivers/gpu/drm/tegra/hdmi.o
  CC [M]  drivers/gpu/drm/nouveau/nvkm/core/uevent.o
  CC [M]  drivers/gpu/drm/mediatek/mtk_hdmi.o
  CC [M]  drivers/gpu/drm/lima/lima_bcast.o
  LD [M]  drivers/gpu/drm/drm.o
  CC [M]  drivers/gpu/drm/nouveau/nvkm/nvfw/fw.o
  CC [M]  drivers/gpu/drm/tegra/mipi-phy.o
  CC [M]  drivers/gpu/drm/panfrost/panfrost_mmu.o
  CC [M]  drivers/gpu/drm/panthor/panthor_sched.o
  CC [M]  drivers/gpu/drm/panfrost/panfrost_perfcnt.o
  CC [M]  drivers/gpu/drm/lima/lima_trace.o
  CC [M]  drivers/gpu/drm/imagination/pvr_dump.o
  CC [M]  drivers/gpu/drm/imagination/pvr_free_list.o
  CC [M]  drivers/gpu/drm/imagination/pvr_fw.o
  CC [M]  drivers/gpu/drm/imagination/pvr_fw_meta.o
  CC [M]  drivers/gpu/drm/nouveau/nvkm/nvfw/hs.o
  CC [M]  drivers/gpu/drm/tidss/tidss_kms.o
  CC [M]  drivers/gpu/drm/panfrost/panfrost_dump.o
  CC [M]  drivers/gpu/drm/nouveau/nvkm/nvfw/ls.o
  CC [M]  drivers/gpu/drm/nouveau/nvkm/nvfw/acr.o
  CC [M]  drivers/gpu/drm/nouveau/nvkm/nvfw/flcn.o
  LD [M]  sound/soc/codecs/snd-soc-es8316.o
  LD [M]  sound/soc/codecs/snd-soc-es8326.o
  CC [M]  drivers/gpu/drm/nouveau/nvkm/falcon/base.o
  CC [M]  drivers/gpu/drm/nouveau/nvkm/falcon/cmdq.o
  CC [M]  drivers/gpu/drm/mediatek/mtk_hdmi_ddc.o
  LD [M]  drivers/gpu/drm/drm_dma_helper.o
  LD [M]  sound/soc/codecs/snd-soc-es8328.o
  CC [M]  drivers/gpu/drm/lima/lima_devfreq.o
  LD [M]  sound/soc/codecs/snd-soc-es8328-i2c.o
  CC [M]  drivers/gpu/drm/imagination/pvr_fw_mips.o
  CC [M]  drivers/gpu/drm/tidss/tidss_irq.o
  LD [M]  drivers/gpu/drm/etnaviv/etnaviv.o
  CC [M]  drivers/gpu/drm/msm/adreno/a3xx_catalog.o
  CC [M]  drivers/gpu/drm/msm/adreno/a3xx_gpu.o
  LD [M]  sound/soc/codecs/snd-soc-gtm601.o
  LD [M]  sound/soc/codecs/snd-soc-max98090.o
  CC [M]  drivers/gpu/drm/msm/adreno/a4xx_catalog.o
  CC [M]  drivers/gpu/drm/msm/adreno/a4xx_gpu.o
  LD [M]  sound/soc/codecs/snd-soc-max98357a.o
  LD [M]  sound/soc/codecs/snd-soc-max98927.o
  LD [M]  sound/soc/codecs/snd-soc-max98390.o
  CC [M]  drivers/gpu/drm/tegra/dsi.o
  LD [M]  sound/soc/codecs/snd-soc-msm8916-analog.o
  CC [M]  drivers/gpu/drm/tidss/tidss_plane.o
  LD [M]  sound/soc/codecs/snd-soc-msm8916-digital.o
  LD [M]  sound/soc/codecs/snd-soc-mt6357.o
  LD [M]  sound/soc/codecs/snd-soc-mt6358.o
  CC [M]  drivers/gpu/drm/tidss/tidss_scale_coefs.o
  LD [M]  sound/soc/codecs/snd-soc-mt6359.o
  LD [M]  sound/soc/codecs/snd-soc-nau8315.o
  LD [M]  sound/soc/codecs/snd-soc-nau8822.o
  CC [M]  drivers/gpu/drm/mediatek/mtk_hdmi_v2.o
  LD [M]  sound/soc/codecs/snd-soc-nau8825.o
  LD [M]  sound/soc/codecs/snd-soc-hdmi-codec.o
  LD [M]  sound/soc/codecs/snd-soc-pcm3168a.o
  LD [M]  sound/soc/codecs/snd-soc-pcm3168a-i2c.o
  LD [M]  sound/soc/codecs/snd-soc-rk3308.o
  LD [M]  sound/soc/codecs/snd-soc-rk817.o
  CC [M]  drivers/gpu/drm/nouveau/nvkm/falcon/fw.o
  LD [M]  sound/soc/codecs/snd-soc-rl6231.o
  CC [M]  drivers/gpu/drm/tidss/tidss_dispc.o
  CC [M]  drivers/gpu/drm/imagination/pvr_fw_riscv.o
  LD [M]  sound/soc/codecs/snd-soc-rt1011.o
  LD [M]  sound/soc/codecs/snd-soc-rt1015.o
  LD [M]  sound/soc/codecs/snd-soc-rt1015p.o
  LD [M]  sound/soc/codecs/snd-soc-rt5514.o
  LD [M]  sound/soc/codecs/snd-soc-rt5514-spi.o
  LD [M]  sound/soc/codecs/snd-soc-rt5640.o
  CC [M]  drivers/gpu/drm/mediatek/mtk_hdmi_ddc_v2.o
  CC [M]  drivers/gpu/drm/mediatek/mtk_dp.o
  CC [M]  drivers/gpu/drm/tegra/sor.o
  LD [M]  sound/soc/codecs/snd-soc-rt5645.o
  LD [M]  sound/soc/codecs/snd-soc-rt5659.o
  LD [M]  sound/soc/codecs/snd-soc-rt5663.o
  CC [M]  drivers/gpu/drm/msm/adreno/a5xx_catalog.o
  CC [M]  drivers/gpu/drm/msm/adreno/a5xx_gpu.o
  LD [M]  sound/soc/codecs/snd-soc-rt5682.o
  CC [M]  drivers/gpu/drm/nouveau/nvkm/falcon/msgq.o
  CC [M]  drivers/gpu/drm/msm/adreno/a5xx_power.o
  LD [M]  sound/soc/codecs/snd-soc-rt5682-i2c.o
  LD [M]  sound/soc/codecs/snd-soc-rt5682s.o
  CC [M]  drivers/gpu/drm/tegra/dpaux.o
  CC [M]  drivers/gpu/drm/tegra/gr2d.o
  LD [M]  sound/soc/codecs/snd-soc-sgtl5000.o
  LD [M]  sound/soc/codecs/snd-soc-spdif-rx.o
  CC [M]  drivers/gpu/drm/tegra/falcon.o
  CC [M]  drivers/gpu/drm/tegra/gr3d.o
  CC [M]  drivers/gpu/drm/tegra/vic.o
  LD [M]  sound/soc/codecs/snd-soc-spdif-tx.o
  LD [M]  sound/soc/codecs/snd-soc-tas2552.o
  LD [M]  sound/soc/codecs/snd-soc-tas571x.o
  LD [M]  sound/soc/codecs/snd-soc-tlv320aic31xx.o
  CC [M]  drivers/gpu/drm/msm/adreno/a5xx_preempt.o
  LD [M]  sound/soc/codecs/snd-soc-tlv320aic32x4.o
  LD [M]  sound/soc/codecs/snd-soc-tlv320aic32x4-i2c.o
  LD [M]  sound/soc/codecs/snd-soc-tlv320aic3x.o
  CC [M]  drivers/gpu/drm/imagination/pvr_fw_startstop.o
  LD [M]  sound/soc/codecs/snd-soc-tlv320aic3x-i2c.o
  CC [M]  drivers/gpu/drm/nouveau/nvkm/falcon/qmgr.o
  LD [M]  sound/soc/codecs/snd-soc-ts3a227e.o
  CC [M]  drivers/gpu/drm/nouveau/nvkm/falcon/v1.o
  LD [M]  sound/soc/codecs/snd-soc-wcd-classh.o
  CC [M]  drivers/gpu/drm/nouveau/nvkm/falcon/gm200.o
  LD [M]  sound/soc/codecs/snd-soc-wcd-common.o
  CC [M]  drivers/gpu/drm/msm/adreno/a6xx_catalog.o
  LD [M]  sound/soc/codecs/snd-soc-wcd-mbhc.o
  LD [M]  sound/soc/codecs/snd-soc-wcd9335.o
  CC [M]  drivers/gpu/drm/imagination/pvr_fw_trace.o
  LD [M]  sound/soc/codecs/snd-soc-wcd934x.o
  LD [M]  sound/soc/codecs/snd-soc-wcd937x.o
  CC [M]  drivers/gpu/drm/imagination/pvr_fw_util.o
  LD [M]  sound/soc/codecs/snd-soc-wcd937x-sdw.o
  CC [M]  drivers/gpu/drm/nouveau/nvkm/falcon/gp102.o
  LD [M]  drivers/gpu/drm/drm_shmem_helper.o
  LD [M]  sound/soc/codecs/snd-soc-wcd938x.o
  LD [M]  sound/soc/codecs/snd-soc-wcd938x-sdw.o
  LD [M]  sound/soc/codecs/snd-soc-wcd939x.o
  LD [M]  sound/soc/codecs/snd-soc-wcd939x-sdw.o
  LD [M]  drivers/gpu/drm/drm_vram_helper.o
  LD [M]  sound/soc/codecs/snd-soc-wm8524.o
  CC [M]  drivers/gpu/drm/tidss/tidss_oldi.o
  LD [M]  drivers/gpu/drm/drm_ttm_helper.o
  LD [M]  sound/soc/codecs/snd-soc-wm8904.o
  LD [M]  drivers/gpu/drm/drm_kms_helper.o
  CC [M]  drivers/gpu/drm/nouveau/nvkm/falcon/tu102.o
  LD [M]  sound/soc/codecs/snd-soc-wm8960.o
  CC [M]  drivers/gpu/drm/imagination/pvr_gem.o
  CC [M]  drivers/gpu/drm/nouveau/nvkm/falcon/ga100.o
  LD [M]  sound/soc/codecs/snd-soc-wm8962.o
  CC [M]  drivers/gpu/drm/nouveau/nvkm/falcon/ga102.o
  CC [M]  drivers/gpu/drm/imagination/pvr_hwrt.o
  CC [M]  drivers/gpu/drm/imagination/pvr_job.o
  CC [M]  drivers/gpu/drm/imagination/pvr_mmu.o
  LD [M]  sound/soc/codecs/snd-soc-wm8978.o
  LD [M]  sound/soc/codecs/snd-soc-wm8994.o
  CC [M]  drivers/gpu/drm/imagination/pvr_power.o
  LD [M]  sound/soc/codecs/snd-soc-wm-hubs.o
  LD [M]  sound/soc/codecs/snd-soc-wsa883x.o
  LD [M]  sound/soc/codecs/snd-soc-wsa881x.o
  CC [M]  drivers/gpu/drm/imagination/pvr_queue.o
  CC [M]  drivers/gpu/drm/imagination/pvr_stream.o
  LD [M]  sound/soc/codecs/snd-soc-wsa884x.o
  CC [M]  drivers/gpu/drm/nouveau/nvkm/subdev/acr/base.o
  LD [M]  sound/soc/codecs/snd-soc-simple-amplifier.o
  CC [M]  drivers/gpu/drm/nouveau/nvkm/subdev/acr/lsfw.o
  LD [M]  sound/soc/codecs/snd-soc-lpass-macro-common.o
  LD [M]  sound/soc/codecs/snd-soc-lpass-wsa-macro.o
  CC [M]  drivers/gpu/drm/msm/adreno/a6xx_gpu.o
  LD [M]  sound/soc/codecs/snd-soc-lpass-va-macro.o
  CC [M]  drivers/gpu/drm/msm/adreno/a6xx_gmu.o
  LD [M]  sound/soc/codecs/snd-soc-lpass-rx-macro.o
  LD [M]  drivers/gpu/drm/mediatek/mediatek-drm.o
  LD [M]  sound/soc/codecs/snd-soc-lpass-tx-macro.o
  CC [M]  drivers/gpu/drm/nouveau/nvkm/subdev/acr/gm200.o
  LD [M]  sound/soc/codecs/snd-soc-simple-mux.o
  CC [M]  drivers/gpu/drm/msm/adreno/a6xx_hfi.o
  CC [M]  drivers/gpu/drm/nouveau/nvkm/subdev/acr/gm20b.o
  CC [M]  drivers/gpu/drm/imagination/pvr_stream_defs.o
  CC [M]  drivers/gpu/drm/msm/adreno/a6xx_preempt.o
  CC [M]  drivers/gpu/drm/msm/adreno/a8xx_gpu.o
  CC [M]  drivers/gpu/drm/nouveau/nvkm/subdev/acr/gp102.o
  CC [M]  drivers/gpu/drm/tegra/nvdec.o
  CC [M]  drivers/gpu/drm/nouveau/nvkm/subdev/acr/gp108.o
  CC [M]  drivers/gpu/drm/nouveau/nvkm/subdev/acr/gv100.o
  CC [M]  drivers/gpu/drm/imagination/pvr_sync.o
  CC [M]  drivers/gpu/drm/nouveau/nvkm/subdev/acr/gp10b.o
  CC [M]  drivers/gpu/drm/msm/adreno/a8xx_preempt.o
  CC [M]  drivers/gpu/drm/tegra/nvjpg.o
  CC [M]  drivers/gpu/drm/tegra/riscv.o
  CC [M]  drivers/gpu/drm/tegra/trace.o
  LD [M]  drivers/net/ethernet/mellanox/mlx5/core/mlx5_core.o
  CC [M]  drivers/gpu/drm/tegra/fbdev.o
  CC [M]  drivers/gpu/drm/msm/adreno/a5xx_debugfs.o
  CC [M]  drivers/gpu/drm/imagination/pvr_vm.o
  CC [M]  drivers/gpu/drm/msm/adreno/a6xx_gpu_state.o
  LD [M]  drivers/gpu/drm/meson/meson-drm.o
  CC [M]  drivers/gpu/drm/imagination/pvr_vm_mips.o
  CC [M]  drivers/gpu/drm/msm/hdmi/hdmi.o
  CC [M]  drivers/gpu/drm/nouveau/nvkm/subdev/acr/tu102.o
  CC [M]  drivers/gpu/drm/imagination/pvr_debugfs.o
  CC [M]  drivers/gpu/drm/msm/hdmi/hdmi_audio.o
  CC [M]  drivers/gpu/drm/msm/hdmi/hdmi_bridge.o
  CC [M]  drivers/gpu/drm/msm/hdmi/hdmi_hpd.o
  CC [M]  drivers/gpu/drm/msm/hdmi/hdmi_i2c.o
  CC [M]  drivers/gpu/drm/nouveau/nvkm/subdev/acr/ga100.o
  CC [M]  drivers/gpu/drm/msm/hdmi/hdmi_phy.o
  CC [M]  drivers/gpu/drm/msm/hdmi/hdmi_phy_8960.o
  CC [M]  drivers/gpu/drm/msm/hdmi/hdmi_phy_8996.o
  CC [M]  drivers/gpu/drm/msm/hdmi/hdmi_phy_8998.o
  CC [M]  drivers/gpu/drm/msm/hdmi/hdmi_phy_8x60.o
  CC [M]  drivers/gpu/drm/nouveau/nvkm/subdev/acr/ga102.o
  CC [M]  drivers/gpu/drm/nouveau/nvkm/subdev/bar/base.o
  CC [M]  drivers/gpu/drm/msm/hdmi/hdmi_phy_8x74.o
  LD [M]  drivers/gpu/drm/lima/lima.o
  CC [M]  drivers/gpu/drm/msm/hdmi/hdmi_pll_8960.o
  CC [M]  drivers/gpu/drm/nouveau/nvkm/subdev/bar/nv50.o
  CC [M]  drivers/gpu/drm/nouveau/nvkm/subdev/bar/g84.o
  CC [M]  drivers/gpu/drm/nouveau/nvkm/subdev/bar/gf100.o
  CC [M]  drivers/gpu/drm/msm/disp/mdp4/mdp4_crtc.o
  CC [M]  drivers/gpu/drm/msm/disp/mdp4/mdp4_dsi_encoder.o
  CC [M]  drivers/gpu/drm/msm/disp/mdp4/mdp4_dtv_encoder.o
  CC [M]  drivers/gpu/drm/msm/disp/mdp4/mdp4_lcdc_encoder.o
  CC [M]  drivers/gpu/drm/nouveau/nvkm/subdev/bar/gk20a.o
  CC [M]  drivers/gpu/drm/nouveau/nvkm/subdev/bar/gm107.o
  CC [M]  drivers/gpu/drm/msm/disp/mdp4/mdp4_lvds_pll.o
  CC [M]  drivers/gpu/drm/nouveau/nvkm/subdev/bar/gm20b.o
  CC [M]  drivers/gpu/drm/nouveau/nvkm/subdev/bar/tu102.o
  CC [M]  drivers/gpu/drm/msm/disp/mdp4/mdp4_irq.o
  CC [M]  drivers/gpu/drm/msm/disp/mdp4/mdp4_kms.o
  CC [M]  drivers/gpu/drm/nouveau/nvkm/subdev/bios/base.o
  CC [M]  drivers/gpu/drm/msm/disp/mdp4/mdp4_plane.o
  CC [M]  drivers/gpu/drm/nouveau/nvkm/subdev/bios/bit.o
  CC [M]  drivers/gpu/drm/msm/disp/mdp5/mdp5_cfg.o
  CC [M]  drivers/gpu/drm/nouveau/nvkm/subdev/bios/boost.o
  CC [M]  drivers/gpu/drm/nouveau/nvkm/subdev/bios/conn.o
  CC [M]  drivers/gpu/drm/msm/disp/mdp5/mdp5_cmd_encoder.o
  CC [M]  drivers/gpu/drm/msm/disp/mdp5/mdp5_ctl.o
  CC [M]  drivers/gpu/drm/msm/disp/mdp5/mdp5_crtc.o
  CC [M]  drivers/gpu/drm/msm/disp/mdp5/mdp5_encoder.o
  CC [M]  drivers/gpu/drm/msm/disp/mdp5/mdp5_irq.o
  CC [M]  drivers/gpu/drm/nouveau/nvkm/subdev/bios/cstep.o
  CC [M]  drivers/gpu/drm/msm/disp/mdp5/mdp5_kms.o
  CC [M]  drivers/gpu/drm/nouveau/nvkm/subdev/bios/dcb.o
  CC [M]  drivers/gpu/drm/nouveau/nvkm/subdev/bios/disp.o
  CC [M]  drivers/gpu/drm/nouveau/nvkm/subdev/bios/dp.o
  LD [M]  drivers/gpu/drm/panfrost/panfrost.o
  CC [M]  drivers/gpu/drm/nouveau/nvkm/subdev/bios/extdev.o
  CC [M]  drivers/gpu/drm/msm/disp/mdp5/mdp5_pipe.o
  CC [M]  drivers/gpu/drm/nouveau/nvkm/subdev/bios/fan.o
  CC [M]  drivers/gpu/drm/msm/disp/mdp5/mdp5_mixer.o
  CC [M]  drivers/gpu/drm/msm/disp/mdp5/mdp5_plane.o
  CC [M]  drivers/gpu/drm/msm/disp/mdp5/mdp5_smp.o
  CC [M]  drivers/gpu/drm/msm/disp/dpu1/dpu_core_perf.o
  CC [M]  drivers/gpu/drm/msm/disp/dpu1/dpu_crtc.o
  CC [M]  drivers/gpu/drm/msm/disp/dpu1/dpu_encoder.o
  CC [M]  drivers/gpu/drm/nouveau/nvkm/subdev/bios/gpio.o
  CC [M]  drivers/gpu/drm/msm/disp/dpu1/dpu_encoder_phys_cmd.o
  CC [M]  drivers/gpu/drm/msm/disp/dpu1/dpu_encoder_phys_vid.o
  CC [M]  drivers/gpu/drm/msm/disp/dpu1/dpu_encoder_phys_wb.o
  CC [M]  drivers/gpu/drm/msm/disp/dpu1/dpu_formats.o
  CC [M]  drivers/gpu/drm/msm/disp/dpu1/dpu_hw_catalog.o
  CC [M]  drivers/gpu/drm/nouveau/nvkm/subdev/bios/i2c.o
  CC [M]  drivers/gpu/drm/msm/disp/dpu1/dpu_hw_cdm.o
  CC [M]  drivers/gpu/drm/nouveau/nvkm/subdev/bios/iccsense.o
  CC [M]  drivers/gpu/drm/nouveau/nvkm/subdev/bios/image.o
  CC [M]  drivers/gpu/drm/nouveau/nvkm/subdev/bios/init.o
  CC [M]  drivers/gpu/drm/msm/disp/dpu1/dpu_hw_ctl.o
  CC [M]  drivers/gpu/drm/msm/disp/dpu1/dpu_hw_cwb.o
  CC [M]  drivers/gpu/drm/nouveau/nvkm/subdev/bios/mxm.o
  CC [M]  drivers/gpu/drm/msm/disp/dpu1/dpu_hw_dsc.o
  CC [M]  drivers/gpu/drm/msm/disp/dpu1/dpu_hw_dsc_1_2.o
  CC [M]  drivers/gpu/drm/msm/disp/dpu1/dpu_hw_interrupts.o
  CC [M]  drivers/gpu/drm/msm/disp/dpu1/dpu_hw_intf.o
  CC [M]  drivers/gpu/drm/nouveau/nvkm/subdev/bios/npde.o
  CC [M]  drivers/gpu/drm/msm/disp/dpu1/dpu_hw_lm.o
  CC [M]  drivers/gpu/drm/msm/disp/dpu1/dpu_hw_pingpong.o
  CC [M]  drivers/gpu/drm/nouveau/nvkm/subdev/bios/pcir.o
  CC [M]  drivers/gpu/drm/nouveau/nvkm/subdev/bios/perf.o
  CC [M]  drivers/gpu/drm/msm/disp/dpu1/dpu_hw_sspp.o
  CC [M]  drivers/gpu/drm/msm/disp/dpu1/dpu_hw_sspp_v13.o
  CC [M]  drivers/gpu/drm/msm/disp/dpu1/dpu_hw_dspp.o
  CC [M]  drivers/gpu/drm/msm/disp/dpu1/dpu_hw_merge3d.o
  CC [M]  drivers/gpu/drm/nouveau/nvkm/subdev/bios/pll.o
  CC [M]  drivers/gpu/drm/nouveau/nvkm/subdev/bios/pmu.o
  CC [M]  drivers/gpu/drm/msm/disp/dpu1/dpu_hw_top.o
  CC [M]  drivers/gpu/drm/nouveau/nvkm/subdev/bios/power_budget.o
  CC [M]  drivers/gpu/drm/msm/disp/dpu1/dpu_hw_util.o
  LD [M]  drivers/gpu/drm/imagination/powervr.o
  CC [M]  drivers/gpu/drm/nouveau/nvkm/subdev/bios/ramcfg.o
  CC [M]  drivers/gpu/drm/nouveau/nvkm/subdev/bios/rammap.o
  CC [M]  drivers/gpu/drm/msm/disp/dpu1/dpu_hw_vbif.o
  CC [M]  drivers/gpu/drm/nouveau/nvkm/subdev/bios/shadow.o
  CC [M]  drivers/gpu/drm/nouveau/nvkm/subdev/bios/shadowacpi.o
  CC [M]  drivers/gpu/drm/msm/disp/dpu1/dpu_hw_wb.o
  CC [M]  drivers/gpu/drm/nouveau/nvkm/subdev/bios/shadowof.o
  LD [M]  drivers/gpu/drm/tidss/tidss.o
  CC [M]  drivers/gpu/drm/nouveau/nvkm/subdev/bios/shadowpci.o
  CC [M]  drivers/gpu/drm/msm/disp/dpu1/dpu_kms.o
  CC [M]  drivers/gpu/drm/nouveau/nvkm/subdev/bios/shadowramin.o
  CC [M]  drivers/gpu/drm/msm/disp/dpu1/dpu_plane.o
  LD [M]  drivers/gpu/drm/panthor/panthor.o
  CC [M]  drivers/gpu/drm/msm/disp/dpu1/dpu_rm.o
  CC [M]  drivers/gpu/drm/msm/disp/dpu1/dpu_vbif.o
  CC [M]  drivers/gpu/drm/nouveau/nvkm/subdev/bios/shadowrom.o
  CC [M]  drivers/gpu/drm/msm/disp/dpu1/dpu_writeback.o
  CC [M]  drivers/gpu/drm/msm/msm_mdss.o
  CC [M]  drivers/gpu/drm/nouveau/nvkm/subdev/bios/timing.o
  CC [M]  drivers/gpu/drm/msm/disp/mdp_format.o
  CC [M]  drivers/gpu/drm/nouveau/nvkm/subdev/bios/therm.o
  CC [M]  drivers/gpu/drm/msm/disp/mdp_kms.o
  CC [M]  drivers/gpu/drm/nouveau/nvkm/subdev/bios/vmap.o
  CC [M]  drivers/gpu/drm/msm/disp/msm_disp_snapshot.o
  CC [M]  drivers/gpu/drm/nouveau/nvkm/subdev/bios/volt.o
  CC [M]  drivers/gpu/drm/nouveau/nvkm/subdev/bios/vpstate.o
  CC [M]  drivers/gpu/drm/nouveau/nvkm/subdev/bios/xpio.o
  CC [M]  drivers/gpu/drm/nouveau/nvkm/subdev/bios/M0203.o
  CC [M]  drivers/gpu/drm/nouveau/nvkm/subdev/bios/M0205.o
  CC [M]  drivers/gpu/drm/nouveau/nvkm/subdev/bios/M0209.o
  CC [M]  drivers/gpu/drm/nouveau/nvkm/subdev/bios/P0260.o
  CC [M]  drivers/gpu/drm/nouveau/nvkm/subdev/bus/base.o
  CC [M]  drivers/gpu/drm/msm/disp/msm_disp_snapshot_util.o
  CC [M]  drivers/gpu/drm/nouveau/nvkm/subdev/bus/hwsq.o
  CC [M]  drivers/gpu/drm/nouveau/nvkm/subdev/bus/nv04.o
  CC [M]  drivers/gpu/drm/nouveau/nvkm/subdev/bus/nv31.o
  CC [M]  drivers/gpu/drm/msm/dp/dp_aux.o
  CC [M]  drivers/gpu/drm/msm/dp/dp_ctrl.o
  CC [M]  drivers/gpu/drm/nouveau/nvkm/subdev/bus/nv50.o
  LD [M]  drivers/gpu/drm/tegra/tegra-drm.o
  CC [M]  drivers/gpu/drm/nouveau/nvkm/subdev/bus/g94.o
  CC [M]  drivers/gpu/drm/msm/dp/dp_debug.o
  CC [M]  drivers/gpu/drm/nouveau/nvkm/subdev/bus/gf100.o
  CC [M]  drivers/gpu/drm/msm/dp/dp_display.o
  CC [M]  drivers/gpu/drm/nouveau/nvkm/subdev/clk/base.o
  CC [M]  drivers/gpu/drm/nouveau/nvkm/subdev/clk/nv04.o
  CC [M]  drivers/gpu/drm/msm/dp/dp_drm.o
  CC [M]  drivers/gpu/drm/nouveau/nvkm/subdev/clk/nv50.o
  CC [M]  drivers/gpu/drm/nouveau/nvkm/subdev/clk/nv40.o
  CC [M]  drivers/gpu/drm/msm/dp/dp_link.o
  CC [M]  drivers/gpu/drm/nouveau/nvkm/subdev/clk/g84.o
  CC [M]  drivers/gpu/drm/nouveau/nvkm/subdev/clk/gt215.o
  CC [M]  drivers/gpu/drm/msm/dp/dp_panel.o
  CC [M]  drivers/gpu/drm/nouveau/nvkm/subdev/clk/mcp77.o
  CC [M]  drivers/gpu/drm/msm/dp/dp_audio.o
  CC [M]  drivers/gpu/drm/msm/dp/dp_utils.o
  CC [M]  drivers/gpu/drm/msm/hdmi/hdmi_hdcp.o
  CC [M]  drivers/gpu/drm/msm/dsi/dsi.o
  CC [M]  drivers/gpu/drm/msm/dsi/dsi_cfg.o
  CC [M]  drivers/gpu/drm/nouveau/nvkm/subdev/clk/gf100.o
  CC [M]  drivers/gpu/drm/nouveau/nvkm/subdev/clk/gk20a.o
  CC [M]  drivers/gpu/drm/nouveau/nvkm/subdev/clk/gk104.o
  CC [M]  drivers/gpu/drm/nouveau/nvkm/subdev/clk/gm20b.o
  CC [M]  drivers/gpu/drm/msm/dsi/dsi_host.o
  CC [M]  drivers/gpu/drm/nouveau/nvkm/subdev/clk/gp10b.o
  CC [M]  drivers/gpu/drm/nouveau/nvkm/subdev/clk/gk20a_devfreq.o
  CC [M]  drivers/gpu/drm/nouveau/nvkm/subdev/clk/pllnv04.o
  CC [M]  drivers/gpu/drm/msm/dsi/dsi_manager.o
  CC [M]  drivers/gpu/drm/nouveau/nvkm/subdev/clk/pllgt215.o
  CC [M]  drivers/gpu/drm/msm/dsi/phy/dsi_phy.o
  CC [M]  drivers/gpu/drm/msm/dsi/phy/dsi_phy_28nm.o
  CC [M]  drivers/gpu/drm/nouveau/nvkm/subdev/devinit/base.o
  CC [M]  drivers/gpu/drm/nouveau/nvkm/subdev/devinit/nv04.o
  CC [M]  drivers/gpu/drm/nouveau/nvkm/subdev/devinit/nv05.o
  CC [M]  drivers/gpu/drm/nouveau/nvkm/subdev/devinit/nv10.o
  CC [M]  drivers/gpu/drm/msm/dsi/phy/dsi_phy_20nm.o
  CC [M]  drivers/gpu/drm/nouveau/nvkm/subdev/devinit/nv1a.o
  CC [M]  drivers/gpu/drm/nouveau/nvkm/subdev/devinit/nv20.o
  CC [M]  drivers/gpu/drm/nouveau/nvkm/subdev/devinit/nv50.o
  CC [M]  drivers/gpu/drm/msm/dsi/phy/dsi_phy_28nm_8960.o
  CC [M]  drivers/gpu/drm/nouveau/nvkm/subdev/devinit/g84.o
  CC [M]  drivers/gpu/drm/msm/dsi/phy/dsi_phy_14nm.o
  CC [M]  drivers/gpu/drm/nouveau/nvkm/subdev/devinit/g98.o
  CC [M]  drivers/gpu/drm/msm/dsi/phy/dsi_phy_10nm.o
  CC [M]  drivers/gpu/drm/msm/dsi/phy/dsi_phy_7nm.o
  CC [M]  drivers/gpu/drm/nouveau/nvkm/subdev/devinit/gt215.o
  CC [M]  drivers/gpu/drm/nouveau/nvkm/subdev/devinit/mcp89.o
  CC [M]  drivers/gpu/drm/nouveau/nvkm/subdev/devinit/gf100.o
  CC [M]  drivers/gpu/drm/nouveau/nvkm/subdev/devinit/gm107.o
  CC [M]  drivers/gpu/drm/nouveau/nvkm/subdev/devinit/gm200.o
  CC [M]  drivers/gpu/drm/nouveau/nvkm/subdev/devinit/gv100.o
  CC [M]  drivers/gpu/drm/nouveau/nvkm/subdev/devinit/tu102.o
  CC [M]  drivers/gpu/drm/nouveau/nvkm/subdev/devinit/ga100.o
  CC [M]  drivers/gpu/drm/nouveau/nvkm/subdev/devinit/r535.o
  CC [M]  drivers/gpu/drm/nouveau/nvkm/subdev/fault/base.o
  CC [M]  drivers/gpu/drm/nouveau/nvkm/subdev/fault/user.o
  CC [M]  drivers/gpu/drm/nouveau/nvkm/subdev/fault/gp100.o
  CC [M]  drivers/gpu/drm/nouveau/nvkm/subdev/fault/gp10b.o
  CC [M]  drivers/gpu/drm/nouveau/nvkm/subdev/fault/gv100.o
  CC [M]  drivers/gpu/drm/nouveau/nvkm/subdev/fault/tu102.o
  CC [M]  drivers/gpu/drm/nouveau/nvkm/subdev/fb/base.o
  CC [M]  drivers/gpu/drm/nouveau/nvkm/subdev/fb/nv04.o
  CC [M]  drivers/gpu/drm/nouveau/nvkm/subdev/fb/nv10.o
  CC [M]  drivers/gpu/drm/nouveau/nvkm/subdev/fb/nv20.o
  CC [M]  drivers/gpu/drm/nouveau/nvkm/subdev/fb/nv1a.o
  CC [M]  drivers/gpu/drm/nouveau/nvkm/subdev/fb/nv25.o
  CC [M]  drivers/gpu/drm/nouveau/nvkm/subdev/fb/nv30.o
  CC [M]  drivers/gpu/drm/nouveau/nvkm/subdev/fb/nv35.o
  CC [M]  drivers/gpu/drm/nouveau/nvkm/subdev/fb/nv36.o
  CC [M]  drivers/gpu/drm/nouveau/nvkm/subdev/fb/nv40.o
  CC [M]  drivers/gpu/drm/nouveau/nvkm/subdev/fb/nv41.o
  CC [M]  drivers/gpu/drm/nouveau/nvkm/subdev/fb/nv44.o
  CC [M]  drivers/gpu/drm/nouveau/nvkm/subdev/fb/nv46.o
  CC [M]  drivers/gpu/drm/nouveau/nvkm/subdev/fb/nv47.o
  CC [M]  drivers/gpu/drm/nouveau/nvkm/subdev/fb/nv49.o
  CC [M]  drivers/gpu/drm/nouveau/nvkm/subdev/fb/nv4e.o
  CC [M]  drivers/gpu/drm/nouveau/nvkm/subdev/fb/nv50.o
  CC [M]  drivers/gpu/drm/nouveau/nvkm/subdev/fb/g84.o
  CC [M]  drivers/gpu/drm/nouveau/nvkm/subdev/fb/mcp77.o
  CC [M]  drivers/gpu/drm/nouveau/nvkm/subdev/fb/gt215.o
  CC [M]  drivers/gpu/drm/nouveau/nvkm/subdev/fb/mcp89.o
  CC [M]  drivers/gpu/drm/nouveau/nvkm/subdev/fb/gf100.o
  CC [M]  drivers/gpu/drm/nouveau/nvkm/subdev/fb/gf108.o
  CC [M]  drivers/gpu/drm/nouveau/nvkm/subdev/fb/gk104.o
  CC [M]  drivers/gpu/drm/nouveau/nvkm/subdev/fb/gk110.o
  CC [M]  drivers/gpu/drm/nouveau/nvkm/subdev/fb/gk20a.o
  CC [M]  drivers/gpu/drm/nouveau/nvkm/subdev/fb/gm107.o
  CC [M]  drivers/gpu/drm/nouveau/nvkm/subdev/fb/gm200.o
  CC [M]  drivers/gpu/drm/nouveau/nvkm/subdev/fb/gm20b.o
  CC [M]  drivers/gpu/drm/nouveau/nvkm/subdev/fb/gp100.o
  CC [M]  drivers/gpu/drm/nouveau/nvkm/subdev/fb/gp102.o
  CC [M]  drivers/gpu/drm/nouveau/nvkm/subdev/fb/gp10b.o
  CC [M]  drivers/gpu/drm/nouveau/nvkm/subdev/fb/gv100.o
  CC [M]  drivers/gpu/drm/nouveau/nvkm/subdev/fb/tu102.o
  CC [M]  drivers/gpu/drm/nouveau/nvkm/subdev/fb/ga100.o
  CC [M]  drivers/gpu/drm/nouveau/nvkm/subdev/fb/ga102.o
  CC [M]  drivers/gpu/drm/nouveau/nvkm/subdev/fb/gh100.o
  CC [M]  drivers/gpu/drm/nouveau/nvkm/subdev/fb/gb100.o
  CC [M]  drivers/gpu/drm/nouveau/nvkm/subdev/fb/gb202.o
  CC [M]  drivers/gpu/drm/nouveau/nvkm/subdev/fb/r535.o
  CC [M]  drivers/gpu/drm/nouveau/nvkm/subdev/fb/ram.o
  CC [M]  drivers/gpu/drm/nouveau/nvkm/subdev/fb/ramnv04.o
  CC [M]  drivers/gpu/drm/nouveau/nvkm/subdev/fb/ramnv10.o
  CC [M]  drivers/gpu/drm/nouveau/nvkm/subdev/fb/ramnv1a.o
  CC [M]  drivers/gpu/drm/nouveau/nvkm/subdev/fb/ramnv20.o
  CC [M]  drivers/gpu/drm/nouveau/nvkm/subdev/fb/ramnv40.o
  CC [M]  drivers/gpu/drm/nouveau/nvkm/subdev/fb/ramnv41.o
  CC [M]  drivers/gpu/drm/nouveau/nvkm/subdev/fb/ramnv44.o
  CC [M]  drivers/gpu/drm/nouveau/nvkm/subdev/fb/ramnv49.o
  CC [M]  drivers/gpu/drm/nouveau/nvkm/subdev/fb/ramnv4e.o
  CC [M]  drivers/gpu/drm/nouveau/nvkm/subdev/fb/ramnv50.o
  CC [M]  drivers/gpu/drm/nouveau/nvkm/subdev/fb/ramgt215.o
  CC [M]  drivers/gpu/drm/nouveau/nvkm/subdev/fb/rammcp77.o
  CC [M]  drivers/gpu/drm/nouveau/nvkm/subdev/fb/ramgf100.o
  CC [M]  drivers/gpu/drm/nouveau/nvkm/subdev/fb/ramgf108.o
  CC [M]  drivers/gpu/drm/nouveau/nvkm/subdev/fb/ramgk104.o
  CC [M]  drivers/gpu/drm/nouveau/nvkm/subdev/fb/ramgm200.o
  CC [M]  drivers/gpu/drm/nouveau/nvkm/subdev/fb/ramgm107.o
  CC [M]  drivers/gpu/drm/nouveau/nvkm/subdev/fb/ramgp100.o
  CC [M]  drivers/gpu/drm/nouveau/nvkm/subdev/fb/ramgp102.o
  CC [M]  drivers/gpu/drm/nouveau/nvkm/subdev/fb/sddr2.o
  CC [M]  drivers/gpu/drm/nouveau/nvkm/subdev/fb/sddr3.o
  CC [M]  drivers/gpu/drm/nouveau/nvkm/subdev/fb/gddr3.o
  CC [M]  drivers/gpu/drm/nouveau/nvkm/subdev/fb/gddr5.o
  CC [M]  drivers/gpu/drm/nouveau/nvkm/subdev/fuse/base.o
  CC [M]  drivers/gpu/drm/nouveau/nvkm/subdev/fuse/nv50.o
  CC [M]  drivers/gpu/drm/nouveau/nvkm/subdev/fuse/gf100.o
  CC [M]  drivers/gpu/drm/nouveau/nvkm/subdev/fuse/gm107.o
  CC [M]  drivers/gpu/drm/nouveau/nvkm/subdev/gpio/nv10.o
  CC [M]  drivers/gpu/drm/nouveau/nvkm/subdev/gpio/base.o
  CC [M]  drivers/gpu/drm/nouveau/nvkm/subdev/gpio/nv50.o
  CC [M]  drivers/gpu/drm/nouveau/nvkm/subdev/gpio/g94.o
  CC [M]  drivers/gpu/drm/nouveau/nvkm/subdev/gpio/gf119.o
  CC [M]  drivers/gpu/drm/nouveau/nvkm/subdev/gpio/gk104.o
  CC [M]  drivers/gpu/drm/nouveau/nvkm/subdev/fsp/base.o
  CC [M]  drivers/gpu/drm/nouveau/nvkm/subdev/gpio/ga102.o
  CC [M]  drivers/gpu/drm/nouveau/nvkm/subdev/fsp/gh100.o
  CC [M]  drivers/gpu/drm/nouveau/nvkm/subdev/fsp/gb100.o
  CC [M]  drivers/gpu/drm/nouveau/nvkm/subdev/fsp/gb202.o
  CC [M]  drivers/gpu/drm/nouveau/nvkm/subdev/gsp/fwsec.o
  CC [M]  drivers/gpu/drm/nouveau/nvkm/subdev/gsp/base.o
  CC [M]  drivers/gpu/drm/nouveau/nvkm/subdev/gsp/gv100.o
  CC [M]  drivers/gpu/drm/nouveau/nvkm/subdev/gsp/tu102.o
  CC [M]  drivers/gpu/drm/nouveau/nvkm/subdev/gsp/tu116.o
  CC [M]  drivers/gpu/drm/nouveau/nvkm/subdev/gsp/ga100.o
  CC [M]  drivers/gpu/drm/nouveau/nvkm/subdev/gsp/ga102.o
  CC [M]  drivers/gpu/drm/nouveau/nvkm/subdev/gsp/gh100.o
  CC [M]  drivers/gpu/drm/nouveau/nvkm/subdev/gsp/ad102.o
  CC [M]  drivers/gpu/drm/nouveau/nvkm/subdev/gsp/gb100.o
  CC [M]  drivers/gpu/drm/nouveau/nvkm/subdev/gsp/gb202.o
  CC [M]  drivers/gpu/drm/nouveau/nvkm/subdev/gsp/rm/client.o
  CC [M]  drivers/gpu/drm/nouveau/nvkm/subdev/gsp/rm/engine.o
  CC [M]  drivers/gpu/drm/nouveau/nvkm/subdev/gsp/rm/gr.o
  CC [M]  drivers/gpu/drm/nouveau/nvkm/subdev/gsp/rm/nvdec.o
  CC [M]  drivers/gpu/drm/nouveau/nvkm/subdev/gsp/rm/nvenc.o
  CC [M]  drivers/gpu/drm/nouveau/nvkm/subdev/gsp/rm/tu1xx.o
  CC [M]  drivers/gpu/drm/nouveau/nvkm/subdev/gsp/rm/ga100.o
  CC [M]  drivers/gpu/drm/nouveau/nvkm/subdev/gsp/rm/ga1xx.o
  CC [M]  drivers/gpu/drm/nouveau/nvkm/subdev/gsp/rm/ad10x.o
  CC [M]  drivers/gpu/drm/nouveau/nvkm/subdev/gsp/rm/gh100.o
  CC [M]  drivers/gpu/drm/nouveau/nvkm/subdev/gsp/rm/gb10x.o
  CC [M]  drivers/gpu/drm/nouveau/nvkm/subdev/gsp/rm/gb20x.o
  CC [M]  drivers/gpu/drm/nouveau/nvkm/subdev/gsp/rm/r535/rm.o
  CC [M]  drivers/gpu/drm/nouveau/nvkm/subdev/gsp/rm/r535/gsp.o
  CC [M]  drivers/gpu/drm/nouveau/nvkm/subdev/gsp/rm/r535/rpc.o
  CC [M]  drivers/gpu/drm/nouveau/nvkm/subdev/gsp/rm/r535/ctrl.o
  CC [M]  drivers/gpu/drm/nouveau/nvkm/subdev/gsp/rm/r535/client.o
  CC [M]  drivers/gpu/drm/nouveau/nvkm/subdev/gsp/rm/r535/alloc.o
  CC [M]  drivers/gpu/drm/nouveau/nvkm/subdev/gsp/rm/r535/device.o
  CC [M]  drivers/gpu/drm/nouveau/nvkm/subdev/gsp/rm/r535/bar.o
  CC [M]  drivers/gpu/drm/nouveau/nvkm/subdev/gsp/rm/r535/vmm.o
  CC [M]  drivers/gpu/drm/nouveau/nvkm/subdev/gsp/rm/r535/fbsr.o
  CC [M]  drivers/gpu/drm/nouveau/nvkm/subdev/gsp/rm/r535/disp.o
  CC [M]  drivers/gpu/drm/nouveau/nvkm/subdev/gsp/rm/r535/fifo.o
  CC [M]  drivers/gpu/drm/nouveau/nvkm/subdev/gsp/rm/r535/ce.o
  CC [M]  drivers/gpu/drm/nouveau/nvkm/subdev/gsp/rm/r535/gr.o
  CC [M]  drivers/gpu/drm/nouveau/nvkm/subdev/gsp/rm/r535/nvdec.o
  CC [M]  drivers/gpu/drm/nouveau/nvkm/subdev/gsp/rm/r535/nvenc.o
  CC [M]  drivers/gpu/drm/nouveau/nvkm/subdev/gsp/rm/r535/nvjpg.o
  CC [M]  drivers/gpu/drm/nouveau/nvkm/subdev/gsp/rm/r535/ofa.o
  CC [M]  drivers/gpu/drm/nouveau/nvkm/subdev/gsp/rm/r570/rm.o
  CC [M]  drivers/gpu/drm/nouveau/nvkm/subdev/gsp/rm/r570/gsp.o
  CC [M]  drivers/gpu/drm/nouveau/nvkm/subdev/gsp/rm/r570/client.o
  CC [M]  drivers/gpu/drm/nouveau/nvkm/subdev/gsp/rm/r570/fbsr.o
  CC [M]  drivers/gpu/drm/nouveau/nvkm/subdev/gsp/rm/r570/disp.o
  CC [M]  drivers/gpu/drm/nouveau/nvkm/subdev/gsp/rm/r570/fifo.o
  CC [M]  drivers/gpu/drm/nouveau/nvkm/subdev/gsp/rm/r570/gr.o
  CC [M]  drivers/gpu/drm/nouveau/nvkm/subdev/gsp/rm/r570/ofa.o
  CC [M]  drivers/gpu/drm/nouveau/nvkm/subdev/i2c/base.o
  CC [M]  drivers/gpu/drm/nouveau/nvkm/subdev/i2c/nv04.o
  CC [M]  drivers/gpu/drm/nouveau/nvkm/subdev/i2c/nv4e.o
  LD [M]  drivers/gpu/drm/msm/msm.o
  CC [M]  drivers/gpu/drm/nouveau/nvkm/subdev/i2c/nv50.o
  CC [M]  drivers/gpu/drm/nouveau/nvkm/subdev/i2c/g94.o
  CC [M]  drivers/gpu/drm/nouveau/nvkm/subdev/i2c/gf117.o
  CC [M]  drivers/gpu/drm/nouveau/nvkm/subdev/i2c/gf119.o
  CC [M]  drivers/gpu/drm/nouveau/nvkm/subdev/i2c/gk104.o
  CC [M]  drivers/gpu/drm/nouveau/nvkm/subdev/i2c/gk110.o
  CC [M]  drivers/gpu/drm/nouveau/nvkm/subdev/i2c/gm200.o
  CC [M]  drivers/gpu/drm/nouveau/nvkm/subdev/i2c/pad.o
  CC [M]  drivers/gpu/drm/nouveau/nvkm/subdev/i2c/padnv04.o
  CC [M]  drivers/gpu/drm/nouveau/nvkm/subdev/i2c/padnv4e.o
  CC [M]  drivers/gpu/drm/nouveau/nvkm/subdev/i2c/padnv50.o
  CC [M]  drivers/gpu/drm/nouveau/nvkm/subdev/i2c/padg94.o
  CC [M]  drivers/gpu/drm/nouveau/nvkm/subdev/i2c/padgf119.o
  CC [M]  drivers/gpu/drm/nouveau/nvkm/subdev/i2c/padgm200.o
  CC [M]  drivers/gpu/drm/nouveau/nvkm/subdev/i2c/bus.o
  CC [M]  drivers/gpu/drm/nouveau/nvkm/subdev/i2c/busnv04.o
  CC [M]  drivers/gpu/drm/nouveau/nvkm/subdev/i2c/busnv4e.o
  CC [M]  drivers/gpu/drm/nouveau/nvkm/subdev/i2c/busnv50.o
  CC [M]  drivers/gpu/drm/nouveau/nvkm/subdev/i2c/busgf119.o
  CC [M]  drivers/gpu/drm/nouveau/nvkm/subdev/i2c/bit.o
  CC [M]  drivers/gpu/drm/nouveau/nvkm/subdev/i2c/auxch.o
  CC [M]  drivers/gpu/drm/nouveau/nvkm/subdev/i2c/auxg94.o
  CC [M]  drivers/gpu/drm/nouveau/nvkm/subdev/i2c/auxgf119.o
  CC [M]  drivers/gpu/drm/nouveau/nvkm/subdev/i2c/auxgm200.o
  CC [M]  drivers/gpu/drm/nouveau/nvkm/subdev/i2c/anx9805.o
  CC [M]  drivers/gpu/drm/nouveau/nvkm/subdev/iccsense/base.o
  CC [M]  drivers/gpu/drm/nouveau/nvkm/subdev/iccsense/gf100.o
  CC [M]  drivers/gpu/drm/nouveau/nvkm/subdev/instmem/base.o
  CC [M]  drivers/gpu/drm/nouveau/nvkm/subdev/instmem/nv04.o
  CC [M]  drivers/gpu/drm/nouveau/nvkm/subdev/instmem/nv40.o
  CC [M]  drivers/gpu/drm/nouveau/nvkm/subdev/instmem/nv50.o
  CC [M]  drivers/gpu/drm/nouveau/nvkm/subdev/instmem/gk20a.o
  CC [M]  drivers/gpu/drm/nouveau/nvkm/subdev/instmem/gh100.o
  CC [M]  drivers/gpu/drm/nouveau/nvkm/subdev/ltc/base.o
  CC [M]  drivers/gpu/drm/nouveau/nvkm/subdev/ltc/gf100.o
  CC [M]  drivers/gpu/drm/nouveau/nvkm/subdev/ltc/gk104.o
  CC [M]  drivers/gpu/drm/nouveau/nvkm/subdev/ltc/gm107.o
  CC [M]  drivers/gpu/drm/nouveau/nvkm/subdev/ltc/gm200.o
  CC [M]  drivers/gpu/drm/nouveau/nvkm/subdev/ltc/gp100.o
  CC [M]  drivers/gpu/drm/nouveau/nvkm/subdev/ltc/gp10b.o
  CC [M]  drivers/gpu/drm/nouveau/nvkm/subdev/ltc/gp102.o
  CC [M]  drivers/gpu/drm/nouveau/nvkm/subdev/ltc/ga102.o
  CC [M]  drivers/gpu/drm/nouveau/nvkm/subdev/mc/base.o
  CC [M]  drivers/gpu/drm/nouveau/nvkm/subdev/mc/nv04.o
  CC [M]  drivers/gpu/drm/nouveau/nvkm/subdev/mc/nv11.o
  CC [M]  drivers/gpu/drm/nouveau/nvkm/subdev/mc/nv17.o
  CC [M]  drivers/gpu/drm/nouveau/nvkm/subdev/mc/nv44.o
  CC [M]  drivers/gpu/drm/nouveau/nvkm/subdev/mc/nv50.o
  CC [M]  drivers/gpu/drm/nouveau/nvkm/subdev/mc/g84.o
  CC [M]  drivers/gpu/drm/nouveau/nvkm/subdev/mc/g98.o
  CC [M]  drivers/gpu/drm/nouveau/nvkm/subdev/mc/gt215.o
  CC [M]  drivers/gpu/drm/nouveau/nvkm/subdev/mc/gf100.o
  CC [M]  drivers/gpu/drm/nouveau/nvkm/subdev/mc/gk104.o
  CC [M]  drivers/gpu/drm/nouveau/nvkm/subdev/mc/gk20a.o
  CC [M]  drivers/gpu/drm/nouveau/nvkm/subdev/mc/gp100.o
  CC [M]  drivers/gpu/drm/nouveau/nvkm/subdev/mc/gp10b.o
  CC [M]  drivers/gpu/drm/nouveau/nvkm/subdev/mc/ga100.o
  CC [M]  drivers/gpu/drm/nouveau/nvkm/subdev/mmu/base.o
  CC [M]  drivers/gpu/drm/nouveau/nvkm/subdev/mmu/nv04.o
  CC [M]  drivers/gpu/drm/nouveau/nvkm/subdev/mmu/nv41.o
  CC [M]  drivers/gpu/drm/nouveau/nvkm/subdev/mmu/nv44.o
  CC [M]  drivers/gpu/drm/nouveau/nvkm/subdev/mmu/nv50.o
  CC [M]  drivers/gpu/drm/nouveau/nvkm/subdev/mmu/g84.o
  CC [M]  drivers/gpu/drm/nouveau/nvkm/subdev/mmu/mcp77.o
  CC [M]  drivers/gpu/drm/nouveau/nvkm/subdev/mmu/gf100.o
  CC [M]  drivers/gpu/drm/nouveau/nvkm/subdev/mmu/gk104.o
  CC [M]  drivers/gpu/drm/nouveau/nvkm/subdev/mmu/gk20a.o
  CC [M]  drivers/gpu/drm/nouveau/nvkm/subdev/mmu/gm200.o
  CC [M]  drivers/gpu/drm/nouveau/nvkm/subdev/mmu/gm20b.o
  CC [M]  drivers/gpu/drm/nouveau/nvkm/subdev/mmu/gp100.o
  CC [M]  drivers/gpu/drm/nouveau/nvkm/subdev/mmu/gp10b.o
  CC [M]  drivers/gpu/drm/nouveau/nvkm/subdev/mmu/gv100.o
  CC [M]  drivers/gpu/drm/nouveau/nvkm/subdev/mmu/tu102.o
  CC [M]  drivers/gpu/drm/nouveau/nvkm/subdev/mmu/gh100.o
  CC [M]  drivers/gpu/drm/nouveau/nvkm/subdev/mmu/mem.o
  CC [M]  drivers/gpu/drm/nouveau/nvkm/subdev/mmu/memnv04.o
  CC [M]  drivers/gpu/drm/nouveau/nvkm/subdev/mmu/memnv50.o
  CC [M]  drivers/gpu/drm/nouveau/nvkm/subdev/mmu/memgf100.o
  CC [M]  drivers/gpu/drm/nouveau/nvkm/subdev/mmu/vmm.o
  CC [M]  drivers/gpu/drm/nouveau/nvkm/subdev/mmu/vmmnv04.o
  CC [M]  drivers/gpu/drm/nouveau/nvkm/subdev/mmu/vmmnv41.o
  CC [M]  drivers/gpu/drm/nouveau/nvkm/subdev/mmu/vmmnv44.o
  CC [M]  drivers/gpu/drm/nouveau/nvkm/subdev/mmu/vmmnv50.o
  CC [M]  drivers/gpu/drm/nouveau/nvkm/subdev/mmu/vmmmcp77.o
  CC [M]  drivers/gpu/drm/nouveau/nvkm/subdev/mmu/vmmgf100.o
  CC [M]  drivers/gpu/drm/nouveau/nvkm/subdev/mmu/vmmgk20a.o
  CC [M]  drivers/gpu/drm/nouveau/nvkm/subdev/mmu/vmmgk104.o
  CC [M]  drivers/gpu/drm/nouveau/nvkm/subdev/mmu/vmmgm200.o
  CC [M]  drivers/gpu/drm/nouveau/nvkm/subdev/mmu/vmmgm20b.o
  CC [M]  drivers/gpu/drm/nouveau/nvkm/subdev/mmu/vmmgp100.o
  CC [M]  drivers/gpu/drm/nouveau/nvkm/subdev/mmu/vmmgp10b.o
  CC [M]  drivers/gpu/drm/nouveau/nvkm/subdev/mmu/vmmgv100.o
  CC [M]  drivers/gpu/drm/nouveau/nvkm/subdev/mmu/vmmtu102.o
  CC [M]  drivers/gpu/drm/nouveau/nvkm/subdev/mmu/vmmgh100.o
  CC [M]  drivers/gpu/drm/nouveau/nvkm/subdev/mmu/umem.o
  CC [M]  drivers/gpu/drm/nouveau/nvkm/subdev/mmu/ummu.o
  CC [M]  drivers/gpu/drm/nouveau/nvkm/subdev/mmu/uvmm.o
  CC [M]  drivers/gpu/drm/nouveau/nvkm/subdev/mxm/mxms.o
  CC [M]  drivers/gpu/drm/nouveau/nvkm/subdev/mxm/base.o
  CC [M]  drivers/gpu/drm/nouveau/nvkm/subdev/mxm/nv50.o
  CC [M]  drivers/gpu/drm/nouveau/nvkm/subdev/pci/agp.o
  CC [M]  drivers/gpu/drm/nouveau/nvkm/subdev/pci/base.o
  CC [M]  drivers/gpu/drm/nouveau/nvkm/subdev/pci/pcie.o
  CC [M]  drivers/gpu/drm/nouveau/nvkm/subdev/pci/nv04.o
  CC [M]  drivers/gpu/drm/nouveau/nvkm/subdev/pci/nv40.o
  CC [M]  drivers/gpu/drm/nouveau/nvkm/subdev/pci/nv46.o
  CC [M]  drivers/gpu/drm/nouveau/nvkm/subdev/pci/nv4c.o
  CC [M]  drivers/gpu/drm/nouveau/nvkm/subdev/pci/g84.o
  CC [M]  drivers/gpu/drm/nouveau/nvkm/subdev/pci/g92.o
  CC [M]  drivers/gpu/drm/nouveau/nvkm/subdev/pci/g94.o
  CC [M]  drivers/gpu/drm/nouveau/nvkm/subdev/pci/gf100.o
  CC [M]  drivers/gpu/drm/nouveau/nvkm/subdev/pci/gf106.o
  CC [M]  drivers/gpu/drm/nouveau/nvkm/subdev/pci/gk104.o
  CC [M]  drivers/gpu/drm/nouveau/nvkm/subdev/pci/gp100.o
  CC [M]  drivers/gpu/drm/nouveau/nvkm/subdev/pci/gh100.o
  CC [M]  drivers/gpu/drm/nouveau/nvkm/subdev/pmu/base.o
  CC [M]  drivers/gpu/drm/nouveau/nvkm/subdev/pmu/memx.o
  CC [M]  drivers/gpu/drm/nouveau/nvkm/subdev/pmu/gt215.o
  CC [M]  drivers/gpu/drm/nouveau/nvkm/subdev/pmu/gf100.o
  CC [M]  drivers/gpu/drm/nouveau/nvkm/subdev/pmu/gf119.o
  CC [M]  drivers/gpu/drm/nouveau/nvkm/subdev/pmu/gk104.o
  CC [M]  drivers/gpu/drm/nouveau/nvkm/subdev/pmu/gk110.o
  CC [M]  drivers/gpu/drm/nouveau/nvkm/subdev/pmu/gk208.o
  CC [M]  drivers/gpu/drm/nouveau/nvkm/subdev/pmu/gk20a.o
  CC [M]  drivers/gpu/drm/nouveau/nvkm/subdev/pmu/gm107.o
  CC [M]  drivers/gpu/drm/nouveau/nvkm/subdev/pmu/gm200.o
  CC [M]  drivers/gpu/drm/nouveau/nvkm/subdev/pmu/gm20b.o
  CC [M]  drivers/gpu/drm/nouveau/nvkm/subdev/pmu/gp102.o
  CC [M]  drivers/gpu/drm/nouveau/nvkm/subdev/pmu/gp10b.o
  CC [M]  drivers/gpu/drm/nouveau/nvkm/subdev/privring/gf100.o
  CC [M]  drivers/gpu/drm/nouveau/nvkm/subdev/privring/gf117.o
  CC [M]  drivers/gpu/drm/nouveau/nvkm/subdev/privring/gk104.o
  CC [M]  drivers/gpu/drm/nouveau/nvkm/subdev/privring/gk20a.o
  CC [M]  drivers/gpu/drm/nouveau/nvkm/subdev/privring/gm200.o
  CC [M]  drivers/gpu/drm/nouveau/nvkm/subdev/privring/gp10b.o
  CC [M]  drivers/gpu/drm/nouveau/nvkm/subdev/therm/base.o
  CC [M]  drivers/gpu/drm/nouveau/nvkm/subdev/therm/fan.o
  CC [M]  drivers/gpu/drm/nouveau/nvkm/subdev/therm/fannil.o
  CC [M]  drivers/gpu/drm/nouveau/nvkm/subdev/therm/fanpwm.o
  CC [M]  drivers/gpu/drm/nouveau/nvkm/subdev/therm/ic.o
  CC [M]  drivers/gpu/drm/nouveau/nvkm/subdev/therm/fantog.o
  CC [M]  drivers/gpu/drm/nouveau/nvkm/subdev/therm/temp.o
  CC [M]  drivers/gpu/drm/nouveau/nvkm/subdev/therm/nv40.o
  CC [M]  drivers/gpu/drm/nouveau/nvkm/subdev/therm/nv50.o
  CC [M]  drivers/gpu/drm/nouveau/nvkm/subdev/therm/g84.o
  CC [M]  drivers/gpu/drm/nouveau/nvkm/subdev/therm/gt215.o
  CC [M]  drivers/gpu/drm/nouveau/nvkm/subdev/therm/gf100.o
  CC [M]  drivers/gpu/drm/nouveau/nvkm/subdev/therm/gf119.o
  CC [M]  drivers/gpu/drm/nouveau/nvkm/subdev/therm/gk104.o
  CC [M]  drivers/gpu/drm/nouveau/nvkm/subdev/therm/gm107.o
  CC [M]  drivers/gpu/drm/nouveau/nvkm/subdev/therm/gm200.o
  CC [M]  drivers/gpu/drm/nouveau/nvkm/subdev/therm/gp100.o
  CC [M]  drivers/gpu/drm/nouveau/nvkm/subdev/timer/base.o
  CC [M]  drivers/gpu/drm/nouveau/nvkm/subdev/timer/nv04.o
  CC [M]  drivers/gpu/drm/nouveau/nvkm/subdev/timer/nv40.o
  CC [M]  drivers/gpu/drm/nouveau/nvkm/subdev/timer/nv41.o
  CC [M]  drivers/gpu/drm/nouveau/nvkm/subdev/timer/gk20a.o
  CC [M]  drivers/gpu/drm/nouveau/nvkm/subdev/top/base.o
  CC [M]  drivers/gpu/drm/nouveau/nvkm/subdev/top/gk104.o
  CC [M]  drivers/gpu/drm/nouveau/nvkm/subdev/top/ga100.o
  CC [M]  drivers/gpu/drm/nouveau/nvkm/subdev/vfn/base.o
  CC [M]  drivers/gpu/drm/nouveau/nvkm/subdev/vfn/uvfn.o
  CC [M]  drivers/gpu/drm/nouveau/nvkm/subdev/vfn/gv100.o
  CC [M]  drivers/gpu/drm/nouveau/nvkm/subdev/vfn/tu102.o
  CC [M]  drivers/gpu/drm/nouveau/nvkm/subdev/vfn/ga100.o
  CC [M]  drivers/gpu/drm/nouveau/nvkm/subdev/vfn/r535.o
  CC [M]  drivers/gpu/drm/nouveau/nvkm/subdev/volt/base.o
  CC [M]  drivers/gpu/drm/nouveau/nvkm/subdev/volt/gpio.o
  CC [M]  drivers/gpu/drm/nouveau/nvkm/subdev/volt/nv40.o
  CC [M]  drivers/gpu/drm/nouveau/nvkm/subdev/volt/gf100.o
  CC [M]  drivers/gpu/drm/nouveau/nvkm/subdev/volt/gf117.o
  CC [M]  drivers/gpu/drm/nouveau/nvkm/subdev/volt/gk104.o
  CC [M]  drivers/gpu/drm/nouveau/nvkm/subdev/volt/gk20a.o
  CC [M]  drivers/gpu/drm/nouveau/nvkm/subdev/volt/gm20b.o
  CC [M]  drivers/gpu/drm/nouveau/nvkm/engine/falcon.o
  CC [M]  drivers/gpu/drm/nouveau/nvkm/engine/xtensa.o
  CC [M]  drivers/gpu/drm/nouveau/nvkm/engine/bsp/g84.o
  CC [M]  drivers/gpu/drm/nouveau/nvkm/engine/ce/gt215.o
  CC [M]  drivers/gpu/drm/nouveau/nvkm/engine/ce/gf100.o
  CC [M]  drivers/gpu/drm/nouveau/nvkm/engine/ce/gk104.o
  CC [M]  drivers/gpu/drm/nouveau/nvkm/engine/ce/gm107.o
  CC [M]  drivers/gpu/drm/nouveau/nvkm/engine/ce/gm200.o
  CC [M]  drivers/gpu/drm/nouveau/nvkm/engine/ce/gp100.o
  CC [M]  drivers/gpu/drm/nouveau/nvkm/engine/ce/gp102.o
  CC [M]  drivers/gpu/drm/nouveau/nvkm/engine/ce/gv100.o
  CC [M]  drivers/gpu/drm/nouveau/nvkm/engine/ce/tu102.o
  CC [M]  drivers/gpu/drm/nouveau/nvkm/engine/ce/ga100.o
  CC [M]  drivers/gpu/drm/nouveau/nvkm/engine/ce/ga102.o
  CC [M]  drivers/gpu/drm/nouveau/nvkm/engine/ce/gb202.o
  CC [M]  drivers/gpu/drm/nouveau/nvkm/engine/cipher/g84.o
  CC [M]  drivers/gpu/drm/nouveau/nvkm/engine/device/acpi.o
  CC [M]  drivers/gpu/drm/nouveau/nvkm/engine/device/base.o
  CC [M]  drivers/gpu/drm/nouveau/nvkm/engine/device/ctrl.o
  CC [M]  drivers/gpu/drm/nouveau/nvkm/engine/device/pci.o
  CC [M]  drivers/gpu/drm/nouveau/nvkm/engine/device/tegra.o
  CC [M]  drivers/gpu/drm/nouveau/nvkm/engine/device/user.o
  CC [M]  drivers/gpu/drm/nouveau/nvkm/engine/disp/base.o
  CC [M]  drivers/gpu/drm/nouveau/nvkm/engine/disp/chan.o
  CC [M]  drivers/gpu/drm/nouveau/nvkm/engine/disp/conn.o
  CC [M]  drivers/gpu/drm/nouveau/nvkm/engine/disp/hdmi.o
  CC [M]  drivers/gpu/drm/nouveau/nvkm/engine/disp/dp.o
  CC [M]  drivers/gpu/drm/nouveau/nvkm/engine/disp/head.o
  CC [M]  drivers/gpu/drm/nouveau/nvkm/engine/disp/ior.o
  CC [M]  drivers/gpu/drm/nouveau/nvkm/engine/disp/outp.o
  CC [M]  drivers/gpu/drm/nouveau/nvkm/engine/disp/vga.o
  CC [M]  drivers/gpu/drm/nouveau/nvkm/engine/disp/nv04.o
  CC [M]  drivers/gpu/drm/nouveau/nvkm/engine/disp/nv50.o
  CC [M]  drivers/gpu/drm/nouveau/nvkm/engine/disp/g84.o
  CC [M]  drivers/gpu/drm/nouveau/nvkm/engine/disp/g94.o
  CC [M]  drivers/gpu/drm/nouveau/nvkm/engine/disp/gt200.o
  CC [M]  drivers/gpu/drm/nouveau/nvkm/engine/disp/mcp77.o
  CC [M]  drivers/gpu/drm/nouveau/nvkm/engine/disp/gt215.o
  CC [M]  drivers/gpu/drm/nouveau/nvkm/engine/disp/mcp89.o
  CC [M]  drivers/gpu/drm/nouveau/nvkm/engine/disp/gf119.o
  CC [M]  drivers/gpu/drm/nouveau/nvkm/engine/disp/gk104.o
  CC [M]  drivers/gpu/drm/nouveau/nvkm/engine/disp/gk110.o
  CC [M]  drivers/gpu/drm/nouveau/nvkm/engine/disp/gm107.o
  CC [M]  drivers/gpu/drm/nouveau/nvkm/engine/disp/gm200.o
  CC [M]  drivers/gpu/drm/nouveau/nvkm/engine/disp/gp100.o
  CC [M]  drivers/gpu/drm/nouveau/nvkm/engine/disp/gp102.o
  CC [M]  drivers/gpu/drm/nouveau/nvkm/engine/disp/gv100.o
  CC [M]  drivers/gpu/drm/nouveau/nvkm/engine/disp/tu102.o
  CC [M]  drivers/gpu/drm/nouveau/nvkm/engine/disp/udisp.o
  CC [M]  drivers/gpu/drm/nouveau/nvkm/engine/disp/ga102.o
  CC [M]  drivers/gpu/drm/nouveau/nvkm/engine/disp/uconn.o
  CC [M]  drivers/gpu/drm/nouveau/nvkm/engine/disp/uhead.o
  CC [M]  drivers/gpu/drm/nouveau/nvkm/engine/disp/uoutp.o
  CC [M]  drivers/gpu/drm/nouveau/nvkm/engine/dma/base.o
  CC [M]  drivers/gpu/drm/nouveau/nvkm/engine/dma/nv04.o
  CC [M]  drivers/gpu/drm/nouveau/nvkm/engine/dma/nv50.o
  CC [M]  drivers/gpu/drm/nouveau/nvkm/engine/dma/gf100.o
  CC [M]  drivers/gpu/drm/nouveau/nvkm/engine/dma/gf119.o
  CC [M]  drivers/gpu/drm/nouveau/nvkm/engine/dma/gv100.o
  CC [M]  drivers/gpu/drm/nouveau/nvkm/engine/dma/user.o
  CC [M]  drivers/gpu/drm/nouveau/nvkm/engine/dma/usernv04.o
  CC [M]  drivers/gpu/drm/nouveau/nvkm/engine/dma/usernv50.o
  CC [M]  drivers/gpu/drm/nouveau/nvkm/engine/dma/usergf100.o
  CC [M]  drivers/gpu/drm/nouveau/nvkm/engine/dma/usergf119.o
  CC [M]  drivers/gpu/drm/nouveau/nvkm/engine/dma/usergv100.o
  CC [M]  drivers/gpu/drm/nouveau/nvkm/engine/fifo/base.o
  CC [M]  drivers/gpu/drm/nouveau/nvkm/engine/fifo/cgrp.o
  CC [M]  drivers/gpu/drm/nouveau/nvkm/engine/fifo/chan.o
  CC [M]  drivers/gpu/drm/nouveau/nvkm/engine/fifo/chid.o
  CC [M]  drivers/gpu/drm/nouveau/nvkm/engine/fifo/runl.o
  CC [M]  drivers/gpu/drm/nouveau/nvkm/engine/fifo/nv04.o
  CC [M]  drivers/gpu/drm/nouveau/nvkm/engine/fifo/runq.o
  CC [M]  drivers/gpu/drm/nouveau/nvkm/engine/fifo/nv10.o
  CC [M]  drivers/gpu/drm/nouveau/nvkm/engine/fifo/nv17.o
  CC [M]  drivers/gpu/drm/nouveau/nvkm/engine/fifo/nv40.o
  CC [M]  drivers/gpu/drm/nouveau/nvkm/engine/fifo/nv50.o
  CC [M]  drivers/gpu/drm/nouveau/nvkm/engine/fifo/g84.o
  CC [M]  drivers/gpu/drm/nouveau/nvkm/engine/fifo/g98.o
  CC [M]  drivers/gpu/drm/nouveau/nvkm/engine/fifo/gf100.o
  CC [M]  drivers/gpu/drm/nouveau/nvkm/engine/fifo/gk110.o
  CC [M]  drivers/gpu/drm/nouveau/nvkm/engine/fifo/gk104.o
  CC [M]  drivers/gpu/drm/nouveau/nvkm/engine/fifo/gk208.o
  CC [M]  drivers/gpu/drm/nouveau/nvkm/engine/fifo/gk20a.o
  CC [M]  drivers/gpu/drm/nouveau/nvkm/engine/fifo/gm107.o
  CC [M]  drivers/gpu/drm/nouveau/nvkm/engine/fifo/gm200.o
  CC [M]  drivers/gpu/drm/nouveau/nvkm/engine/fifo/gp100.o
  CC [M]  drivers/gpu/drm/nouveau/nvkm/engine/fifo/gv100.o
  CC [M]  drivers/gpu/drm/nouveau/nvkm/engine/fifo/tu102.o
  CC [M]  drivers/gpu/drm/nouveau/nvkm/engine/fifo/ga100.o
  CC [M]  drivers/gpu/drm/nouveau/nvkm/engine/fifo/ga102.o
  CC [M]  drivers/gpu/drm/nouveau/nvkm/engine/fifo/gb202.o
  CC [M]  drivers/gpu/drm/nouveau/nvkm/engine/fifo/ucgrp.o
  CC [M]  drivers/gpu/drm/nouveau/nvkm/engine/fifo/uchan.o
  CC [M]  drivers/gpu/drm/nouveau/nvkm/engine/gr/base.o
  CC [M]  drivers/gpu/drm/nouveau/nvkm/engine/gr/nv04.o
  CC [M]  drivers/gpu/drm/nouveau/nvkm/engine/gr/nv10.o
  CC [M]  drivers/gpu/drm/nouveau/nvkm/engine/gr/nv15.o
  CC [M]  drivers/gpu/drm/nouveau/nvkm/engine/gr/nv17.o
  CC [M]  drivers/gpu/drm/nouveau/nvkm/engine/gr/nv20.o
  CC [M]  drivers/gpu/drm/nouveau/nvkm/engine/gr/nv25.o
  CC [M]  drivers/gpu/drm/nouveau/nvkm/engine/gr/nv2a.o
  CC [M]  drivers/gpu/drm/nouveau/nvkm/engine/gr/nv30.o
  CC [M]  drivers/gpu/drm/nouveau/nvkm/engine/gr/nv34.o
  CC [M]  drivers/gpu/drm/nouveau/nvkm/engine/gr/nv35.o
  CC [M]  drivers/gpu/drm/nouveau/nvkm/engine/gr/nv40.o
  CC [M]  drivers/gpu/drm/nouveau/nvkm/engine/gr/nv44.o
  CC [M]  drivers/gpu/drm/nouveau/nvkm/engine/gr/nv50.o
  CC [M]  drivers/gpu/drm/nouveau/nvkm/engine/gr/g84.o
  CC [M]  drivers/gpu/drm/nouveau/nvkm/engine/gr/gt200.o
  CC [M]  drivers/gpu/drm/nouveau/nvkm/engine/gr/mcp79.o
  CC [M]  drivers/gpu/drm/nouveau/nvkm/engine/gr/gt215.o
  CC [M]  drivers/gpu/drm/nouveau/nvkm/engine/gr/mcp89.o
  CC [M]  drivers/gpu/drm/nouveau/nvkm/engine/gr/gf100.o
  CC [M]  drivers/gpu/drm/nouveau/nvkm/engine/gr/gf104.o
  CC [M]  drivers/gpu/drm/nouveau/nvkm/engine/gr/gf108.o
  CC [M]  drivers/gpu/drm/nouveau/nvkm/engine/gr/gf117.o
  CC [M]  drivers/gpu/drm/nouveau/nvkm/engine/gr/gf119.o
  CC [M]  drivers/gpu/drm/nouveau/nvkm/engine/gr/gf110.o
  CC [M]  drivers/gpu/drm/nouveau/nvkm/engine/gr/gk110.o
  CC [M]  drivers/gpu/drm/nouveau/nvkm/engine/gr/gk104.o
  CC [M]  drivers/gpu/drm/nouveau/nvkm/engine/gr/gk208.o
  CC [M]  drivers/gpu/drm/nouveau/nvkm/engine/gr/gk110b.o
  CC [M]  drivers/gpu/drm/nouveau/nvkm/engine/gr/gk20a.o
  CC [M]  drivers/gpu/drm/nouveau/nvkm/engine/gr/gm107.o
  CC [M]  drivers/gpu/drm/nouveau/nvkm/engine/gr/gm200.o
  CC [M]  drivers/gpu/drm/nouveau/nvkm/engine/gr/gp100.o
  CC [M]  drivers/gpu/drm/nouveau/nvkm/engine/gr/gm20b.o
  CC [M]  drivers/gpu/drm/nouveau/nvkm/engine/gr/gp102.o
  CC [M]  drivers/gpu/drm/nouveau/nvkm/engine/gr/gp104.o
  CC [M]  drivers/gpu/drm/nouveau/nvkm/engine/gr/gp107.o
  CC [M]  drivers/gpu/drm/nouveau/nvkm/engine/gr/gp108.o
  CC [M]  drivers/gpu/drm/nouveau/nvkm/engine/gr/gp10b.o
  CC [M]  drivers/gpu/drm/nouveau/nvkm/engine/gr/gv100.o
  CC [M]  drivers/gpu/drm/nouveau/nvkm/engine/gr/tu102.o
  CC [M]  drivers/gpu/drm/nouveau/nvkm/engine/gr/ga102.o
  CC [M]  drivers/gpu/drm/nouveau/nvkm/engine/gr/ctxnv40.o
  CC [M]  drivers/gpu/drm/nouveau/nvkm/engine/gr/ctxnv50.o
  CC [M]  drivers/gpu/drm/nouveau/nvkm/engine/gr/ctxgf100.o
  CC [M]  drivers/gpu/drm/nouveau/nvkm/engine/gr/ctxgf104.o
  CC [M]  drivers/gpu/drm/nouveau/nvkm/engine/gr/ctxgf108.o
  CC [M]  drivers/gpu/drm/nouveau/nvkm/engine/gr/ctxgf110.o
  CC [M]  drivers/gpu/drm/nouveau/nvkm/engine/gr/ctxgf117.o
  CC [M]  drivers/gpu/drm/nouveau/nvkm/engine/gr/ctxgf119.o
  CC [M]  drivers/gpu/drm/nouveau/nvkm/engine/gr/ctxgk104.o
  CC [M]  drivers/gpu/drm/nouveau/nvkm/engine/gr/ctxgk110.o
  CC [M]  drivers/gpu/drm/nouveau/nvkm/engine/gr/ctxgk110b.o
  CC [M]  drivers/gpu/drm/nouveau/nvkm/engine/gr/ctxgk208.o
  CC [M]  drivers/gpu/drm/nouveau/nvkm/engine/gr/ctxgk20a.o
  CC [M]  drivers/gpu/drm/nouveau/nvkm/engine/gr/ctxgm107.o
  CC [M]  drivers/gpu/drm/nouveau/nvkm/engine/gr/ctxgm200.o
  CC [M]  drivers/gpu/drm/nouveau/nvkm/engine/gr/ctxgm20b.o
  CC [M]  drivers/gpu/drm/nouveau/nvkm/engine/gr/ctxgp100.o
  CC [M]  drivers/gpu/drm/nouveau/nvkm/engine/gr/ctxgp102.o
  CC [M]  drivers/gpu/drm/nouveau/nvkm/engine/gr/ctxgp104.o
  CC [M]  drivers/gpu/drm/nouveau/nvkm/engine/gr/ctxgp107.o
  CC [M]  drivers/gpu/drm/nouveau/nvkm/engine/gr/ctxgv100.o
  CC [M]  drivers/gpu/drm/nouveau/nvkm/engine/gr/ctxtu102.o
  CC [M]  drivers/gpu/drm/nouveau/nvkm/engine/gr/ctxga102.o
  CC [M]  drivers/gpu/drm/nouveau/nvkm/engine/mpeg/nv31.o
  CC [M]  drivers/gpu/drm/nouveau/nvkm/engine/mpeg/nv40.o
  CC [M]  drivers/gpu/drm/nouveau/nvkm/engine/mpeg/nv44.o
  CC [M]  drivers/gpu/drm/nouveau/nvkm/engine/mpeg/nv50.o
  CC [M]  drivers/gpu/drm/nouveau/nvkm/engine/mpeg/g84.o
  CC [M]  drivers/gpu/drm/nouveau/nvkm/engine/mspdec/base.o
  CC [M]  drivers/gpu/drm/nouveau/nvkm/engine/mspdec/g98.o
  CC [M]  drivers/gpu/drm/nouveau/nvkm/engine/mspdec/gt215.o
  CC [M]  drivers/gpu/drm/nouveau/nvkm/engine/mspdec/gf100.o
  CC [M]  drivers/gpu/drm/nouveau/nvkm/engine/mspdec/gk104.o
  CC [M]  drivers/gpu/drm/nouveau/nvkm/engine/msppp/base.o
  CC [M]  drivers/gpu/drm/nouveau/nvkm/engine/msppp/g98.o
  CC [M]  drivers/gpu/drm/nouveau/nvkm/engine/msppp/gt215.o
  CC [M]  drivers/gpu/drm/nouveau/nvkm/engine/msppp/gf100.o
  CC [M]  drivers/gpu/drm/nouveau/nvkm/engine/msvld/base.o
  CC [M]  drivers/gpu/drm/nouveau/nvkm/engine/msvld/g98.o
  CC [M]  drivers/gpu/drm/nouveau/nvkm/engine/msvld/gt215.o
  CC [M]  drivers/gpu/drm/nouveau/nvkm/engine/msvld/mcp89.o
  CC [M]  drivers/gpu/drm/nouveau/nvkm/engine/msvld/gf100.o
  CC [M]  drivers/gpu/drm/nouveau/nvkm/engine/msvld/gk104.o
  CC [M]  drivers/gpu/drm/nouveau/nvkm/engine/nvenc/base.o
  CC [M]  drivers/gpu/drm/nouveau/nvkm/engine/nvenc/gm107.o
  CC [M]  drivers/gpu/drm/nouveau/nvkm/engine/nvenc/tu102.o
  CC [M]  drivers/gpu/drm/nouveau/nvkm/engine/nvdec/gm107.o
  CC [M]  drivers/gpu/drm/nouveau/nvkm/engine/nvdec/base.o
  CC [M]  drivers/gpu/drm/nouveau/nvkm/engine/nvdec/tu102.o
  CC [M]  drivers/gpu/drm/nouveau/nvkm/engine/nvdec/ga102.o
  CC [M]  drivers/gpu/drm/nouveau/nvkm/engine/sec/g98.o
  CC [M]  drivers/gpu/drm/nouveau/nvkm/engine/sec2/base.o
  CC [M]  drivers/gpu/drm/nouveau/nvkm/engine/sec2/gp102.o
  CC [M]  drivers/gpu/drm/nouveau/nvkm/engine/sec2/gp108.o
  CC [M]  drivers/gpu/drm/nouveau/nvkm/engine/sec2/tu102.o
  CC [M]  drivers/gpu/drm/nouveau/nvkm/engine/sec2/ga102.o
  CC [M]  drivers/gpu/drm/nouveau/nvkm/engine/sec2/r535.o
  CC [M]  drivers/gpu/drm/nouveau/nvkm/engine/sw/base.o
  CC [M]  drivers/gpu/drm/nouveau/nvkm/engine/sw/nv04.o
  CC [M]  drivers/gpu/drm/nouveau/nvkm/engine/sw/nv10.o
  CC [M]  drivers/gpu/drm/nouveau/nvkm/engine/sw/nv50.o
  CC [M]  drivers/gpu/drm/nouveau/nvkm/engine/sw/gf100.o
  CC [M]  drivers/gpu/drm/nouveau/nvkm/engine/sw/chan.o
  CC [M]  drivers/gpu/drm/nouveau/nvkm/engine/sw/nvsw.o
  CC [M]  drivers/gpu/drm/nouveau/nvkm/engine/vp/g84.o
  CC [M]  drivers/gpu/drm/nouveau/nouveau_debugfs.o
  CC [M]  drivers/gpu/drm/nouveau/nouveau_drm.o
  CC [M]  drivers/gpu/drm/nouveau/nouveau_hwmon.o
  CC [M]  drivers/gpu/drm/nouveau/nouveau_ioc32.o
  CC [M]  drivers/gpu/drm/nouveau/nouveau_led.o
  CC [M]  drivers/gpu/drm/nouveau/nouveau_nvif.o
  CC [M]  drivers/gpu/drm/nouveau/nouveau_platform.o
  CC [M]  drivers/gpu/drm/nouveau/nouveau_vga.o
  CC [M]  drivers/gpu/drm/nouveau/nouveau_bo.o
  CC [M]  drivers/gpu/drm/nouveau/nouveau_bo0039.o
  CC [M]  drivers/gpu/drm/nouveau/nouveau_bo5039.o
  CC [M]  drivers/gpu/drm/nouveau/nouveau_bo74c1.o
  CC [M]  drivers/gpu/drm/nouveau/nouveau_bo85b5.o
  CC [M]  drivers/gpu/drm/nouveau/nouveau_bo9039.o
  CC [M]  drivers/gpu/drm/nouveau/nouveau_bo90b5.o
  CC [M]  drivers/gpu/drm/nouveau/nouveau_boa0b5.o
  CC [M]  drivers/gpu/drm/nouveau/nouveau_gem.o
  CC [M]  drivers/gpu/drm/nouveau/nouveau_mem.o
  CC [M]  drivers/gpu/drm/nouveau/nouveau_prime.o
  CC [M]  drivers/gpu/drm/nouveau/nouveau_sgdma.o
  CC [M]  drivers/gpu/drm/nouveau/nouveau_ttm.o
  CC [M]  drivers/gpu/drm/nouveau/nouveau_vmm.o
  CC [M]  drivers/gpu/drm/nouveau/nouveau_exec.o
  CC [M]  drivers/gpu/drm/nouveau/nouveau_sched.o
  CC [M]  drivers/gpu/drm/nouveau/nouveau_uvmm.o
  CC [M]  drivers/gpu/drm/nouveau/nouveau_backlight.o
  CC [M]  drivers/gpu/drm/nouveau/nouveau_bios.o
  CC [M]  drivers/gpu/drm/nouveau/nouveau_connector.o
  CC [M]  drivers/gpu/drm/nouveau/nouveau_display.o
  CC [M]  drivers/gpu/drm/nouveau/nouveau_dp.o
  CC [M]  drivers/gpu/drm/nouveau/dispnv04/arb.o
  CC [M]  drivers/gpu/drm/nouveau/dispnv04/crtc.o
  CC [M]  drivers/gpu/drm/nouveau/dispnv04/cursor.o
  CC [M]  drivers/gpu/drm/nouveau/dispnv04/dac.o
  CC [M]  drivers/gpu/drm/nouveau/dispnv04/dfp.o
  CC [M]  drivers/gpu/drm/nouveau/dispnv04/disp.o
  CC [M]  drivers/gpu/drm/nouveau/dispnv04/hw.o
  CC [M]  drivers/gpu/drm/nouveau/dispnv04/nouveau_i2c_encoder.o
  CC [M]  drivers/gpu/drm/nouveau/dispnv04/overlay.o
  CC [M]  drivers/gpu/drm/nouveau/dispnv04/tvmodesnv17.o
  CC [M]  drivers/gpu/drm/nouveau/dispnv04/tvnv04.o
  CC [M]  drivers/gpu/drm/nouveau/dispnv04/tvnv17.o
  CC [M]  drivers/gpu/drm/nouveau/dispnv50/disp.o
  CC [M]  drivers/gpu/drm/nouveau/dispnv50/lut.o
  CC [M]  drivers/gpu/drm/nouveau/dispnv50/core507d.o
  CC [M]  drivers/gpu/drm/nouveau/dispnv50/core.o
  CC [M]  drivers/gpu/drm/nouveau/dispnv50/core827d.o
  CC [M]  drivers/gpu/drm/nouveau/dispnv50/core907d.o
  CC [M]  drivers/gpu/drm/nouveau/dispnv50/core917d.o
  CC [M]  drivers/gpu/drm/nouveau/dispnv50/corec37d.o
  CC [M]  drivers/gpu/drm/nouveau/dispnv50/corec57d.o
  CC [M]  drivers/gpu/drm/nouveau/dispnv50/coreca7d.o
  CC [M]  drivers/gpu/drm/nouveau/dispnv50/crc.o
  CC [M]  drivers/gpu/drm/nouveau/dispnv50/crc907d.o
  CC [M]  drivers/gpu/drm/nouveau/dispnv50/crcc37d.o
  CC [M]  drivers/gpu/drm/nouveau/dispnv50/crcca7d.o
  CC [M]  drivers/gpu/drm/nouveau/dispnv50/crcc57d.o
  CC [M]  drivers/gpu/drm/nouveau/dispnv50/dac507d.o
  CC [M]  drivers/gpu/drm/nouveau/dispnv50/dac907d.o
  CC [M]  drivers/gpu/drm/nouveau/dispnv50/pior507d.o
  CC [M]  drivers/gpu/drm/nouveau/dispnv50/sor507d.o
  CC [M]  drivers/gpu/drm/nouveau/dispnv50/sor907d.o
  CC [M]  drivers/gpu/drm/nouveau/dispnv50/sorc37d.o
  CC [M]  drivers/gpu/drm/nouveau/dispnv50/head.o
  CC [M]  drivers/gpu/drm/nouveau/dispnv50/head507d.o
  CC [M]  drivers/gpu/drm/nouveau/dispnv50/head827d.o
  CC [M]  drivers/gpu/drm/nouveau/dispnv50/head907d.o
  CC [M]  drivers/gpu/drm/nouveau/dispnv50/head917d.o
  CC [M]  drivers/gpu/drm/nouveau/dispnv50/headc37d.o
  CC [M]  drivers/gpu/drm/nouveau/dispnv50/headc57d.o
  CC [M]  drivers/gpu/drm/nouveau/dispnv50/headca7d.o
  CC [M]  drivers/gpu/drm/nouveau/dispnv50/wimm.o
  CC [M]  drivers/gpu/drm/nouveau/dispnv50/wimmc37b.o
  CC [M]  drivers/gpu/drm/nouveau/dispnv50/wndw.o
  CC [M]  drivers/gpu/drm/nouveau/dispnv50/wndwc37e.o
  CC [M]  drivers/gpu/drm/nouveau/dispnv50/wndwc57e.o
  CC [M]  drivers/gpu/drm/nouveau/dispnv50/wndwc67e.o
  CC [M]  drivers/gpu/drm/nouveau/dispnv50/wndwca7e.o
  CC [M]  drivers/gpu/drm/nouveau/dispnv50/base.o
  CC [M]  drivers/gpu/drm/nouveau/dispnv50/base507c.o
  CC [M]  drivers/gpu/drm/nouveau/dispnv50/base827c.o
  CC [M]  drivers/gpu/drm/nouveau/dispnv50/base907c.o
  CC [M]  drivers/gpu/drm/nouveau/dispnv50/base917c.o
  CC [M]  drivers/gpu/drm/nouveau/dispnv50/curs.o
  CC [M]  drivers/gpu/drm/nouveau/dispnv50/curs507a.o
  CC [M]  drivers/gpu/drm/nouveau/dispnv50/curs907a.o
  CC [M]  drivers/gpu/drm/nouveau/dispnv50/cursc37a.o
  CC [M]  drivers/gpu/drm/nouveau/dispnv50/oimm.o
  CC [M]  drivers/gpu/drm/nouveau/dispnv50/ovly.o
  CC [M]  drivers/gpu/drm/nouveau/dispnv50/oimm507b.o
  CC [M]  drivers/gpu/drm/nouveau/dispnv50/ovly507e.o
  CC [M]  drivers/gpu/drm/nouveau/dispnv50/ovly827e.o
  CC [M]  drivers/gpu/drm/nouveau/dispnv50/ovly907e.o
  CC [M]  drivers/gpu/drm/nouveau/dispnv50/ovly917e.o
  CC [M]  drivers/gpu/drm/nouveau/nouveau_abi16.o
  CC [M]  drivers/gpu/drm/nouveau/nouveau_chan.o
  CC [M]  drivers/gpu/drm/nouveau/nouveau_dma.o
  CC [M]  drivers/gpu/drm/nouveau/nouveau_fence.o
  CC [M]  drivers/gpu/drm/nouveau/nv04_fence.o
  CC [M]  drivers/gpu/drm/nouveau/nv10_fence.o
  CC [M]  drivers/gpu/drm/nouveau/nv17_fence.o
  CC [M]  drivers/gpu/drm/nouveau/nv50_fence.o
  CC [M]  drivers/gpu/drm/nouveau/nv84_fence.o
  CC [M]  drivers/gpu/drm/nouveau/gv100_fence.o
  CC [M]  drivers/gpu/drm/nouveau/nvc0_fence.o
  LD [M]  drivers/gpu/drm/nouveau/ch7006.o
  LD [M]  drivers/gpu/drm/nouveau/sil164.o
  LD [M]  drivers/gpu/drm/nouveau/nouveau.o
  MODPOST Module.symvers
  CC [M]  arch/arm64/crypto/aes-neon-blk.mod.o
  CC [M]  .module-common.o
  CC [M]  arch/arm64/crypto/aes-neon-bs.mod.o
  CC [M]  fs/nfs/blocklayout/blocklayoutdriver.mod.o
  CC [M]  fs/pstore/ramoops.mod.o
  CC [M]  fs/ubifs/ubifs.mod.o
  CC [M]  fs/fuse/fuse.mod.o
  CC [M]  fs/fuse/cuse.mod.o
  CC [M]  fs/overlayfs/overlay.mod.o
  CC [M]  fs/btrfs/btrfs.mod.o
  CC [M]  crypto/crypto_engine.mod.o
  CC [M]  crypto/kpp.mod.o
  CC [M]  crypto/dh_generic.mod.o
  CC [M]  crypto/cmac.mod.o
  CC [M]  crypto/hmac.mod.o
  CC [M]  crypto/md5.mod.o
  CC [M]  crypto/sha1.mod.o
  CC [M]  crypto/sha256.mod.o
  CC [M]  crypto/sha512.mod.o
  CC [M]  crypto/sha3.mod.o
  CC [M]  crypto/sm3.mod.o
  CC [M]  crypto/cbc.mod.o
  CC [M]  crypto/xts.mod.o
  CC [M]  crypto/ctr.mod.o
  CC [M]  crypto/gcm.mod.o
  CC [M]  crypto/ccm.mod.o
  CC [M]  crypto/des_generic.mod.o
  CC [M]  crypto/aes.mod.o
  CC [M]  crypto/sm4.mod.o
  CC [M]  crypto/sm4_generic.mod.o
  CC [M]  crypto/chacha.mod.o
  CC [M]  crypto/deflate.mod.o
  CC [M]  crypto/authenc.mod.o
  CC [M]  crypto/authencesn.mod.o
  CC [M]  crypto/lz4.mod.o
  CC [M]  crypto/tcrypt.mod.o
  CC [M]  crypto/af_alg.mod.o
  CC [M]  crypto/algif_rng.mod.o
  CC [M]  crypto/zstd.mod.o
  CC [M]  crypto/ecc.mod.o
  CC [M]  crypto/ecdh_generic.mod.o
  CC [M]  crypto/df_sp80090a.mod.o
  CC [M]  lib/crc/crc-ccitt.mod.o
  CC [M]  lib/crypto/libarc4.mod.o
  CC [M]  lib/crypto/libblake2b.mod.o
  CC [M]  lib/crypto/libchacha.mod.o
  CC [M]  lib/crypto/libdes.mod.o
  CC [M]  lib/crypto/libgf128hash.mod.o
  CC [M]  lib/crypto/libmd5.mod.o
  CC [M]  lib/crypto/libsha512.mod.o
  CC [M]  lib/crypto/libsha3.mod.o
  CC [M]  lib/crypto/libsm3.mod.o
  CC [M]  lib/raid/xor/xor.mod.o
  CC [M]  lib/lz4/lz4_compress.mod.o
  CC [M]  lib/zstd/zstd_compress.mod.o
  CC [M]  lib/reed_solomon/reed_solomon.mod.o
  CC [M]  lib/raid6/raid6_pq.mod.o
  CC [M]  drivers/irqchip/irq-bcm2712-mip.mod.o
  CC [M]  drivers/irqchip/irq-imx-mu-msi.mod.o
  CC [M]  drivers/irqchip/irq-pruss-intc.mod.o
  CC [M]  drivers/bus/mhi/host/mhi.mod.o
  CC [M]  drivers/bus/mhi/host/mhi_pci_generic.mod.o
  CC [M]  drivers/bus/imx-aipstz.mod.o
  CC [M]  drivers/bus/tegra-aconnect.mod.o
  CC [M]  drivers/phy/allwinner/phy-sun6i-mipi-dphy.mod.o
  CC [M]  drivers/phy/cadence/phy-cadence-torrent.mod.o
  CC [M]  drivers/phy/cadence/cdns-dphy.mod.o
  CC [M]  drivers/phy/cadence/cdns-dphy-rx.mod.o
  CC [M]  drivers/phy/cadence/phy-cadence-sierra.mod.o
  CC [M]  drivers/phy/cadence/phy-cadence-salvo.mod.o
  CC [M]  drivers/phy/freescale/phy-fsl-imx8mq-usb.mod.o
  CC [M]  drivers/phy/freescale/phy-fsl-imx8-mipi-dphy.mod.o
  CC [M]  drivers/phy/freescale/phy-fsl-samsung-hdmi.mod.o
  CC [M]  drivers/phy/mediatek/phy-mtk-dp.mod.o
  CC [M]  drivers/phy/mediatek/phy-mtk-pcie.mod.o
  CC [M]  drivers/phy/mediatek/phy-mtk-hdmi-drv.mod.o
  CC [M]  drivers/phy/mediatek/phy-mtk-mipi-dsi-drv.mod.o
  CC [M]  drivers/phy/qualcomm/phy-qcom-edp.mod.o
  CC [M]  drivers/phy/qualcomm/phy-qcom-m31.mod.o
  CC [M]  drivers/phy/qualcomm/phy-qcom-m31-eusb2.mod.o
  CC [M]  drivers/phy/qualcomm/phy-qcom-pcie2.mod.o
  CC [M]  drivers/phy/qualcomm/phy-qcom-qmp-combo.mod.o
  CC [M]  drivers/phy/qualcomm/phy-qcom-qmp-usbc.mod.o
  CC [M]  drivers/phy/qualcomm/phy-qcom-qmp-pcie.mod.o
  CC [M]  drivers/phy/qualcomm/phy-qcom-qmp-pcie-msm8996.mod.o
  CC [M]  drivers/phy/qualcomm/phy-qcom-qmp-ufs.mod.o
  CC [M]  drivers/phy/qualcomm/phy-qcom-qmp-usb.mod.o
  CC [M]  drivers/phy/qualcomm/phy-qcom-qusb2.mod.o
  CC [M]  drivers/phy/qualcomm/phy-qcom-eusb2-repeater.mod.o
  CC [M]  drivers/phy/qualcomm/phy-qcom-usb-hs.mod.o
  CC [M]  drivers/phy/qualcomm/phy-qcom-usb-hs-28nm.mod.o
  CC [M]  drivers/phy/qualcomm/phy-qcom-usb-ss.mod.o
  CC [M]  drivers/phy/qualcomm/phy-qcom-snps-femto-v2.mod.o
  CC [M]  drivers/phy/qualcomm/phy-qcom-sgmii-eth.mod.o
  CC [M]  drivers/phy/renesas/phy-rcar-gen3-usb3.mod.o
  CC [M]  drivers/phy/renesas/phy-rzg3e-usb3.mod.o
  CC [M]  drivers/phy/rockchip/phy-rockchip-inno-dsidphy.mod.o
  CC [M]  drivers/phy/rockchip/phy-rockchip-naneng-combphy.mod.o
  CC [M]  drivers/phy/rockchip/phy-rockchip-inno-hdmi.mod.o
  CC [M]  drivers/phy/rockchip/phy-rockchip-pcie.mod.o
  CC [M]  drivers/phy/rockchip/phy-rockchip-samsung-hdptx.mod.o
  CC [M]  drivers/phy/rockchip/phy-rockchip-usbdp.mod.o
  CC [M]  drivers/phy/samsung/phy-exynos5-usbdrd.mod.o
  CC [M]  drivers/phy/tegra/phy-tegra194-p2u.mod.o
  CC [M]  drivers/phy/ti/phy-omap-usb2.mod.o
  CC [M]  drivers/phy/ti/phy-j721e-wiz.mod.o
  CC [M]  drivers/phy/ti/phy-am654-serdes.mod.o
  CC [M]  drivers/phy/xilinx/phy-zynqmp.mod.o
  CC [M]  drivers/phy/phy-can-transceiver.mod.o
  CC [M]  drivers/phy/phy-nxp-ptn3222.mod.o
  CC [M]  drivers/phy/phy-snps-eusb2.mod.o
  CC [M]  drivers/pinctrl/qcom/pinctrl-milos-lpass-lpi.mod.o
  CC [M]  drivers/pinctrl/qcom/pinctrl-sc7280-lpass-lpi.mod.o
  CC [M]  drivers/pinctrl/qcom/pinctrl-sm6115-lpass-lpi.mod.o
  CC [M]  drivers/pinctrl/qcom/pinctrl-sm8250-lpass-lpi.mod.o
  CC [M]  drivers/pinctrl/qcom/pinctrl-sm8450-lpass-lpi.mod.o
  CC [M]  drivers/pinctrl/qcom/pinctrl-sm8550-lpass-lpi.mod.o
  CC [M]  drivers/pinctrl/qcom/pinctrl-sm8650-lpass-lpi.mod.o
  CC [M]  drivers/pinctrl/qcom/pinctrl-lpass-lpi.mod.o
  CC [M]  drivers/pinctrl/qcom/pinctrl-sc8280xp-lpass-lpi.mod.o
  CC [M]  drivers/pinctrl/pinctrl-apple-gpio.mod.o
  CC [M]  drivers/pinctrl/pinctrl-da9062.mod.o
  CC [M]  drivers/pinctrl/pinctrl-rk805.mod.o
  CC [M]  drivers/pinctrl/pinctrl-sx150x.mod.o
  CC [M]  drivers/pinctrl/pinctrl-rp1.mod.o
  CC [M]  drivers/pinctrl/pinctrl-tps6594.mod.o
  CC [M]  drivers/gpio/gpio-regmap.mod.o
  CC [M]  drivers/gpio/gpio-adp5585.mod.o
  CC [M]  drivers/gpio/gpio-aggregator.mod.o
  CC [M]  drivers/gpio/gpio-altera.mod.o
  CC [M]  drivers/gpio/gpio-bd9571mwv.mod.o
  CC [M]  drivers/gpio/gpio-macsmc.mod.o
  CC [M]  drivers/gpio/gpio-max77759.mod.o
  CC [M]  drivers/gpio/gpio-pcf857x.mod.o
  CC [M]  drivers/gpio/gpio-shared-proxy.mod.o
  CC [M]  drivers/gpio/gpio-sl28cpld.mod.o
  CC [M]  drivers/gpio/gpio-tpic2810.mod.o
  CC [M]  drivers/gpio/gpio-wcd934x.mod.o
  CC [M]  drivers/gpio/gpio-xilinx.mod.o
  CC [M]  drivers/gpio/gpio-zynq.mod.o
  CC [M]  drivers/pwm/pwm-adp5585.mod.o
  CC [M]  drivers/pwm/pwm-apple.mod.o
  CC [M]  drivers/pwm/pwm-bcm2835.mod.o
  CC [M]  drivers/pwm/pwm-brcmstb.mod.o
  CC [M]  drivers/pwm/pwm-cros-ec.mod.o
  CC [M]  drivers/pwm/pwm-imx27.mod.o
  CC [M]  drivers/pwm/pwm-mediatek.mod.o
  CC [M]  drivers/pwm/pwm-meson.mod.o
  CC [M]  drivers/pwm/pwm-mtk-disp.mod.o
  CC [M]  drivers/pwm/pwm-rcar.mod.o
  CC [M]  drivers/pwm/pwm-rzg2l-gpt.mod.o
  CC [M]  drivers/pwm/pwm-rz-mtu3.mod.o
  CC [M]  drivers/pwm/pwm-renesas-tpu.mod.o
  CC [M]  drivers/pwm/pwm-sl28cpld.mod.o
  CC [M]  drivers/pwm/pwm-stm32.mod.o
  CC [M]  drivers/pwm/pwm-sun4i.mod.o
  CC [M]  drivers/pwm/pwm-tegra.mod.o
  CC [M]  drivers/pwm/pwm-tiecap.mod.o
  CC [M]  drivers/pwm/pwm-tiehrpwm.mod.o
  CC [M]  drivers/pwm/pwm-visconti.mod.o
  CC [M]  drivers/pwm/pwm-xilinx.mod.o
  CC [M]  drivers/leds/led-class-flash.mod.o
  CC [M]  drivers/leds/led-class-multicolor.mod.o
  CC [M]  drivers/leds/leds-cros_ec.mod.o
  CC [M]  drivers/leds/leds-lm3692x.mod.o
  CC [M]  drivers/leds/leds-pca9532.mod.o
  CC [M]  drivers/leds/flash/leds-qcom-flash.mod.o
  CC [M]  drivers/leds/rgb/leds-qcom-lpg.mod.o
  CC [M]  drivers/pci/pwrctrl/pci-pwrctrl-pwrseq.mod.o
  CC [M]  drivers/pci/pwrctrl/pci-pwrctrl-tc9563.mod.o
  CC [M]  drivers/pci/endpoint/functions/pci-epf-test.mod.o
  CC [M]  drivers/pci/controller/dwc/pci-meson.mod.o
  CC [M]  drivers/pci/controller/dwc/pcie-tegra194.mod.o
  CC [M]  drivers/pci/controller/dwc/pcie-rcar-gen4.mod.o
  CC [M]  drivers/pci/controller/cadence/pcie-cadence-mod.mod.o
  CC [M]  drivers/pci/controller/cadence/pcie-cadence-host-mod.mod.o
  CC [M]  drivers/pci/controller/cadence/pci-j721e.mod.o
  CC [M]  drivers/pci/controller/pcie-rockchip-host.mod.o
  CC [M]  drivers/pci/controller/pcie-mediatek-gen3.mod.o
  CC [M]  drivers/pci/controller/pcie-brcmstb.mod.o
  CC [M]  drivers/pci/controller/pcie-apple.mod.o
  CC [M]  drivers/video/backlight/apple_dwi_bl.mod.o
  CC [M]  drivers/video/backlight/backlight.mod.o
  CC [M]  drivers/video/backlight/gpio_backlight.mod.o
  CC [M]  drivers/video/backlight/lp855x_bl.mod.o
  CC [M]  drivers/video/backlight/pwm_bl.mod.o
  CC [M]  drivers/video/backlight/qcom-wled.mod.o
  CC [M]  drivers/char/ipmi/ipmi_devintf.mod.o
  CC [M]  drivers/char/ipmi/ipmi_msghandler.mod.o
  CC [M]  drivers/clk/mediatek/clk-mt8196-mfg.mod.o
  CC [M]  drivers/char/ipmi/ipmi_si.mod.o
  CC [M]  drivers/clk/mediatek/clk-mt8196-disp0.mod.o
  CC [M]  drivers/clk/mediatek/clk-mt8196-disp1.mod.o
  CC [M]  drivers/clk/mediatek/clk-mt8196-vdisp_ao.mod.o
  CC [M]  drivers/clk/mediatek/clk-mt8196-ovl0.mod.o
  CC [M]  drivers/clk/mediatek/clk-mt8196-ovl1.mod.o
  CC [M]  drivers/clk/mediatek/clk-mt8196-vdec.mod.o
  CC [M]  drivers/clk/mediatek/clk-mt8196-venc.mod.o
  CC [M]  drivers/clk/meson/clk-phase.mod.o
  CC [M]  drivers/clk/meson/sclk-div.mod.o
  CC [M]  drivers/clk/meson/axg-audio.mod.o
  CC [M]  drivers/clk/qcom/dispcc-eliza.mod.o
  CC [M]  drivers/clk/qcom/tcsrcc-eliza.mod.o
  CC [M]  drivers/clk/qcom/lpass-gfm-sm8250.mod.o
  CC [M]  drivers/clk/qcom/dispcc-glymur.mod.o
  CC [M]  drivers/clk/qcom/tcsrcc-glymur.mod.o
  CC [M]  drivers/clk/qcom/cambistmclkcc-kaanapali.mod.o
  CC [M]  drivers/clk/qcom/camcc-kaanapali.mod.o
  CC [M]  drivers/clk/qcom/dispcc-kaanapali.mod.o
  CC [M]  drivers/clk/qcom/gpucc-kaanapali.mod.o
  CC [M]  drivers/clk/qcom/gxclkctl-kaanapali.mod.o
  CC [M]  drivers/clk/qcom/videocc-kaanapali.mod.o
  CC [M]  drivers/clk/qcom/tcsrcc-kaanapali.mod.o
  CC [M]  drivers/clk/qcom/camcc-x1e80100.mod.o
  CC [M]  drivers/clk/qcom/dispcc-x1e80100.mod.o
  CC [M]  drivers/clk/qcom/gpucc-x1e80100.mod.o
  CC [M]  drivers/clk/qcom/gpucc-x1p42100.mod.o
  CC [M]  drivers/clk/qcom/gpucc-qcm2290.mod.o
  CC [M]  drivers/clk/qcom/ipq-cmn-pll.mod.o
  CC [M]  drivers/clk/qcom/nsscc-ipq5424.mod.o
  CC [M]  drivers/clk/qcom/nsscc-ipq9574.mod.o
  CC [M]  drivers/clk/qcom/mmcc-msm8996.mod.o
  CC [M]  drivers/clk/qcom/mmcc-msm8994.mod.o
  CC [M]  drivers/clk/qcom/mmcc-msm8998.mod.o
  CC [M]  drivers/clk/qcom/dispcc-qcm2290.mod.o
  CC [M]  drivers/clk/qcom/camcc-qcs615.mod.o
  CC [M]  drivers/clk/qcom/dispcc-qcs615.mod.o
  CC [M]  drivers/clk/qcom/gpucc-qcs615.mod.o
  CC [M]  drivers/clk/qcom/videocc-qcs615.mod.o
  CC [M]  drivers/clk/qcom/camcc-sc7280.mod.o
  CC [M]  drivers/clk/qcom/camcc-sc8280xp.mod.o
  CC [M]  drivers/clk/qcom/dispcc-sc7280.mod.o
  CC [M]  drivers/clk/qcom/dispcc-sc8280xp.mod.o
  CC [M]  drivers/clk/qcom/camcc-sa8775p.mod.o
  CC [M]  drivers/clk/qcom/dispcc0-sa8775p.mod.o
  CC [M]  drivers/clk/qcom/dispcc1-sa8775p.mod.o
  CC [M]  drivers/clk/qcom/gpucc-sa8775p.mod.o
  CC [M]  drivers/clk/qcom/videocc-sa8775p.mod.o
  CC [M]  drivers/clk/qcom/gpucc-sc7280.mod.o
  CC [M]  drivers/clk/qcom/gpucc-sc8280xp.mod.o
  CC [M]  drivers/clk/qcom/lpasscc-sc8280xp.mod.o
  CC [M]  drivers/clk/qcom/lpasscorecc-sc7280.mod.o
  CC [M]  drivers/clk/qcom/lpassaudiocc-sc7280.mod.o
  CC [M]  drivers/clk/qcom/videocc-sc7280.mod.o
  CC [M]  drivers/clk/qcom/camcc-sdm845.mod.o
  CC [M]  drivers/clk/qcom/lpasscc-sdm845.mod.o
  CC [M]  drivers/clk/qcom/camcc-sm6350.mod.o
  CC [M]  drivers/clk/qcom/camcc-sm8250.mod.o
  CC [M]  drivers/clk/qcom/camcc-sm8550.mod.o
  CC [M]  drivers/clk/qcom/camcc-sm8650.mod.o
  CC [M]  drivers/clk/qcom/cambistmclkcc-sm8750.mod.o
  CC [M]  drivers/clk/qcom/camcc-sm8750.mod.o
  CC [M]  drivers/clk/qcom/camcc-milos.mod.o
  CC [M]  drivers/clk/qcom/dispcc-sm6115.mod.o
  CC [M]  drivers/clk/qcom/dispcc-sm6350.mod.o
  CC [M]  drivers/clk/qcom/dispcc-sm8450.mod.o
  CC [M]  drivers/clk/qcom/dispcc-sm8550.mod.o
  CC [M]  drivers/clk/qcom/dispcc-sm8750.mod.o
  CC [M]  drivers/clk/qcom/dispcc-milos.mod.o
  CC [M]  drivers/clk/qcom/gpucc-sm6115.mod.o
  CC [M]  drivers/clk/qcom/gpucc-sm6350.mod.o
  CC [M]  drivers/clk/qcom/gpucc-sm8350.mod.o
  CC [M]  drivers/clk/qcom/gpucc-sm8450.mod.o
  CC [M]  drivers/clk/qcom/gpucc-sm8550.mod.o
  CC [M]  drivers/clk/qcom/gpucc-sm8650.mod.o
  CC [M]  drivers/clk/qcom/gpucc-sm8750.mod.o
  CC [M]  drivers/clk/qcom/gpucc-milos.mod.o
  CC [M]  drivers/clk/qcom/tcsrcc-sm8750.mod.o
  CC [M]  drivers/clk/qcom/videocc-sm6350.mod.o
  CC [M]  drivers/clk/qcom/videocc-sm8450.mod.o
  CC [M]  drivers/clk/qcom/videocc-sm8550.mod.o
  CC [M]  drivers/clk/qcom/videocc-milos.mod.o
  CC [M]  drivers/clk/renesas/clk-vbattb.mod.o
  CC [M]  drivers/clk/qcom/videocc-sm8750.mod.o
  CC [M]  drivers/clk/samsung/clk-acpm.mod.o
  CC [M]  drivers/clk/xilinx/xlnx_vcu.mod.o
  CC [M]  drivers/clk/xilinx/clk-xlnx-clock-wizard.mod.o
  CC [M]  drivers/clk/clk-bd718x7.mod.o
  CC [M]  drivers/clk/clk-apple-nco.mod.o
  CC [M]  drivers/clk/clk-rp1.mod.o
  CC [M]  drivers/dma/sh/usb-dmac.mod.o
  CC [M]  drivers/dma/qcom/gpi.mod.o
  CC [M]  drivers/dma/mediatek/mtk-uart-apdma.mod.o
  CC [M]  drivers/dma/stm32/stm32-dma3.mod.o
  CC [M]  drivers/dma/xilinx/zynqmp_dma.mod.o
  CC [M]  drivers/dma/xilinx/xilinx_dma.mod.o
  CC [M]  drivers/dma/xilinx/xilinx_dpdma.mod.o
  CC [M]  drivers/dma/apple-admac.mod.o
  CC [M]  drivers/dma/bcm-sba-raid.mod.o
  CC [M]  drivers/dma/sun6i-dma.mod.o
  CC [M]  drivers/dma/dw-edma/dw-edma.mod.o
  CC [M]  drivers/dma/imx-sdma.mod.o
  CC [M]  drivers/dma/tegra210-adma.mod.o
  CC [M]  drivers/soc/apple/apple-mailbox.mod.o
  CC [M]  drivers/soc/apple/apple-rtkit.mod.o
  CC [M]  drivers/soc/apple/apple-sart.mod.o
  CC [M]  drivers/soc/mediatek/mtk-cmdq-helper.mod.o
  CC [M]  drivers/soc/mediatek/mtk-devapc.mod.o
  CC [M]  drivers/soc/mediatek/mtk-mmsys.mod.o
  CC [M]  drivers/soc/mediatek/mtk-svs.mod.o
  CC [M]  drivers/soc/mediatek/mtk-mutex.mod.o
  CC [M]  drivers/soc/amlogic/meson-canvas.mod.o
  CC [M]  drivers/soc/qcom/mdt_loader.mod.o
  CC [M]  drivers/soc/qcom/ocmem.mod.o
  CC [M]  drivers/soc/qcom/qcom_pd_mapper.mod.o
  CC [M]  drivers/soc/qcom/pdr_interface.mod.o
  CC [M]  drivers/soc/qcom/qcom_pdr_msg.mod.o
  CC [M]  drivers/soc/qcom/pmic_glink.mod.o
  CC [M]  drivers/soc/qcom/pmic_glink_altmode.mod.o
  CC [M]  drivers/soc/qcom/rmtfs_mem.mod.o
  CC [M]  drivers/soc/qcom/socinfo.mod.o
  CC [M]  drivers/soc/qcom/qmi_helpers.mod.o
  CC [M]  drivers/soc/qcom/spm.mod.o
  CC [M]  drivers/soc/qcom/qcom_stats.mod.o
  CC [M]  drivers/soc/qcom/wcnss_ctrl.mod.o
  CC [M]  drivers/soc/qcom/apr.mod.o
  CC [M]  drivers/soc/qcom/llcc-qcom.mod.o
  CC [M]  drivers/soc/qcom/qcom-pbs.mod.o
  CC [M]  drivers/soc/qcom/qcom_ice.mod.o
  CC [M]  drivers/soc/qcom/icc-bwmon.mod.o
  CC [M]  drivers/soc/qcom/ubwc_config.mod.o
  CC [M]  drivers/soc/ti/pruss.mod.o
  CC [M]  drivers/xen/xen-pciback/xen-pciback.mod.o
  CC [M]  drivers/regulator/da9211-regulator.mod.o
  CC [M]  drivers/regulator/max20411-regulator.mod.o
  CC [M]  drivers/regulator/mt6315-regulator.mod.o
  CC [M]  drivers/regulator/lp873x-regulator.mod.o
  CC [M]  drivers/regulator/mt6316-regulator.mod.o
  CC [M]  drivers/regulator/qcom-pm8008-regulator.mod.o
  CC [M]  drivers/regulator/qcom-refgen-regulator.mod.o
  CC [M]  drivers/regulator/qcom_usb_vbus-regulator.mod.o
  CC [M]  drivers/regulator/tps65132-regulator.mod.o
  CC [M]  drivers/regulator/tps6594-regulator.mod.o
  CC [M]  drivers/regulator/vctrl-regulator.mod.o
  CC [M]  drivers/reset/amlogic/reset-meson-aux.mod.o
  CC [M]  drivers/reset/amlogic/reset-meson-audio-arb.mod.o
  CC [M]  drivers/reset/reset-berlin.mod.o
  CC [M]  drivers/reset/reset-qcom-pdc.mod.o
  CC [M]  drivers/reset/reset-gpio.mod.o
  CC [M]  drivers/reset/reset-rzv2h-usb2phy.mod.o
  CC [M]  drivers/char/tpm/tpm_tis_core.mod.o
  CC [M]  drivers/char/tpm/tpm_tis.mod.o
  CC [M]  drivers/char/tpm/tpm_tis_spi.mod.o
  CC [M]  drivers/iommu/apple-dart.mod.o
  CC [M]  drivers/char/tpm/tpm_tis_i2c_cr50.mod.o
  CC [M]  drivers/gpu/drm/arm/hdlcd.mod.o
  CC [M]  drivers/gpu/host1x/host1x.mod.o
  CC [M]  drivers/gpu/drm/arm/mali-dp.mod.o
  CC [M]  drivers/gpu/drm/arm/display/komeda/komeda.mod.o
  CC [M]  drivers/gpu/drm/clients/drm_client_lib.mod.o
  CC [M]  drivers/gpu/drm/display/drm_dp_aux_bus.mod.o
  CC [M]  drivers/gpu/drm/display/drm_display_helper.mod.o
  CC [M]  drivers/gpu/drm/renesas/rcar-du/rcar_cmm.mod.o
  CC [M]  drivers/gpu/drm/renesas/rcar-du/rcar-du-drm.mod.o
  CC [M]  drivers/gpu/drm/renesas/rcar-du/rcar_dw_hdmi.mod.o
  CC [M]  drivers/gpu/drm/renesas/rcar-du/rcar_lvds.mod.o
  CC [M]  drivers/gpu/drm/renesas/rcar-du/rcar_mipi_dsi.mod.o
  CC [M]  drivers/gpu/drm/renesas/rz-du/rzg2l-du-drm.mod.o
  CC [M]  drivers/gpu/drm/renesas/rz-du/rzg2l_mipi_dsi.mod.o
  CC [M]  drivers/gpu/drm/imx/dcss/imx-dcss.mod.o
  CC [M]  drivers/gpu/drm/panel/panel-boe-tv101wum-nl6.mod.o
  CC [M]  drivers/gpu/drm/panel/panel-lvds.mod.o
  CC [M]  drivers/gpu/drm/panel/panel-simple.mod.o
  CC [M]  drivers/gpu/drm/panel/panel-himax-hx8279.mod.o
  CC [M]  drivers/gpu/drm/panel/panel-edp.mod.o
  CC [M]  drivers/gpu/drm/panel/panel-himax-hx83112a.mod.o
  CC [M]  drivers/gpu/drm/panel/panel-himax-hx83112b.mod.o
  CC [M]  drivers/gpu/drm/panel/panel-ilitek-ili9882t.mod.o
  CC [M]  drivers/gpu/drm/panel/panel-khadas-ts050.mod.o
  CC [M]  drivers/gpu/drm/panel/panel-novatek-nt36672a.mod.o
  CC [M]  drivers/gpu/drm/panel/panel-novatek-nt36672e.mod.o
  CC [M]  drivers/gpu/drm/panel/panel-novatek-nt37801.mod.o
  CC [M]  drivers/gpu/drm/panel/panel-mantix-mlaf057we51.mod.o
  CC [M]  drivers/gpu/drm/panel/panel-raydium-rm67191.mod.o
  CC [M]  drivers/gpu/drm/panel/panel-samsung-atna33xc20.mod.o
  CC [M]  drivers/gpu/drm/panel/panel-raydium-rm692e5.mod.o
  CC [M]  drivers/gpu/drm/panel/panel-sitronix-st7703.mod.o
  CC [M]  drivers/gpu/drm/panel/panel-summit.mod.o
  CC [M]  drivers/gpu/drm/panel/panel-startek-kd070fhfid015.mod.o
  CC [M]  drivers/gpu/drm/panel/panel-truly-nt35597.mod.o
  CC [M]  drivers/gpu/drm/panel/panel-visionox-vtdr6130.mod.o
  CC [M]  drivers/gpu/drm/bridge/analogix/anx7625.mod.o
  CC [M]  drivers/gpu/drm/bridge/analogix/analogix_dp.mod.o
  CC [M]  drivers/gpu/drm/bridge/cadence/cdns-mhdp8546.mod.o
  CC [M]  drivers/gpu/drm/bridge/cadence/cdns-dsi.mod.o
  CC [M]  drivers/gpu/drm/bridge/imx/imx8mp-hdmi-tx.mod.o
  CC [M]  drivers/gpu/drm/bridge/imx/imx8mp-hdmi-pai.mod.o
  CC [M]  drivers/gpu/drm/bridge/imx/imx8mp-hdmi-pvi.mod.o
  CC [M]  drivers/gpu/drm/bridge/synopsys/dw-dp.mod.o
  CC [M]  drivers/gpu/drm/bridge/synopsys/dw-hdmi.mod.o
  CC [M]  drivers/gpu/drm/bridge/synopsys/dw-hdmi-ahb-audio.mod.o
  CC [M]  drivers/gpu/drm/bridge/synopsys/dw-hdmi-i2s-audio.mod.o
  CC [M]  drivers/gpu/drm/bridge/synopsys/dw-hdmi-cec.mod.o
  CC [M]  drivers/gpu/drm/bridge/synopsys/dw-hdmi-qp.mod.o
  CC [M]  drivers/gpu/drm/bridge/synopsys/dw-mipi-dsi.mod.o
  CC [M]  drivers/gpu/drm/bridge/aux-bridge.mod.o
  CC [M]  drivers/gpu/drm/bridge/aux-hpd-bridge.mod.o
  CC [M]  drivers/gpu/drm/bridge/display-connector.mod.o
  CC [M]  drivers/gpu/drm/bridge/fsl-ldb.mod.o
  CC [M]  drivers/gpu/drm/bridge/tda998x.mod.o
  CC [M]  drivers/gpu/drm/bridge/inno-hdmi.mod.o
  CC [M]  drivers/gpu/drm/bridge/ite-it6263.mod.o
  CC [M]  drivers/gpu/drm/bridge/lontium-lt8912b.mod.o
  CC [M]  drivers/gpu/drm/bridge/lontium-lt9611.mod.o
  CC [M]  drivers/gpu/drm/bridge/lontium-lt9611uxc.mod.o
  CC [M]  drivers/gpu/drm/bridge/parade-ps8640.mod.o
  CC [M]  drivers/gpu/drm/bridge/lontium-lt8713sx.mod.o
  CC [M]  drivers/gpu/drm/bridge/samsung-dsim.mod.o
  CC [M]  drivers/gpu/drm/bridge/sii902x.mod.o
  CC [M]  drivers/gpu/drm/bridge/simple-bridge.mod.o
  CC [M]  drivers/gpu/drm/bridge/thc63lvd1024.mod.o
  CC [M]  drivers/gpu/drm/bridge/tc358767.mod.o
  CC [M]  drivers/gpu/drm/bridge/tc358768.mod.o
  CC [M]  drivers/gpu/drm/bridge/adv7511/adv7511.mod.o
  CC [M]  drivers/gpu/drm/bridge/ti-sn65dsi83.mod.o
  CC [M]  drivers/gpu/drm/bridge/ti-tfp410.mod.o
  CC [M]  drivers/gpu/drm/bridge/ti-sn65dsi86.mod.o
  CC [M]  drivers/gpu/drm/bridge/nwl-dsi.mod.o
  CC [M]  drivers/gpu/drm/bridge/ite-it66121.mod.o
  CC [M]  drivers/gpu/drm/hisilicon/hibmc/hibmc-drm.mod.o
  CC [M]  drivers/gpu/drm/hisilicon/kirin/kirin-drm.mod.o
  CC [M]  drivers/gpu/drm/hisilicon/kirin/dw_drm_dsi.mod.o
  CC [M]  drivers/gpu/drm/mxsfb/mxsfb.mod.o
  CC [M]  drivers/gpu/drm/mxsfb/imx-lcdif.mod.o
  CC [M]  drivers/gpu/drm/xlnx/zynqmp-dpsub.mod.o
  CC [M]  drivers/gpu/drm/drm.mod.o
  CC [M]  drivers/gpu/drm/drm_exec.mod.o
  CC [M]  drivers/gpu/drm/drm_gpuvm.mod.o
  CC [M]  drivers/gpu/drm/drm_dma_helper.mod.o
  CC [M]  drivers/gpu/drm/drm_shmem_helper.mod.o
  CC [M]  drivers/gpu/drm/drm_vram_helper.mod.o
  CC [M]  drivers/gpu/drm/drm_ttm_helper.mod.o
  CC [M]  drivers/gpu/drm/ttm/ttm.mod.o
  CC [M]  drivers/gpu/drm/drm_kms_helper.mod.o
  CC [M]  drivers/gpu/drm/scheduler/gpu-sched.mod.o
  CC [M]  drivers/gpu/drm/v3d/v3d.mod.o
  CC [M]  drivers/gpu/drm/vc4/vc4.mod.o
  CC [M]  drivers/gpu/drm/nouveau/ch7006.mod.o
  CC [M]  drivers/gpu/drm/nouveau/sil164.mod.o
  CC [M]  drivers/gpu/drm/exynos/exynosdrm.mod.o
  CC [M]  drivers/gpu/drm/nouveau/nouveau.mod.o
  CC [M]  drivers/gpu/drm/rockchip/rockchipdrm.mod.o
  CC [M]  drivers/gpu/drm/sun4i/sun4i-drm.mod.o
  CC [M]  drivers/gpu/drm/sun4i/sun4i-tcon.mod.o
  CC [M]  drivers/gpu/drm/sun4i/sun6i_drc.mod.o
  CC [M]  drivers/gpu/drm/sun4i/sun6i_mipi_dsi.mod.o
  CC [M]  drivers/gpu/drm/sun4i/sun4i_tv.mod.o
  CC [M]  drivers/gpu/drm/sun4i/sun8i-drm-hdmi.mod.o
  CC [M]  drivers/gpu/drm/sun4i/sun8i-mixer.mod.o
  CC [M]  drivers/gpu/drm/msm/msm.mod.o
  CC [M]  drivers/gpu/drm/sun4i/sun8i_tcon_top.mod.o
  CC [M]  drivers/gpu/drm/stm/lvds.mod.o
  CC [M]  drivers/gpu/drm/tegra/tegra-drm.mod.o
  CC [M]  drivers/gpu/drm/stm/stm-drm.mod.o
  CC [M]  drivers/gpu/drm/mediatek/mediatek-drm.mod.o
  CC [M]  drivers/gpu/drm/mediatek/mtk_cec.mod.o
  CC [M]  drivers/gpu/drm/mediatek/mtk_hdmi.mod.o
  CC [M]  drivers/gpu/drm/mediatek/mtk_hdmi_common.mod.o
  CC [M]  drivers/gpu/drm/mediatek/mtk_hdmi_v2.mod.o
  CC [M]  drivers/gpu/drm/mediatek/mtk_hdmi_ddc.mod.o
  CC [M]  drivers/gpu/drm/mediatek/mtk_hdmi_ddc_v2.mod.o
  CC [M]  drivers/gpu/drm/mediatek/mtk_dp.mod.o
  CC [M]  drivers/gpu/drm/meson/meson-drm.mod.o
  CC [M]  drivers/gpu/drm/meson/meson_dw_hdmi.mod.o
  CC [M]  drivers/gpu/drm/meson/meson_dw_mipi_dsi.mod.o
  CC [M]  drivers/gpu/drm/etnaviv/etnaviv.mod.o
  CC [M]  drivers/gpu/drm/pl111/pl111_drm.mod.o
  CC [M]  drivers/gpu/drm/lima/lima.mod.o
  CC [M]  drivers/gpu/drm/panfrost/panfrost.mod.o
  CC [M]  drivers/gpu/drm/panthor/panthor.mod.o
  CC [M]  drivers/gpu/drm/tidss/tidss.mod.o
  CC [M]  drivers/gpu/drm/imagination/powervr.mod.o
  CC [M]  drivers/base/regmap/regmap-slimbus.mod.o
  CC [M]  drivers/base/regmap/regmap-sdw.mod.o
  CC [M]  drivers/misc/eeprom/at24.mod.o
  CC [M]  drivers/block/nbd.mod.o
  CC [M]  drivers/misc/eeprom/at25.mod.o
  CC [M]  drivers/misc/qcom-coincell.mod.o
  CC [M]  drivers/misc/fastrpc.mod.o
  CC [M]  drivers/misc/pci_endpoint_test.mod.o
  CC [M]  drivers/misc/uacce/uacce.mod.o
  CC [M]  drivers/misc/xilinx_sdfec.mod.o
  CC [M]  drivers/misc/tps6594-pfsm.mod.o
  CC [M]  drivers/misc/tps6594-esm.mod.o
  CC [M]  drivers/misc/rp1/rp1_pci.mod.o
  CC [M]  drivers/mfd/exynos-lpass.mod.o
  CC [M]  drivers/mfd/macsmc.mod.o
  CC [M]  drivers/mfd/ti_am335x_tscadc.mod.o
  CC [M]  drivers/mfd/lp873x.mod.o
  CC [M]  drivers/mfd/wcd934x.mod.o
  CC [M]  drivers/mfd/wm8994.mod.o
  CC [M]  drivers/mfd/tps6594-core.mod.o
  CC [M]  drivers/mfd/tps6594-i2c.mod.o
  CC [M]  drivers/mfd/da9062-core.mod.o
  CC [M]  drivers/mfd/max77759.mod.o
  CC [M]  drivers/mfd/adp5585.mod.o
  CC [M]  drivers/mfd/sec-acpm.mod.o
  CC [M]  drivers/mfd/stm32-lptimer.mod.o
  CC [M]  drivers/mfd/stm32-timers.mod.o
  CC [M]  drivers/mfd/khadas-mcu.mod.o
  CC [M]  drivers/mfd/qcom-pm8008.mod.o
  CC [M]  drivers/nfc/nxp-nci/nxp-nci.mod.o
  CC [M]  drivers/nfc/nxp-nci/nxp-nci_i2c.mod.o
  CC [M]  drivers/nfc/s3fwrn5/s3fwrn5.mod.o
  CC [M]  drivers/nfc/s3fwrn5/s3fwrn5_i2c.mod.o
  CC [M]  drivers/scsi/raid_class.mod.o
  CC [M]  drivers/scsi/mpt3sas/mpt3sas.mod.o
  CC [M]  drivers/nvme/host/nvme-core.mod.o
  CC [M]  drivers/nvme/host/nvme-apple.mod.o
  CC [M]  drivers/ata/ahci_brcm.mod.o
  CC [M]  drivers/ata/ahci_dwc.mod.o
  CC [M]  drivers/nvme/host/nvme.mod.o
  CC [M]  drivers/mtd/nand/raw/brcmnand/iproc_nand.mod.o
  CC [M]  drivers/mtd/nand/raw/brcmnand/bcmbca_nand.mod.o
  CC [M]  drivers/mtd/nand/raw/brcmnand/brcmstb_nand.mod.o
  CC [M]  drivers/mtd/nand/raw/brcmnand/brcmnand.mod.o
  CC [M]  drivers/mtd/nand/spi/spinand.mod.o
  CC [M]  drivers/mtd/ubi/ubi.mod.o
  CC [M]  drivers/mtd/hyperbus/hyperbus-core.mod.o
  CC [M]  drivers/mtd/hyperbus/hbmc-am654.mod.o
  CC [M]  drivers/spi/spidev.mod.o
  CC [M]  drivers/spi/spi-apple.mod.o
  CC [M]  drivers/spi/spi-bcm2835.mod.o
  CC [M]  drivers/spi/spi-bcm2835aux.mod.o
  CC [M]  drivers/spi/spi-bitbang.mod.o
  CC [M]  drivers/spi/spi-dw.mod.o
  CC [M]  drivers/spi/spi-dw-mmio.mod.o
  CC [M]  drivers/spi/spi-imx.mod.o
  CC [M]  drivers/spi/spi-meson-spicc.mod.o
  CC [M]  drivers/spi/spi-meson-spifc.mod.o
  CC [M]  drivers/spi/spi-mtk-nor.mod.o
  CC [M]  drivers/spi/spi-geni-qcom.mod.o
  CC [M]  drivers/spi/spi-omap2-mcspi.mod.o
  CC [M]  drivers/spi/spi-qcom-qspi.mod.o
  CC [M]  drivers/spi/spi-rockchip-sfc.mod.o
  CC [M]  drivers/spi/spi-rpc-if.mod.o
  CC [M]  drivers/spi/spi-rspi.mod.o
  CC [M]  drivers/spi/spi-rzv2h-rspi.mod.o
  CC [M]  drivers/spi/spi-rzv2m-csi.mod.o
  CC [M]  drivers/spi/spi-sh-msiof.mod.o
  CC [M]  drivers/spi/spi-tegra210-quad.mod.o
  CC [M]  drivers/spi/spi-stm32-ospi.mod.o
  CC [M]  drivers/spi/spi-xilinx.mod.o
  CC [M]  drivers/spi/spi-tegra114.mod.o
  CC [M]  drivers/spi/spi-zynqmp-gqspi.mod.o
  CC [M]  drivers/spmi/spmi-apple-controller.mod.o
  CC [M]  drivers/spmi/spmi-mtk-pmif.mod.o
  CC [M]  drivers/net/phy/qcom/qca808x.mod.o
  CC [M]  drivers/net/phy/bcm54140.mod.o
  CC [M]  drivers/net/phy/bcm7xxx.mod.o
  CC [M]  drivers/net/phy/bcm-phy-lib.mod.o
  CC [M]  drivers/net/phy/ax88796b.mod.o
  CC [M]  drivers/net/phy/broadcom.mod.o
  CC [M]  drivers/net/phy/dp83869.mod.o
  CC [M]  drivers/net/phy/dp83tg720.mod.o
  CC [M]  drivers/net/phy/marvell.mod.o
  CC [M]  drivers/net/phy/meson-gxl.mod.o
  CC [M]  drivers/net/phy/microchip.mod.o
  CC [M]  drivers/net/phy/smsc.mod.o
  CC [M]  drivers/net/phy/xilinx_gmii2rgmii.mod.o
  CC [M]  drivers/net/mdio/mdio-regmap.mod.o
  CC [M]  drivers/net/mdio/mdio-mux-meson-g12a.mod.o
  CC [M]  drivers/net/mdio/mdio-mux-meson-gxl.mod.o
  CC [M]  drivers/net/pcs/pcs_xpcs.mod.o
  CC [M]  drivers/net/pcs/pcs-rzn1-miic.mod.o
  CC [M]  drivers/net/dsa/b53/b53_common.mod.o
  CC [M]  drivers/net/dsa/b53/b53_srab.mod.o
  CC [M]  drivers/net/dsa/ocelot/mscc_felix_dsa_lib.mod.o
  CC [M]  drivers/net/dsa/ocelot/mscc_felix.mod.o
  CC [M]  drivers/net/dsa/bcm-sf2.mod.o
  CC [M]  drivers/net/ethernet/amazon/ena/ena.mod.o
  CC [M]  drivers/net/ethernet/atheros/atl1c/atl1c.mod.o
  CC [M]  drivers/net/ethernet/broadcom/genet/genet.mod.o
  CC [M]  drivers/net/ethernet/broadcom/bcmsysport.mod.o
  CC [M]  drivers/net/ethernet/broadcom/bnx2x/bnx2x.mod.o
  CC [M]  drivers/net/ethernet/freescale/enetc/nxp-enetc4.mod.o
  CC [M]  drivers/net/ethernet/freescale/enetc/nxp-netc-blk-ctrl.mod.o
  CC [M]  drivers/net/ethernet/mediatek/mtk_star_emac.mod.o
  CC [M]  drivers/net/ethernet/mellanox/mlx4/mlx4_core.mod.o
  CC [M]  drivers/net/ethernet/mellanox/mlx4/mlx4_en.mod.o
  CC [M]  drivers/net/ethernet/mellanox/mlx5/core/mlx5_core.mod.o
  CC [M]  drivers/net/ethernet/mscc/mscc_ocelot_switch_lib.mod.o
  CC [M]  drivers/net/ethernet/qualcomm/emac/qcom-emac.mod.o
  CC [M]  drivers/net/ethernet/qualcomm/rmnet/rmnet.mod.o
  CC [M]  drivers/net/ethernet/realtek/r8169.mod.o
  CC [M]  drivers/net/ethernet/stmicro/stmmac/stmmac.mod.o
  CC [M]  drivers/net/ethernet/stmicro/stmmac/stmmac-platform.mod.o
  CC [M]  drivers/net/ethernet/stmicro/stmmac/dwmac-ipq806x.mod.o
  CC [M]  drivers/net/ethernet/stmicro/stmmac/dwmac-mediatek.mod.o
  CC [M]  drivers/net/ethernet/stmicro/stmmac/dwmac-meson.mod.o
  CC [M]  drivers/net/ethernet/stmicro/stmmac/dwmac-meson8b.mod.o
  CC [M]  drivers/net/ethernet/stmicro/stmmac/dwmac-qcom-ethqos.mod.o
  CC [M]  drivers/net/ethernet/stmicro/stmmac/dwmac-nuvoton.mod.o
  CC [M]  drivers/net/ethernet/stmicro/stmmac/dwmac-renesas-gbeth.mod.o
  CC [M]  drivers/net/ethernet/stmicro/stmmac/dwmac-rk.mod.o
  CC [M]  drivers/net/ethernet/stmicro/stmmac/dwmac-altr-socfpga.mod.o
  CC [M]  drivers/net/ethernet/stmicro/stmmac/dwmac-s32.mod.o
  CC [M]  drivers/net/ethernet/stmicro/stmmac/dwmac-sophgo.mod.o
  CC [M]  drivers/net/ethernet/stmicro/stmmac/dwmac-stm32.mod.o
  CC [M]  drivers/net/ethernet/stmicro/stmmac/dwmac-sunxi.mod.o
  CC [M]  drivers/net/ethernet/stmicro/stmmac/dwmac-sun8i.mod.o
  CC [M]  drivers/net/ethernet/stmicro/stmmac/dwmac-sun55i.mod.o
  CC [M]  drivers/net/ethernet/stmicro/stmmac/dwmac-generic.mod.o
  CC [M]  drivers/net/ethernet/stmicro/stmmac/dwmac-imx.mod.o
  CC [M]  drivers/net/ethernet/ti/icssg-prueth.mod.o
  CC [M]  drivers/net/ethernet/stmicro/stmmac/dwmac-tegra.mod.o
  CC [M]  drivers/net/ethernet/stmicro/stmmac/dwmac-visconti.mod.o
  CC [M]  drivers/net/ethernet/ti/icssg.mod.o
  CC [M]  drivers/net/ethernet/ti/icssg/icss_iep.mod.o
  CC [M]  drivers/net/ethernet/xilinx/xilinx_emac.mod.o
  CC [M]  drivers/net/wireless/ath/ath10k/ath10k_sdio.mod.o
  CC [M]  drivers/net/wireless/ath/ath10k/ath10k_pci.mod.o
  CC [M]  drivers/net/wireless/ath/ath10k/ath10k_core.mod.o
  CC [M]  drivers/net/wireless/ath/ath10k/ath10k_snoc.mod.o
  CC [M]  drivers/net/wireless/ath/wcn36xx/wcn36xx.mod.o
  CC [M]  drivers/net/wireless/ath/ath11k/ath11k.mod.o
  CC [M]  drivers/net/wireless/ath/ath11k/ath11k_ahb.mod.o
  CC [M]  drivers/net/wireless/ath/ath11k/ath11k_pci.mod.o
  CC [M]  drivers/net/wireless/ath/ath12k/wifi7/ath12k_wifi7.mod.o
  CC [M]  drivers/net/wireless/ath/ath12k/ath12k.mod.o
  CC [M]  drivers/net/wireless/ath/ath.mod.o
  CC [M]  drivers/net/wireless/broadcom/brcm80211/brcmutil/brcmutil.mod.o
  CC [M]  drivers/net/wireless/broadcom/brcm80211/brcmfmac/brcmfmac.mod.o
  CC [M]  drivers/net/wireless/broadcom/brcm80211/brcmfmac/wcc/brcmfmac-wcc.mod.o
  CC [M]  drivers/net/wireless/broadcom/brcm80211/brcmfmac/cyw/brcmfmac-cyw.mod.o
  CC [M]  drivers/net/wireless/broadcom/brcm80211/brcmfmac/bca/brcmfmac-bca.mod.o
  CC [M]  drivers/net/wireless/intel/iwlwifi/iwlwifi.mod.o
  CC [M]  drivers/net/wireless/intel/iwlwifi/dvm/iwldvm.mod.o
  CC [M]  drivers/net/wireless/intel/iwlwifi/mvm/iwlmvm.mod.o
  CC [M]  drivers/net/wireless/marvell/mwifiex/mwifiex.mod.o
  CC [M]  drivers/net/wireless/marvell/mwifiex/mwifiex_pcie.mod.o
  CC [M]  drivers/net/wireless/marvell/mwifiex/mwifiex_sdio.mod.o
  CC [M]  drivers/net/wireless/mediatek/mt76/mt76.mod.o
  CC [M]  drivers/net/wireless/marvell/mwifiex/mwifiex_usb.mod.o
  CC [M]  drivers/net/wireless/mediatek/mt76/mt76-connac-lib.mod.o
  CC [M]  drivers/net/wireless/mediatek/mt76/mt792x-lib.mod.o
  CC [M]  drivers/net/wireless/mediatek/mt76/mt7921/mt7921-common.mod.o
  CC [M]  drivers/net/wireless/rsi/rsi_91x.mod.o
  CC [M]  drivers/net/wireless/mediatek/mt76/mt7921/mt7921e.mod.o
  CC [M]  drivers/net/wireless/rsi/rsi_usb.mod.o
  CC [M]  drivers/net/wireless/rsi/rsi_sdio.mod.o
  CC [M]  drivers/net/wireless/ti/wlcore/wlcore.mod.o
  CC [M]  drivers/net/wireless/ti/wlcore/wlcore_sdio.mod.o
  CC [M]  drivers/net/wireless/ti/wl18xx/wl18xx.mod.o
  CC [M]  drivers/net/usb/pegasus.mod.o
  CC [M]  drivers/net/usb/rtl8150.mod.o
  CC [M]  drivers/net/usb/r8152.mod.o
  CC [M]  drivers/net/usb/lan78xx.mod.o
  CC [M]  drivers/net/usb/asix.mod.o
  CC [M]  drivers/net/usb/ax88179_178a.mod.o
  CC [M]  drivers/net/usb/cdc_ether.mod.o
  CC [M]  drivers/net/usb/dm9601.mod.o
  CC [M]  drivers/net/usb/sr9800.mod.o
  CC [M]  drivers/net/usb/smsc75xx.mod.o
  CC [M]  drivers/net/usb/smsc95xx.mod.o
  CC [M]  drivers/net/usb/net1080.mod.o
  CC [M]  drivers/net/usb/plusb.mod.o
  CC [M]  drivers/net/usb/cdc_subset.mod.o
  CC [M]  drivers/net/usb/zaurus.mod.o
  CC [M]  drivers/net/usb/mcs7830.mod.o
  CC [M]  drivers/net/usb/cdc_ncm.mod.o
  CC [M]  drivers/net/usb/usbnet.mod.o
  CC [M]  drivers/net/usb/r8153_ecm.mod.o
  CC [M]  drivers/net/macvlan.mod.o
  CC [M]  drivers/net/macvtap.mod.o
  CC [M]  drivers/net/mdio.mod.o
  CC [M]  drivers/net/tap.mod.o
  CC [M]  drivers/net/mhi_net.mod.o
  CC [M]  drivers/net/veth.mod.o
  CC [M]  drivers/net/can/dev/can-dev.mod.o
  CC [M]  drivers/net/can/rcar/rcar_can.mod.o
  CC [M]  drivers/net/can/rcar/rcar_canfd.mod.o
  CC [M]  drivers/net/can/spi/mcp251xfd/mcp251xfd.mod.o
  CC [M]  drivers/net/can/flexcan/flexcan.mod.o
  CC [M]  drivers/net/can/m_can/m_can.mod.o
  CC [M]  drivers/net/can/m_can/m_can_platform.mod.o
  CC [M]  drivers/net/can/xilinx_can.mod.o
  CC [M]  drivers/net/ipa/ipa.mod.o
  CC [M]  drivers/net/wwan/wwan.mod.o
  CC [M]  drivers/net/wwan/mhi_wwan_ctrl.mod.o
  CC [M]  drivers/net/wwan/mhi_wwan_mbim.mod.o
  CC [M]  drivers/usb/phy/phy-mxs-usb.mod.o
  CC [M]  drivers/usb/host/ehci-brcm.mod.o
  CC [M]  drivers/usb/host/xhci-pci-renesas.mod.o
  CC [M]  drivers/usb/misc/qcom_eud.mod.o
  CC [M]  drivers/usb/misc/onboard_usb_dev.mod.o
  CC [M]  drivers/usb/gadget/udc/tegra-xudc.mod.o
  CC [M]  drivers/usb/gadget/function/usb_f_acm.mod.o
  CC [M]  drivers/usb/gadget/udc/renesas_usb3.mod.o
  CC [M]  drivers/usb/gadget/function/u_serial.mod.o
  CC [M]  drivers/usb/gadget/function/usb_f_serial.mod.o
  CC [M]  drivers/usb/gadget/function/usb_f_obex.mod.o
  CC [M]  drivers/usb/gadget/function/u_ether.mod.o
  CC [M]  drivers/usb/gadget/function/usb_f_ncm.mod.o
  CC [M]  drivers/usb/gadget/function/usb_f_ecm.mod.o
  CC [M]  drivers/usb/gadget/function/usb_f_eem.mod.o
  CC [M]  drivers/usb/gadget/function/usb_f_ecm_subset.mod.o
  CC [M]  drivers/usb/gadget/function/usb_f_rndis.mod.o
  CC [M]  drivers/usb/gadget/function/usb_f_mass_storage.mod.o
  CC [M]  drivers/usb/gadget/function/usb_f_fs.mod.o
  CC [M]  drivers/usb/gadget/legacy/g_mass_storage.mod.o
  CC [M]  drivers/usb/gadget/libcomposite.mod.o
  CC [M]  drivers/usb/cdns3/cdns-usb-common.mod.o
  CC [M]  drivers/usb/cdns3/cdns3.mod.o
  CC [M]  drivers/usb/cdns3/cdns3-pci-wrap.mod.o
  CC [M]  drivers/usb/cdns3/cdns3-ti.mod.o
  CC [M]  drivers/usb/cdns3/cdns3-imx.mod.o
  CC [M]  drivers/usb/class/cdc-acm.mod.o
  CC [M]  drivers/usb/serial/usbserial.mod.o
  CC [M]  drivers/usb/serial/cp210x.mod.o
  CC [M]  drivers/usb/serial/ftdi_sio.mod.o
  CC [M]  drivers/usb/serial/option.mod.o
  CC [M]  drivers/usb/serial/usb_wwan.mod.o
  CC [M]  drivers/usb/renesas_usbhs/renesas_usbhs.mod.o
  CC [M]  drivers/usb/typec/typec.mod.o
  CC [M]  drivers/usb/typec/altmodes/typec_displayport.mod.o
  CC [M]  drivers/usb/typec/tcpm/tcpm.mod.o
  CC [M]  drivers/usb/typec/tcpm/tcpci.mod.o
  CC [M]  drivers/usb/typec/tcpm/fusb302.mod.o
  CC [M]  drivers/usb/typec/tcpm/tcpci_rt1711h.mod.o
  CC [M]  drivers/usb/typec/tcpm/tcpci_mt6360.mod.o
  CC [M]  drivers/usb/typec/tcpm/tcpci_maxim.mod.o
  CC [M]  drivers/usb/typec/tcpm/qcom/qcom_pmic_tcpm.mod.o
  CC [M]  drivers/usb/typec/ucsi/typec_ucsi.mod.o
  CC [M]  drivers/usb/typec/ucsi/ucsi_ccg.mod.o
  CC [M]  drivers/usb/typec/ucsi/cros_ec_ucsi.mod.o
  CC [M]  drivers/usb/typec/ucsi/ucsi_glink.mod.o
  CC [M]  drivers/usb/typec/tipd/tps6598x.mod.o
  CC [M]  drivers/usb/typec/mux/fsa4480.mod.o
  CC [M]  drivers/usb/typec/hd3ss3220.mod.o
  CC [M]  drivers/usb/typec/mux/it5205.mod.o
  CC [M]  drivers/usb/typec/mux/gpio-sbu-mux.mod.o
  CC [M]  drivers/usb/typec/mux/nb7vpq904m.mod.o
  CC [M]  drivers/usb/typec/mux/ps883x.mod.o
  CC [M]  drivers/usb/typec/mux/ptn36502.mod.o
  CC [M]  drivers/usb/typec/mux/wcd939x-usbss.mod.o
  CC [M]  drivers/input/keyboard/adc-keys.mod.o
  CC [M]  drivers/input/keyboard/gpio_keys_polled.mod.o
  CC [M]  drivers/input/keyboard/imx_sc_key.mod.o
  CC [M]  drivers/input/keyboard/mtk-pmic-keys.mod.o
  CC [M]  drivers/input/keyboard/snvs_pwrkey.mod.o
  CC [M]  drivers/input/mouse/elan_i2c.mod.o
  CC [M]  drivers/input/touchscreen/apple_z2.mod.o
  CC [M]  drivers/input/touchscreen/atmel_mxt_ts.mod.o
  CC [M]  drivers/input/touchscreen/edt-ft5x06.mod.o
  CC [M]  drivers/input/touchscreen/elants_i2c.mod.o
  CC [M]  drivers/input/touchscreen/goodix_ts.mod.o
  CC [M]  drivers/input/touchscreen/goodix_berlin_core.mod.o
  CC [M]  drivers/input/touchscreen/goodix_berlin_spi.mod.o
  CC [M]  drivers/input/touchscreen/ili210x.mod.o
  CC [M]  drivers/input/touchscreen/himax_hx83112b.mod.o
  CC [M]  drivers/input/misc/aw86927.mod.o
  CC [M]  drivers/input/misc/nxp-bbnsm-pwrkey.mod.o
  CC [M]  drivers/input/misc/da9063_onkey.mod.o
  CC [M]  drivers/input/misc/pm8xxx-vibrator.mod.o
  CC [M]  drivers/input/misc/pwm-beeper.mod.o
  CC [M]  drivers/input/misc/pwm-vibra.mod.o
  CC [M]  drivers/input/misc/tps65219-pwrbutton.mod.o
  CC [M]  drivers/input/misc/rk805-pwrkey.mod.o
  CC [M]  drivers/input/misc/tps6594-pwrbutton.mod.o
  CC [M]  drivers/input/ff-memless.mod.o
  CC [M]  drivers/input/sparse-keymap.mod.o
  CC [M]  drivers/rtc/rtc-nxp-bbnsm.mod.o
  CC [M]  drivers/rtc/rtc-bq32k.mod.o
  CC [M]  drivers/rtc/rtc-da9063.mod.o
  CC [M]  drivers/rtc/rtc-ds1307.mod.o
  CC [M]  drivers/rtc/rtc-fsl-ftm-alarm.mod.o
  CC [M]  drivers/rtc/rtc-hym8563.mod.o
  CC [M]  drivers/rtc/rtc-imx-sc.mod.o
  CC [M]  drivers/rtc/rtc-isl1208.mod.o
  CC [M]  drivers/rtc/rtc-m41t80.mod.o
  CC [M]  drivers/rtc/rtc-macsmc.mod.o
  CC [M]  drivers/rtc/rtc-meson-vrtc.mod.o
  CC [M]  drivers/rtc/rtc-mt6397.mod.o
  CC [M]  drivers/rtc/rtc-nvidia-vrs10.mod.o
  CC [M]  drivers/rtc/rtc-pcf2127.mod.o
  CC [M]  drivers/rtc/rtc-pcf85063.mod.o
  CC [M]  drivers/rtc/rtc-pcf85363.mod.o
  CC [M]  drivers/rtc/rtc-pm8xxx.mod.o
  CC [M]  drivers/rtc/rtc-rk808.mod.o
  CC [M]  drivers/rtc/rtc-pcf8563.mod.o
  CC [M]  drivers/rtc/rtc-rv3028.mod.o
  CC [M]  drivers/rtc/rtc-rv8803.mod.o
  CC [M]  drivers/rtc/rtc-rx8581.mod.o
  CC [M]  drivers/rtc/rtc-renesas-rtca3.mod.o
  CC [M]  drivers/rtc/rtc-s32g.mod.o
  CC [M]  drivers/rtc/rtc-tps6594.mod.o
  CC [M]  drivers/rtc/rtc-ti-k3.mod.o
  CC [M]  drivers/rtc/rtc-zynqmp.mod.o
  CC [M]  drivers/rtc/rtc-snvs.mod.o
  CC [M]  drivers/i2c/busses/i2c-bcm2835.mod.o
  CC [M]  drivers/i2c/busses/i2c-cadence.mod.o
  CC [M]  drivers/i2c/busses/i2c-gpio.mod.o
  CC [M]  drivers/i2c/busses/i2c-pasemi-core.mod.o
  CC [M]  drivers/i2c/busses/i2c-pasemi-platform.mod.o
  CC [M]  drivers/i2c/busses/i2c-qcom-cci.mod.o
  CC [M]  drivers/i2c/busses/i2c-qcom-geni.mod.o
  CC [M]  drivers/i2c/busses/i2c-rzv2m.mod.o
  CC [M]  drivers/i2c/busses/i2c-xiic.mod.o
  CC [M]  drivers/i2c/muxes/i2c-mux-pinctrl.mod.o
  CC [M]  drivers/media/i2c/imx219.mod.o
  CC [M]  drivers/media/i2c/imx412.mod.o
  CC [M]  drivers/media/i2c/ir-kbd-i2c.mod.o
  CC [M]  drivers/media/i2c/ov5640.mod.o
  CC [M]  drivers/media/i2c/ov5645.mod.o
  CC [M]  drivers/media/i2c/s5kjn1.mod.o
  CC [M]  drivers/media/tuners/mc44s803.mod.o
  CC [M]  drivers/media/tuners/mt20xx.mod.o
  CC [M]  drivers/media/tuners/tuner-simple.mod.o
  CC [M]  drivers/media/tuners/tuner-types.mod.o
  CC [M]  drivers/media/tuners/tda18271.mod.o
  CC [M]  drivers/media/tuners/tda827x.mod.o
  CC [M]  drivers/media/tuners/tda8290.mod.o
  CC [M]  drivers/media/tuners/tda9887.mod.o
  CC [M]  drivers/media/tuners/xc2028.mod.o
  CC [M]  drivers/media/tuners/xc4000.mod.o
  CC [M]  drivers/media/tuners/xc5000.mod.o
  CC [M]  drivers/media/rc/keymaps/rc-adstech-dvb-t-pci.mod.o
  CC [M]  drivers/media/rc/keymaps/rc-alink-dtu-m.mod.o
  CC [M]  drivers/media/rc/keymaps/rc-anysee.mod.o
  CC [M]  drivers/media/rc/keymaps/rc-astrometa-t2hybrid.mod.o
  CC [M]  drivers/media/rc/keymaps/rc-apac-viewcomp.mod.o
  CC [M]  drivers/media/rc/keymaps/rc-asus-pc39.mod.o
  CC [M]  drivers/media/rc/keymaps/rc-asus-ps3-100.mod.o
  CC [M]  drivers/media/rc/keymaps/rc-ati-tv-wonder-hd-600.mod.o
  CC [M]  drivers/media/rc/keymaps/rc-ati-x10.mod.o
  CC [M]  drivers/media/rc/keymaps/rc-avermedia-a16d.mod.o
  CC [M]  drivers/media/rc/keymaps/rc-avermedia-cardbus.mod.o
  CC [M]  drivers/media/rc/keymaps/rc-avermedia-dvbt.mod.o
  CC [M]  drivers/media/rc/keymaps/rc-avermedia-m135a.mod.o
  CC [M]  drivers/media/rc/keymaps/rc-avermedia-m733a-rm-k6.mod.o
  CC [M]  drivers/media/rc/keymaps/rc-avermedia.mod.o
  CC [M]  drivers/media/rc/keymaps/rc-avermedia-rm-ks.mod.o
  CC [M]  drivers/media/rc/keymaps/rc-avertv-303.mod.o
  CC [M]  drivers/media/rc/keymaps/rc-beelink-gs1.mod.o
  CC [M]  drivers/media/rc/keymaps/rc-azurewave-ad-tu700.mod.o
  CC [M]  drivers/media/rc/keymaps/rc-beelink-mxiii.mod.o
  CC [M]  drivers/media/rc/keymaps/rc-behold-columbus.mod.o
  CC [M]  drivers/media/rc/keymaps/rc-behold.mod.o
  CC [M]  drivers/media/rc/keymaps/rc-budget-ci-old.mod.o
  CC [M]  drivers/media/rc/keymaps/rc-cinergy-1400.mod.o
  CC [M]  drivers/media/rc/keymaps/rc-cinergy.mod.o
  CC [M]  drivers/media/rc/keymaps/rc-ct-90405.mod.o
  CC [M]  drivers/media/rc/keymaps/rc-d680-dmb.mod.o
  CC [M]  drivers/media/rc/keymaps/rc-delock-61959.mod.o
  CC [M]  drivers/media/rc/keymaps/rc-dib0700-nec.mod.o
  CC [M]  drivers/media/rc/keymaps/rc-dib0700-rc5.mod.o
  CC [M]  drivers/media/rc/keymaps/rc-digittrade.mod.o
  CC [M]  drivers/media/rc/keymaps/rc-digitalnow-tinytwin.mod.o
  CC [M]  drivers/media/rc/keymaps/rc-dntv-live-dvb-t.mod.o
  CC [M]  drivers/media/rc/keymaps/rc-dm1105-nec.mod.o
  CC [M]  drivers/media/rc/keymaps/rc-dntv-live-dvbt-pro.mod.o
  CC [M]  drivers/media/rc/keymaps/rc-dreambox.mod.o
  CC [M]  drivers/media/rc/keymaps/rc-dtt200u.mod.o
  CC [M]  drivers/media/rc/keymaps/rc-dvbsky.mod.o
  CC [M]  drivers/media/rc/keymaps/rc-dvico-mce.mod.o
  CC [M]  drivers/media/rc/keymaps/rc-dvico-portable.mod.o
  CC [M]  drivers/media/rc/keymaps/rc-em-terratec.mod.o
  CC [M]  drivers/media/rc/keymaps/rc-encore-enltv2.mod.o
  CC [M]  drivers/media/rc/keymaps/rc-encore-enltv-fm53.mod.o
  CC [M]  drivers/media/rc/keymaps/rc-evga-indtube.mod.o
  CC [M]  drivers/media/rc/keymaps/rc-encore-enltv.mod.o
  CC [M]  drivers/media/rc/keymaps/rc-eztv.mod.o
  CC [M]  drivers/media/rc/keymaps/rc-flydvb.mod.o
  CC [M]  drivers/media/rc/keymaps/rc-flyvideo.mod.o
  CC [M]  drivers/media/rc/keymaps/rc-fusionhdtv-mce.mod.o
  CC [M]  drivers/media/rc/keymaps/rc-geekbox.mod.o
  CC [M]  drivers/media/rc/keymaps/rc-gadmei-rm008z.mod.o
  CC [M]  drivers/media/rc/keymaps/rc-gotview7135.mod.o
  CC [M]  drivers/media/rc/keymaps/rc-genius-tvgo-a11mce.mod.o
  CC [M]  drivers/media/rc/keymaps/rc-hauppauge.mod.o
  CC [M]  drivers/media/rc/keymaps/rc-hisi-poplar.mod.o
  CC [M]  drivers/media/rc/keymaps/rc-hisi-tv-demo.mod.o
  CC [M]  drivers/media/rc/keymaps/rc-imon-mce.mod.o
  CC [M]  drivers/media/rc/keymaps/rc-imon-pad.mod.o
  CC [M]  drivers/media/rc/keymaps/rc-imon-rsc.mod.o
  CC [M]  drivers/media/rc/keymaps/rc-iodata-bctv7e.mod.o
  CC [M]  drivers/media/rc/keymaps/rc-it913x-v1.mod.o
  CC [M]  drivers/media/rc/keymaps/rc-it913x-v2.mod.o
  CC [M]  drivers/media/rc/keymaps/rc-kaiomy.mod.o
  CC [M]  drivers/media/rc/keymaps/rc-khadas.mod.o
  CC [M]  drivers/media/rc/keymaps/rc-khamsin.mod.o
  CC [M]  drivers/media/rc/keymaps/rc-kworld-315u.mod.o
  CC [M]  drivers/media/rc/keymaps/rc-kworld-plus-tv-analog.mod.o
  CC [M]  drivers/media/rc/keymaps/rc-kworld-pc150u.mod.o
  CC [M]  drivers/media/rc/keymaps/rc-leadtek-y04g0051.mod.o
  CC [M]  drivers/media/rc/keymaps/rc-lme2510.mod.o
  CC [M]  drivers/media/rc/keymaps/rc-manli.mod.o
  CC [M]  drivers/media/rc/keymaps/rc-mecool-kiii-pro.mod.o
  CC [M]  drivers/media/rc/keymaps/rc-mecool-kii-pro.mod.o
  CC [M]  drivers/media/rc/keymaps/rc-medion-x10-digitainer.mod.o
  CC [M]  drivers/media/rc/keymaps/rc-medion-x10.mod.o
  CC [M]  drivers/media/rc/keymaps/rc-medion-x10-or2x.mod.o
  CC [M]  drivers/media/rc/keymaps/rc-msi-digivox-iii.mod.o
  CC [M]  drivers/media/rc/keymaps/rc-minix-neo.mod.o
  CC [M]  drivers/media/rc/keymaps/rc-msi-digivox-ii.mod.o
  CC [M]  drivers/media/rc/keymaps/rc-msi-tvanywhere-plus.mod.o
  CC [M]  drivers/media/rc/keymaps/rc-msi-tvanywhere.mod.o
  CC [M]  drivers/media/rc/keymaps/rc-mygica-utv3.mod.o
  CC [M]  drivers/media/rc/keymaps/rc-nebula.mod.o
  CC [M]  drivers/media/rc/keymaps/rc-nec-terratec-cinergy-xs.mod.o
  CC [M]  drivers/media/rc/keymaps/rc-norwood.mod.o
  CC [M]  drivers/media/rc/keymaps/rc-npgtech.mod.o
  CC [M]  drivers/media/rc/keymaps/rc-odroid.mod.o
  CC [M]  drivers/media/rc/keymaps/rc-pctv-sedna.mod.o
  CC [M]  drivers/media/rc/keymaps/rc-pine64.mod.o
  CC [M]  drivers/media/rc/keymaps/rc-pinnacle-color.mod.o
  CC [M]  drivers/media/rc/keymaps/rc-pinnacle-grey.mod.o
  CC [M]  drivers/media/rc/keymaps/rc-pinnacle-pctv-hd.mod.o
  CC [M]  drivers/media/rc/keymaps/rc-pixelview-002t.mod.o
  CC [M]  drivers/media/rc/keymaps/rc-pixelview-mk12.mod.o
  CC [M]  drivers/media/rc/keymaps/rc-pixelview-new.mod.o
  CC [M]  drivers/media/rc/keymaps/rc-pixelview.mod.o
  CC [M]  drivers/media/rc/keymaps/rc-powercolor-real-angel.mod.o
  CC [M]  drivers/media/rc/keymaps/rc-proteus-2309.mod.o
  CC [M]  drivers/media/rc/keymaps/rc-purpletv.mod.o
  CC [M]  drivers/media/rc/keymaps/rc-pv951.mod.o
  CC [M]  drivers/media/rc/keymaps/rc-rc6-mce.mod.o
  CC [M]  drivers/media/rc/keymaps/rc-real-audio-220-32-keys.mod.o
  CC [M]  drivers/media/rc/keymaps/rc-reddo.mod.o
  CC [M]  drivers/media/rc/keymaps/rc-siemens-gigaset-rc20.mod.o
  CC [M]  drivers/media/rc/keymaps/rc-snapstream-firefly.mod.o
  CC [M]  drivers/media/rc/keymaps/rc-streamzap.mod.o
  CC [M]  drivers/media/rc/keymaps/rc-tanix-tx3mini.mod.o
  CC [M]  drivers/media/rc/keymaps/rc-su3000.mod.o
  CC [M]  drivers/media/rc/keymaps/rc-tanix-tx5max.mod.o
  CC [M]  drivers/media/rc/keymaps/rc-tbs-nec.mod.o
  CC [M]  drivers/media/rc/keymaps/rc-technisat-ts35.mod.o
  CC [M]  drivers/media/rc/keymaps/rc-technisat-usb2.mod.o
  CC [M]  drivers/media/rc/keymaps/rc-terratec-cinergy-s2-hd.mod.o
  CC [M]  drivers/media/rc/keymaps/rc-terratec-cinergy-c-pci.mod.o
  CC [M]  drivers/media/rc/keymaps/rc-terratec-slim-2.mod.o
  CC [M]  drivers/media/rc/keymaps/rc-terratec-cinergy-xs.mod.o
  CC [M]  drivers/media/rc/keymaps/rc-terratec-slim.mod.o
  CC [M]  drivers/media/rc/keymaps/rc-tevii-nec.mod.o
  CC [M]  drivers/media/rc/keymaps/rc-tivo.mod.o
  CC [M]  drivers/media/rc/keymaps/rc-total-media-in-hand-02.mod.o
  CC [M]  drivers/media/rc/keymaps/rc-total-media-in-hand.mod.o
  CC [M]  drivers/media/rc/keymaps/rc-twinhan1027.mod.o
  CC [M]  drivers/media/rc/keymaps/rc-tt-1500.mod.o
  CC [M]  drivers/media/rc/keymaps/rc-trekstor.mod.o
  CC [M]  drivers/media/rc/keymaps/rc-vega-s9x.mod.o
  CC [M]  drivers/media/rc/keymaps/rc-twinhan-dtv-cab-ci.mod.o
  CC [M]  drivers/media/rc/keymaps/rc-videomate-m1f.mod.o
  CC [M]  drivers/media/rc/keymaps/rc-videomate-s350.mod.o
  CC [M]  drivers/media/rc/keymaps/rc-videostrong-kii-pro.mod.o
  CC [M]  drivers/media/rc/keymaps/rc-wetek-hub.mod.o
  CC [M]  drivers/media/rc/keymaps/rc-videomate-tv-pvr.mod.o
  CC [M]  drivers/media/rc/keymaps/rc-wetek-play2.mod.o
  CC [M]  drivers/media/rc/keymaps/rc-winfast.mod.o
  CC [M]  drivers/media/rc/keymaps/rc-winfast-usbii-deluxe.mod.o
  CC [M]  drivers/media/rc/keymaps/rc-x96max.mod.o
  CC [M]  drivers/media/rc/keymaps/rc-xbox-360.mod.o
  CC [M]  drivers/media/rc/keymaps/rc-zx-irdec.mod.o
  CC [M]  drivers/media/rc/keymaps/rc-xbox-dvd.mod.o
  CC [M]  drivers/media/rc/rc-core.mod.o
  CC [M]  drivers/media/rc/gpio-ir-recv.mod.o
  CC [M]  drivers/media/rc/meson-ir.mod.o
  CC [M]  drivers/media/common/videobuf2/videobuf2-common.mod.o
  CC [M]  drivers/media/rc/sunxi-cir.mod.o
  CC [M]  drivers/media/common/videobuf2/videobuf2-dma-contig.mod.o
  CC [M]  drivers/media/common/videobuf2/videobuf2-dma-sg.mod.o
  CC [M]  drivers/media/common/videobuf2/videobuf2-memops.mod.o
  CC [M]  drivers/media/common/videobuf2/videobuf2-v4l2.mod.o
  CC [M]  drivers/media/common/videobuf2/videobuf2-vmalloc.mod.o
  CC [M]  drivers/media/common/uvc.mod.o
  CC [M]  drivers/media/platform/amphion/amphion-vpu.mod.o
  CC [M]  drivers/media/platform/cadence/cdns-csi2rx.mod.o
  CC [M]  drivers/media/platform/chips-media/wave5/wave5.mod.o
  CC [M]  drivers/media/platform/imagination/e5010_jpeg_enc.mod.o
  CC [M]  drivers/media/platform/mediatek/jpeg/mtk_jpeg.mod.o
  CC [M]  drivers/media/platform/mediatek/jpeg/mtk-jpeg-enc-hw.mod.o
  CC [M]  drivers/media/platform/mediatek/jpeg/mtk-jpeg-dec-hw.mod.o
  CC [M]  drivers/media/platform/mediatek/vcodec/common/mtk-vcodec-common.mod.o
  CC [M]  drivers/media/platform/mediatek/vcodec/common/mtk-vcodec-dbgfs.mod.o
  CC [M]  drivers/media/platform/mediatek/vcodec/encoder/mtk-vcodec-enc.mod.o
  CC [M]  drivers/media/platform/mediatek/vcodec/decoder/mtk-vcodec-dec.mod.o
  CC [M]  drivers/media/platform/mediatek/vcodec/decoder/mtk-vcodec-dec-hw.mod.o
  CC [M]  drivers/media/platform/mediatek/mdp3/mtk-mdp3.mod.o
  CC [M]  drivers/media/platform/nxp/imx-jpeg/mxc-jpeg-encdec.mod.o
  CC [M]  drivers/media/platform/nxp/imx8-isi/imx8-isi.mod.o
  CC [M]  drivers/media/platform/nxp/imx7-media-csi.mod.o
  CC [M]  drivers/media/platform/nxp/imx-mipi-csis.mod.o
  CC [M]  drivers/media/platform/qcom/camss/qcom-camss.mod.o
  CC [M]  drivers/media/platform/qcom/venus/venus-core.mod.o
  CC [M]  drivers/media/platform/qcom/iris/qcom-iris.mod.o
  CC [M]  drivers/media/platform/qcom/venus/venus-dec.mod.o
  CC [M]  drivers/media/platform/qcom/venus/venus-enc.mod.o
  CC [M]  drivers/media/platform/renesas/rcar-isp/rcar-isp.mod.o
  CC [M]  drivers/media/platform/renesas/rcar-vin/rcar-vin.mod.o
  CC [M]  drivers/media/platform/renesas/rzg2l-cru/rzg2l-csi2.mod.o
  CC [M]  drivers/media/platform/renesas/rzg2l-cru/rzg2l-cru.mod.o
  CC [M]  drivers/media/platform/renesas/vsp1/vsp1.mod.o
  CC [M]  drivers/media/platform/renesas/rcar-csi2.mod.o
  CC [M]  drivers/media/platform/renesas/rcar_drif.mod.o
  CC [M]  drivers/media/platform/renesas/rcar-fcp.mod.o
  CC [M]  drivers/media/platform/rockchip/rga/rockchip-rga.mod.o
  CC [M]  drivers/media/platform/samsung/exynos-gsc/exynos-gsc.mod.o
  CC [M]  drivers/media/platform/renesas/rcar_fdp1.mod.o
  CC [M]  drivers/media/platform/rockchip/rkcif/rockchip-cif.mod.o
  CC [M]  drivers/media/platform/samsung/s5p-jpeg/s5p-jpeg.mod.o
  CC [M]  drivers/media/platform/samsung/s5p-mfc/s5p-mfc.mod.o
  CC [M]  drivers/media/platform/sunxi/sun6i-csi/sun6i-csi.mod.o
  CC [M]  drivers/media/platform/synopsys/hdmirx/synopsys-hdmirx.mod.o
  CC [M]  drivers/media/platform/ti/j721e-csi2rx/j721e-csi2rx.mod.o
  CC [M]  drivers/media/platform/verisilicon/hantro-vpu.mod.o
  CC [M]  drivers/media/usb/uvc/uvcvideo.mod.o
  CC [M]  drivers/media/mc/mc.mod.o
  CC [M]  drivers/media/v4l2-core/v4l2-async.mod.o
  CC [M]  drivers/media/v4l2-core/v4l2-cci.mod.o
  CC [M]  drivers/media/v4l2-core/v4l2-fwnode.mod.o
  CC [M]  drivers/media/v4l2-core/v4l2-h264.mod.o
  CC [M]  drivers/media/v4l2-core/v4l2-jpeg.mod.o
  CC [M]  drivers/media/v4l2-core/v4l2-vp9.mod.o
  CC [M]  drivers/media/v4l2-core/v4l2-mem2mem.mod.o
  CC [M]  drivers/media/v4l2-core/v4l2-dv-timings.mod.o
  CC [M]  drivers/media/v4l2-core/videodev.mod.o
  CC [M]  drivers/media/cec/core/cec.mod.o
  CC [M]  drivers/media/dvb-core/dvb-core.mod.o
  CC [M]  drivers/media/cec/platform/meson/ao-cec-g12a.mod.o
  CC [M]  drivers/media/cec/i2c/tda9950.mod.o
  CC [M]  drivers/power/reset/macsmc-reboot.mod.o
  CC [M]  drivers/power/reset/qcom-pon.mod.o
  CC [M]  drivers/power/reset/tdx-ec-poweroff.mod.o
  CC [M]  drivers/power/reset/nvmem-reboot-mode.mod.o
  CC [M]  drivers/power/supply/qcom_battmgr.mod.o
  CC [M]  drivers/power/sequencing/pwrseq-qcom-wcn.mod.o
  CC [M]  drivers/power/supply/sbs-battery.mod.o
  CC [M]  drivers/power/supply/max17042_battery.mod.o
  CC [M]  drivers/power/supply/mt6360_charger.mod.o
  CC [M]  drivers/power/supply/bq25890_charger.mod.o
  CC [M]  drivers/power/supply/bq25980_charger.mod.o
  CC [M]  drivers/power/supply/rk817_charger.mod.o
  CC [M]  drivers/power/supply/max77759_charger.mod.o
  CC [M]  drivers/hwmon/gpio-fan.mod.o
  CC [M]  drivers/hwmon/ina2xx.mod.o
  CC [M]  drivers/hwmon/ina3221.mod.o
  CC [M]  drivers/hwmon/jc42.mod.o
  CC [M]  drivers/hwmon/lm90.mod.o
  CC [M]  drivers/hwmon/lm75.mod.o
  CC [M]  drivers/hwmon/pwm-fan.mod.o
  CC [M]  drivers/hwmon/macsmc-hwmon.mod.o
  CC [M]  drivers/hwmon/raspberrypi-hwmon.mod.o
  CC [M]  drivers/hwmon/sl28cpld-hwmon.mod.o
  CC [M]  drivers/hwmon/tmp102.mod.o
  CC [M]  drivers/hwmon/amc6821.mod.o
  CC [M]  drivers/thermal/broadcom/bcm2711_thermal.mod.o
  CC [M]  drivers/thermal/broadcom/bcm2835_thermal.mod.o
  CC [M]  drivers/thermal/broadcom/brcmstb_thermal.mod.o
  CC [M]  drivers/thermal/renesas/rzg3s_thermal.mod.o
  CC [M]  drivers/thermal/qcom/qcom-spmi-adc-tm5.mod.o
  CC [M]  drivers/thermal/qcom/qcom-spmi-temp-alarm.mod.o
  CC [M]  drivers/thermal/qcom/lmh.mod.o
  CC [M]  drivers/thermal/tegra/tegra-soctherm.mod.o
  CC [M]  drivers/thermal/mediatek/lvts_thermal.mod.o
  CC [M]  drivers/thermal/tegra/tegra-bpmp-thermal.mod.o
  CC [M]  drivers/thermal/k3_bandgap.mod.o
  CC [M]  drivers/thermal/k3_j72xx_bandgap.mod.o
  CC [M]  drivers/thermal/rockchip_thermal.mod.o
  CC [M]  drivers/thermal/imx8mm_thermal.mod.o
  CC [M]  drivers/thermal/imx_sc_thermal.mod.o
  CC [M]  drivers/thermal/qoriq_thermal.mod.o
  CC [M]  drivers/thermal/thermal-generic-adc.mod.o
  CC [M]  drivers/thermal/khadas_mcu_fan.mod.o
  CC [M]  drivers/watchdog/rti_wdt.mod.o
  CC [M]  drivers/watchdog/sunxi_wdt.mod.o
  CC [M]  drivers/watchdog/imx7ulp_wdt.mod.o
  CC [M]  drivers/watchdog/imx_sc_wdt.mod.o
  CC [M]  drivers/watchdog/qcom-wdt.mod.o
  CC [M]  drivers/watchdog/meson_gxbb_wdt.mod.o
  CC [M]  drivers/watchdog/meson_wdt.mod.o
  CC [M]  drivers/watchdog/pm8916_wdt.mod.o
  CC [M]  drivers/watchdog/bcm7038_wdt.mod.o
  CC [M]  drivers/watchdog/of_xilinx_wdt.mod.o
  CC [M]  drivers/watchdog/apple_wdt.mod.o
  CC [M]  drivers/watchdog/xilinx_wwdt.mod.o
  CC [M]  drivers/watchdog/sl28cpld_wdt.mod.o
  CC [M]  drivers/md/md-mod.mod.o
  CC [M]  drivers/md/dm-mod.mod.o
  CC [M]  drivers/md/dm-mirror.mod.o
  CC [M]  drivers/md/dm-log.mod.o
  CC [M]  drivers/md/dm-region-hash.mod.o
  CC [M]  drivers/md/dm-zero.mod.o
  CC [M]  drivers/edac/layerscape_edac_mod.mod.o
  CC [M]  drivers/edac/zynqmp_edac.mod.o
  CC [M]  drivers/edac/versal_edac.mod.o
  CC [M]  drivers/cpufreq/cpufreq_powersave.mod.o
  CC [M]  drivers/cpufreq/apple-soc-cpufreq.mod.o
  CC [M]  drivers/cpufreq/cppc_cpufreq.mod.o
  CC [M]  drivers/cpufreq/cpufreq_conservative.mod.o
  CC [M]  drivers/cpufreq/imx-cpufreq-dt.mod.o
  CC [M]  drivers/cpufreq/mediatek-cpufreq-hw.mod.o
  CC [M]  drivers/cpufreq/raspberrypi-cpufreq.mod.o
  CC [M]  drivers/cpufreq/sun50i-cpufreq-nvmem.mod.o
  CC [M]  drivers/ufs/host/cdns-pltfrm.mod.o
  CC [M]  drivers/ufs/host/ufs-qcom.mod.o
  CC [M]  drivers/ufs/host/ti-j721e-ufs.mod.o
  CC [M]  drivers/ufs/host/ufs-renesas.mod.o
  CC [M]  drivers/firmware/google/coreboot_table.mod.o
  CC [M]  drivers/firmware/google/cbmem.mod.o
  CC [M]  drivers/firmware/stratix10-rsu.mod.o
  CC [M]  drivers/firmware/mtk-adsp-ipc.mod.o
  CC [M]  drivers/firmware/samsung/acpm-protocol.mod.o
  CC [M]  drivers/crypto/allwinner/sun8i-ce/sun8i-ce.mod.o
  CC [M]  drivers/crypto/xilinx/xilinx-trng.mod.o
  CC [M]  drivers/crypto/xilinx/zynqmp-aes-gcm.mod.o
  CC [M]  drivers/crypto/xilinx/zynqmp-sha.mod.o
  CC [M]  drivers/crypto/hisilicon/hpre/hisi_hpre.mod.o
  CC [M]  drivers/crypto/hisilicon/sec2/hisi_sec2.mod.o
  CC [M]  drivers/crypto/hisilicon/hisi_qm.mod.o
  CC [M]  drivers/crypto/hisilicon/zip/hisi_zip.mod.o
  CC [M]  drivers/crypto/hisilicon/trng/hisi-trng-v2.mod.o
  CC [M]  drivers/crypto/ccree/ccree.mod.o
  CC [M]  drivers/crypto/caam/error.mod.o
  CC [M]  drivers/crypto/caam/caam_jr.mod.o
  CC [M]  drivers/crypto/caam/caam.mod.o
  CC [M]  drivers/crypto/caam/caamalg_desc.mod.o
  CC [M]  drivers/crypto/caam/dpaa2_caam.mod.o
  CC [M]  drivers/crypto/caam/caamhash_desc.mod.o
  CC [M]  drivers/crypto/qce/qcrypto.mod.o
  CC [M]  drivers/crypto/qcom-rng.mod.o
  CC [M]  drivers/crypto/sa2ul.mod.o
  CC [M]  drivers/crypto/tegra/tegra-se.mod.o
  CC [M]  drivers/crypto/bcm/bcm_crypto_spu.mod.o
  CC [M]  drivers/crypto/amlogic/amlogic-gxl-crypto.mod.o
  CC [M]  drivers/hid/hid-multitouch.mod.o
  CC [M]  drivers/hid/i2c-hid/i2c-hid.mod.o
  CC [M]  drivers/hid/i2c-hid/i2c-hid-acpi.mod.o
  CC [M]  drivers/hid/i2c-hid/i2c-hid-of.mod.o
  CC [M]  drivers/hid/i2c-hid/i2c-hid-of-elan.mod.o
  CC [M]  drivers/staging/media/max96712/max96712.mod.o
  CC [M]  drivers/staging/media/meson/vdec/meson-vdec.mod.o
  CC [M]  drivers/staging/vc04_services/bcm2835-audio/snd-bcm2835.mod.o
  CC [M]  drivers/platform/chrome/cros_ec_rpmsg.mod.o
  CC [M]  drivers/platform/chrome/cros_typec_switch.mod.o
  CC [M]  drivers/platform/chrome/cros-ec-typec.mod.o
  CC [M]  drivers/platform/chrome/cros_kbd_led_backlight.mod.o
  CC [M]  drivers/platform/chrome/cros_ec_chardev.mod.o
  CC [M]  drivers/platform/arm64/acer-aspire1-ec.mod.o
  CC [M]  drivers/platform/arm64/huawei-gaokun-ec.mod.o
  CC [M]  drivers/platform/arm64/lenovo-yoga-c630.mod.o
  CC [M]  drivers/platform/arm64/lenovo-thinkpad-t14s.mod.o
  CC [M]  drivers/platform/raspberrypi/vchiq.mod.o
  CC [M]  drivers/mailbox/exynos-mailbox.mod.o
  CC [M]  drivers/mailbox/omap-mailbox.mod.o
  CC [M]  drivers/mailbox/bcm-flexrm-mailbox.mod.o
  CC [M]  drivers/mailbox/mtk-adsp-mailbox.mod.o
  CC [M]  drivers/mailbox/mtk-cmdq-mailbox.mod.o
  CC [M]  drivers/mailbox/qcom-cpucp-mbox.mod.o
  CC [M]  drivers/hwspinlock/omap_hwspinlock.mod.o
  CC [M]  drivers/remoteproc/pru_rproc.mod.o
  CC [M]  drivers/remoteproc/qcom_pil_info.mod.o
  CC [M]  drivers/remoteproc/mtk_scp.mod.o
  CC [M]  drivers/remoteproc/mtk_scp_ipi.mod.o
  CC [M]  drivers/remoteproc/qcom_q6v5_adsp.mod.o
  CC [M]  drivers/remoteproc/qcom_q6v5_mss.mod.o
  CC [M]  drivers/remoteproc/qcom_q6v5.mod.o
  CC [M]  drivers/remoteproc/qcom_common.mod.o
  CC [M]  drivers/remoteproc/qcom_q6v5_pas.mod.o
  CC [M]  drivers/remoteproc/qcom_sysmon.mod.o
  CC [M]  drivers/remoteproc/qcom_wcnss_pil.mod.o
  CC [M]  drivers/remoteproc/ti_k3_dsp_remoteproc.mod.o
  CC [M]  drivers/remoteproc/ti_k3_common.mod.o
  CC [M]  drivers/remoteproc/ti_k3_m4_remoteproc.mod.o
  CC [M]  drivers/remoteproc/ti_k3_r5_remoteproc.mod.o
  CC [M]  drivers/rpmsg/rpmsg_char.mod.o
  CC [M]  drivers/rpmsg/rpmsg_ctrl.mod.o
  CC [M]  drivers/rpmsg/mtk_rpmsg.mod.o
  CC [M]  drivers/rpmsg/qcom_glink_smem.mod.o
  CC [M]  drivers/devfreq/event/rockchip-dfi.mod.o
  CC [M]  drivers/devfreq/governor_passive.mod.o
  CC [M]  drivers/devfreq/imx8m-ddrc.mod.o
  CC [M]  drivers/devfreq/mtk-cci-devfreq.mod.o
  CC [M]  drivers/extcon/extcon-ptn5150.mod.o
  CC [M]  drivers/memory/renesas-rpc-if.mod.o
  CC [M]  drivers/memory/stm32_omm.mod.o
  CC [M]  drivers/iio/adc/industrialio-adc.mod.o
  CC [M]  drivers/iio/adc/imx8qxp-adc.mod.o
  CC [M]  drivers/iio/adc/imx93_adc.mod.o
  CC [M]  drivers/iio/adc/max9611.mod.o
  CC [M]  drivers/iio/adc/mt6359-auxadc.mod.o
  CC [M]  drivers/iio/adc/mt6577_auxadc.mod.o
  CC [M]  drivers/iio/adc/qcom-spmi-adc5.mod.o
  CC [M]  drivers/iio/adc/qcom-spmi-vadc.mod.o
  CC [M]  drivers/iio/adc/qcom-vadc-common.mod.o
  CC [M]  drivers/iio/adc/rockchip_saradc.mod.o
  CC [M]  drivers/iio/adc/rzg2l_adc.mod.o
  CC [M]  drivers/iio/adc/rzt2h_adc.mod.o
  CC [M]  drivers/iio/adc/ti-ads1015.mod.o
  CC [M]  drivers/iio/adc/sophgo-cv1800b-adc.mod.o
  CC [M]  drivers/iio/adc/ti_am335x_adc.mod.o
  CC [M]  drivers/iio/adc/xilinx-ams.mod.o
  CC [M]  drivers/iio/adc/xilinx-xadc.mod.o
  CC [M]  drivers/iio/buffer/industrialio-triggered-buffer.mod.o
  CC [M]  drivers/iio/buffer/kfifo_buf.mod.o
  CC [M]  drivers/iio/common/cros_ec_sensors/cros-ec-sensors-core.mod.o
  CC [M]  drivers/iio/common/cros_ec_sensors/cros_ec_sensors.mod.o
  CC [M]  drivers/iio/common/st_sensors/st_sensors_i2c.mod.o
  CC [M]  drivers/iio/common/st_sensors/st_sensors.mod.o
  CC [M]  drivers/iio/common/st_sensors/st_sensors_spi.mod.o
  CC [M]  drivers/iio/imu/st_lsm6dsx/st_lsm6dsx.mod.o
  CC [M]  drivers/iio/imu/st_lsm6dsx/st_lsm6dsx_i2c.mod.o
  CC [M]  drivers/iio/imu/st_lsm6dsx/st_lsm6dsx_spi.mod.o
  CC [M]  drivers/iio/light/cros_ec_light_prox.mod.o
  CC [M]  drivers/iio/light/isl29018.mod.o
  CC [M]  drivers/iio/light/vcnl4000.mod.o
  CC [M]  drivers/iio/magnetometer/st_magn.mod.o
  CC [M]  drivers/iio/magnetometer/st_magn_i2c.mod.o
  CC [M]  drivers/iio/magnetometer/st_magn_spi.mod.o
  CC [M]  drivers/iio/pressure/cros_ec_baro.mod.o
  CC [M]  drivers/iio/pressure/mpl3115.mod.o
  CC [M]  drivers/iio/trigger/stm32-timer-trigger.mod.o
  CC [M]  drivers/perf/arm-cci.mod.o
  CC [M]  drivers/perf/arm-ccn.mod.o
  CC [M]  drivers/perf/arm-cmn.mod.o
  CC [M]  drivers/perf/arm_dsu_pmu.mod.o
  CC [M]  drivers/perf/arm_smmuv3_pmu.mod.o
  CC [M]  drivers/perf/fsl_imx8_ddr_perf.mod.o
  CC [M]  drivers/perf/thunderx2_pmu.mod.o
  CC [M]  drivers/perf/arm_spe_pmu.mod.o
  CC [M]  drivers/perf/arm_dmc620_pmu.mod.o
  CC [M]  drivers/perf/arm_cspmu/arm_cspmu_module.mod.o
  CC [M]  drivers/perf/arm_cspmu/nvidia_cspmu.mod.o
  CC [M]  drivers/perf/amlogic/meson_ddr_pmu_g12.mod.o
  CC [M]  drivers/nvmem/layouts/sl28vpd.mod.o
  CC [M]  drivers/nvmem/nvmem-apple-efuses.mod.o
  CC [M]  drivers/nvmem/apple_nvmem_spmi.mod.o
  CC [M]  drivers/nvmem/nvmem-imx-ocotp-ele.mod.o
  CC [M]  drivers/nvmem/nvmem-layerscape-sfp.mod.o
  CC [M]  drivers/nvmem/nvmem-max77759.mod.o
  CC [M]  drivers/nvmem/nvmem_meson_efuse.mod.o
  CC [M]  drivers/nvmem/nvmem-rmem.mod.o
  CC [M]  drivers/nvmem/nvmem_sec_qfprom.mod.o
  CC [M]  drivers/nvmem/nvmem_qcom-spmi-sdam.mod.o
  CC [M]  drivers/nvmem/nvmem_zynqmp_nvmem.mod.o
  CC [M]  drivers/fpga/altera-cvp.mod.o
  CC [M]  drivers/fpga/stratix10-soc.mod.o
  CC [M]  drivers/fpga/zynqmp-fpga.mod.o
  CC [M]  drivers/fpga/fpga-bridge.mod.o
  CC [M]  drivers/fpga/versal-fpga.mod.o
  CC [M]  drivers/fpga/altera-freeze-bridge.mod.o
  CC [M]  drivers/fpga/xilinx-pr-decoupler.mod.o
  CC [M]  drivers/fpga/fpga-region.mod.o
  CC [M]  drivers/fpga/of-fpga-region.mod.o
  CC [M]  drivers/tee/qcomtee/qcomtee.mod.o
  CC [M]  drivers/mux/mux-gpio.mod.o
  CC [M]  drivers/interconnect/imx/imx8mm-interconnect.mod.o
  CC [M]  drivers/interconnect/imx/imx8mq-interconnect.mod.o
  CC [M]  drivers/interconnect/imx/imx8mn-interconnect.mod.o
  CC [M]  drivers/interconnect/qcom/qnoc-msm8916.mod.o
  CC [M]  drivers/interconnect/qcom/icc-osm-l3.mod.o
  CC [M]  drivers/interconnect/qcom/qnoc-qcs404.mod.o
  CC [M]  drivers/hte/hte-tegra194-test.mod.o
  CC [M]  drivers/slimbus/slimbus.mod.o
  CC [M]  drivers/slimbus/slim-qcom-ngd-ctrl.mod.o
  CC [M]  drivers/bluetooth/hci_uart.mod.o
  CC [M]  drivers/bluetooth/btusb.mod.o
  CC [M]  drivers/bluetooth/btintel.mod.o
  CC [M]  drivers/bluetooth/btmrvl.mod.o
  CC [M]  drivers/bluetooth/btmrvl_sdio.mod.o
  CC [M]  drivers/bluetooth/btqcomsmd.mod.o
  CC [M]  drivers/bluetooth/btbcm.mod.o
  CC [M]  drivers/bluetooth/btrtl.mod.o
  CC [M]  drivers/bluetooth/btqca.mod.o
  CC [M]  drivers/bluetooth/btmtk.mod.o
  CC [M]  drivers/bluetooth/btnxpuart.mod.o
  CC [M]  drivers/bluetooth/btrsi.mod.o
  CC [M]  drivers/greybus/greybus.mod.o
  CC [M]  drivers/greybus/gb-beagleplay.mod.o
  CC [M]  drivers/soundwire/soundwire-bus.mod.o
  CC [M]  drivers/soundwire/soundwire-qcom.mod.o
  CC [M]  drivers/hwtracing/coresight/coresight.mod.o
  CC [M]  drivers/hwtracing/coresight/coresight-tmc.mod.o
  CC [M]  drivers/hwtracing/coresight/coresight-tpiu.mod.o
  CC [M]  drivers/hwtracing/coresight/coresight-replicator.mod.o
  CC [M]  drivers/hwtracing/coresight/coresight-funnel.mod.o
  CC [M]  drivers/hwtracing/coresight/coresight-etb10.mod.o
  CC [M]  drivers/hwtracing/coresight/coresight-stm.mod.o
  CC [M]  drivers/hwtracing/coresight/coresight-cpu-debug.mod.o
  CC [M]  drivers/hwtracing/coresight/coresight-catu.mod.o
  CC [M]  drivers/hwtracing/coresight/coresight-cti.mod.o
  CC [M]  drivers/hwtracing/stm/stm_core.mod.o
  CC [M]  drivers/hwtracing/stm/stm_p_basic.mod.o
  CC [M]  drivers/hwtracing/stm/stm_p_sys-t.mod.o
  CC [M]  drivers/gnss/gnss.mod.o
  CC [M]  drivers/gnss/gnss-serial.mod.o
  CC [M]  drivers/gnss/gnss-mtk.mod.o
  CC [M]  drivers/counter/counter.mod.o
  CC [M]  drivers/counter/rz-mtu3-cnt.mod.o
  CC [M]  drivers/counter/stm32-timer-cnt.mod.o
  CC [M]  drivers/counter/ti-eqep.mod.o
  CC [M]  sound/soundcore.mod.o
  CC [M]  sound/core/snd.mod.o
  CC [M]  sound/core/snd-ctl-led.mod.o
  CC [M]  sound/core/snd-hwdep.mod.o
  CC [M]  sound/core/snd-timer.mod.o
  CC [M]  sound/core/snd-pcm.mod.o
  CC [M]  sound/core/snd-pcm-dmaengine.mod.o
  CC [M]  sound/core/snd-rawmidi.mod.o
  CC [M]  sound/core/snd-compress.mod.o
  CC [M]  sound/drivers/snd-aloop.mod.o
  CC [M]  sound/usb/snd-usbmidi-lib.mod.o
  CC [M]  sound/usb/snd-usb-audio.mod.o
  CC [M]  sound/usb/qcom/snd-usb-audio-qmi.mod.o
  CC [M]  sound/soc/soc-usb.mod.o
  CC [M]  sound/soc/snd-soc-core.mod.o
  CC [M]  sound/soc/codecs/snd-soc-adau7002.mod.o
  CC [M]  sound/soc/codecs/snd-soc-ak4613.mod.o
  CC [M]  sound/soc/codecs/snd-soc-ak4619.mod.o
  CC [M]  sound/soc/codecs/snd-soc-bt-sco.mod.o
  CC [M]  sound/soc/codecs/snd-soc-cros-ec-codec.mod.o
  CC [M]  sound/soc/codecs/snd-soc-da7213.mod.o
  CC [M]  sound/soc/codecs/snd-soc-da7219.mod.o
  CC [M]  sound/soc/codecs/snd-soc-es7134.mod.o
  CC [M]  sound/soc/codecs/snd-soc-dmic.mod.o
  CC [M]  sound/soc/codecs/snd-soc-es8316.mod.o
  CC [M]  sound/soc/codecs/snd-soc-es7241.mod.o
  CC [M]  sound/soc/codecs/snd-soc-es8326.mod.o
  CC [M]  sound/soc/codecs/snd-soc-es8328.mod.o
  CC [M]  sound/soc/codecs/snd-soc-es8328-i2c.mod.o
  CC [M]  sound/soc/codecs/snd-soc-gtm601.mod.o
  CC [M]  sound/soc/codecs/snd-soc-max98090.mod.o
  CC [M]  sound/soc/codecs/snd-soc-max98357a.mod.o
  CC [M]  sound/soc/codecs/snd-soc-max98927.mod.o
  CC [M]  sound/soc/codecs/snd-soc-max98390.mod.o
  CC [M]  sound/soc/codecs/snd-soc-msm8916-analog.mod.o
  CC [M]  sound/soc/codecs/snd-soc-msm8916-digital.mod.o
  CC [M]  sound/soc/codecs/snd-soc-mt6357.mod.o
  CC [M]  sound/soc/codecs/snd-soc-mt6358.mod.o
  CC [M]  sound/soc/codecs/snd-soc-mt6359.mod.o
  CC [M]  sound/soc/codecs/snd-soc-nau8315.mod.o
  CC [M]  sound/soc/codecs/snd-soc-nau8825.mod.o
  CC [M]  sound/soc/codecs/snd-soc-nau8822.mod.o
  CC [M]  sound/soc/codecs/snd-soc-hdmi-codec.mod.o
  CC [M]  sound/soc/codecs/snd-soc-pcm3168a.mod.o
  CC [M]  sound/soc/codecs/snd-soc-pcm3168a-i2c.mod.o
  CC [M]  sound/soc/codecs/snd-soc-rk3308.mod.o
  CC [M]  sound/soc/codecs/snd-soc-rl6231.mod.o
  CC [M]  sound/soc/codecs/snd-soc-rk817.mod.o
  CC [M]  sound/soc/codecs/snd-soc-rt1011.mod.o
  CC [M]  sound/soc/codecs/snd-soc-rt1015.mod.o
  CC [M]  sound/soc/codecs/snd-soc-rt1015p.mod.o
  CC [M]  sound/soc/codecs/snd-soc-rt5514-spi.mod.o
  CC [M]  sound/soc/codecs/snd-soc-rt5514.mod.o
  CC [M]  sound/soc/codecs/snd-soc-rt5640.mod.o
  CC [M]  sound/soc/codecs/snd-soc-rt5645.mod.o
  CC [M]  sound/soc/codecs/snd-soc-rt5659.mod.o
  CC [M]  sound/soc/codecs/snd-soc-rt5663.mod.o
  CC [M]  sound/soc/codecs/snd-soc-rt5682-i2c.mod.o
  CC [M]  sound/soc/codecs/snd-soc-rt5682.mod.o
  CC [M]  sound/soc/codecs/snd-soc-sgtl5000.mod.o
  CC [M]  sound/soc/codecs/snd-soc-rt5682s.mod.o
  CC [M]  sound/soc/codecs/snd-soc-spdif-rx.mod.o
  CC [M]  sound/soc/codecs/snd-soc-spdif-tx.mod.o
  CC [M]  sound/soc/codecs/snd-soc-tas2552.mod.o
  CC [M]  sound/soc/codecs/snd-soc-tas571x.mod.o
  CC [M]  sound/soc/codecs/snd-soc-tlv320aic31xx.mod.o
  CC [M]  sound/soc/codecs/snd-soc-tlv320aic32x4.mod.o
  CC [M]  sound/soc/codecs/snd-soc-tlv320aic3x.mod.o
  CC [M]  sound/soc/codecs/snd-soc-tlv320aic3x-i2c.mod.o
  CC [M]  sound/soc/codecs/snd-soc-tlv320aic32x4-i2c.mod.o
  CC [M]  sound/soc/codecs/snd-soc-wcd-classh.mod.o
  CC [M]  sound/soc/codecs/snd-soc-wcd-common.mod.o
  CC [M]  sound/soc/codecs/snd-soc-ts3a227e.mod.o
  CC [M]  sound/soc/codecs/snd-soc-wcd-mbhc.mod.o
  CC [M]  sound/soc/codecs/snd-soc-wcd9335.mod.o
  CC [M]  sound/soc/codecs/snd-soc-wcd934x.mod.o
  CC [M]  sound/soc/codecs/snd-soc-wcd937x.mod.o
  CC [M]  sound/soc/codecs/snd-soc-wcd937x-sdw.mod.o
  CC [M]  sound/soc/codecs/snd-soc-wcd938x.mod.o
  CC [M]  sound/soc/codecs/snd-soc-wcd938x-sdw.mod.o
  CC [M]  sound/soc/codecs/snd-soc-wcd939x.mod.o
  CC [M]  sound/soc/codecs/snd-soc-wcd939x-sdw.mod.o
  CC [M]  sound/soc/codecs/snd-soc-wm8524.mod.o
  CC [M]  sound/soc/codecs/snd-soc-wm8904.mod.o
  CC [M]  sound/soc/codecs/snd-soc-wm8978.mod.o
  CC [M]  sound/soc/codecs/snd-soc-wm8960.mod.o
  CC [M]  sound/soc/codecs/snd-soc-wm8962.mod.o
  CC [M]  sound/soc/codecs/snd-soc-wm8994.mod.o
  CC [M]  sound/soc/codecs/snd-soc-wm-hubs.mod.o
  CC [M]  sound/soc/codecs/snd-soc-wsa881x.mod.o
  CC [M]  sound/soc/codecs/snd-soc-wsa883x.mod.o
  CC [M]  sound/soc/codecs/snd-soc-wsa884x.mod.o
  CC [M]  sound/soc/codecs/snd-soc-simple-amplifier.mod.o
  CC [M]  sound/soc/codecs/snd-soc-lpass-macro-common.mod.o
  CC [M]  sound/soc/codecs/snd-soc-lpass-wsa-macro.mod.o
  CC [M]  sound/soc/codecs/snd-soc-lpass-va-macro.mod.o
  CC [M]  sound/soc/codecs/snd-soc-lpass-tx-macro.mod.o
  CC [M]  sound/soc/codecs/snd-soc-lpass-rx-macro.mod.o
  CC [M]  sound/soc/codecs/snd-soc-simple-mux.mod.o
  CC [M]  sound/soc/generic/snd-soc-simple-card-utils.mod.o
  CC [M]  sound/soc/generic/snd-soc-simple-card.mod.o
  CC [M]  sound/soc/generic/snd-soc-audio-graph-card.mod.o
  CC [M]  sound/soc/generic/snd-soc-audio-graph-card2.mod.o
  CC [M]  sound/soc/apple/snd-soc-apple-mca.mod.o
  CC [M]  sound/soc/bcm/snd-soc-bcm2835-i2s.mod.o
  CC [M]  sound/soc/fsl/snd-soc-fsl-audmix.mod.o
  CC [M]  sound/soc/fsl/snd-soc-fsl-asoc-card.mod.o
  CC [M]  sound/soc/fsl/snd-soc-fsl-asrc.mod.o
  CC [M]  sound/soc/fsl/snd-soc-fsl-sai.mod.o
  CC [M]  sound/soc/fsl/snd-soc-fsl-ssi.mod.o
  CC [M]  sound/soc/fsl/snd-soc-fsl-spdif.mod.o
  CC [M]  sound/soc/fsl/snd-soc-fsl-esai.mod.o
  CC [M]  sound/soc/fsl/snd-soc-fsl-micfil.mod.o
  CC [M]  sound/soc/fsl/snd-soc-fsl-utils.mod.o
  CC [M]  sound/soc/fsl/snd-soc-fsl-easrc.mod.o
  CC [M]  sound/soc/fsl/snd-soc-imx-audmux.mod.o
  CC [M]  sound/soc/fsl/imx-pcm-dma.mod.o
  CC [M]  sound/soc/fsl/snd-soc-imx-sgtl5000.mod.o
  CC [M]  sound/soc/fsl/snd-soc-imx-audmix.mod.o
  CC [M]  sound/soc/mediatek/common/snd-soc-mtk-common.mod.o
  CC [M]  sound/soc/mediatek/mt8183/snd-soc-mt8183-afe.mod.o
  CC [M]  sound/soc/mediatek/mt8183/mt8183-mt6358-ts3a227-max98357.mod.o
  CC [M]  sound/soc/mediatek/mt8183/mt8183-da7219-max98357.mod.o
  CC [M]  sound/soc/mediatek/mt8188/snd-soc-mt8188-afe.mod.o
  CC [M]  sound/soc/mediatek/mt8188/mt8188-mt6359.mod.o
  CC [M]  sound/soc/mediatek/mt8192/snd-soc-mt8192-afe.mod.o
  CC [M]  sound/soc/mediatek/mt8195/snd-soc-mt8195-afe.mod.o
  CC [M]  sound/soc/mediatek/mt8192/mt8192-mt6359-rt1015-rt5682.mod.o
  CC [M]  sound/soc/mediatek/mt8365/snd-soc-mt8365-pcm.mod.o
  CC [M]  sound/soc/mediatek/mt8365/mt8365-mt6357.mod.o
  CC [M]  sound/soc/mediatek/mt8195/mt8195-mt6359.mod.o
  CC [M]  sound/soc/meson/snd-soc-meson-aiu.mod.o
  CC [M]  sound/soc/meson/snd-soc-meson-axg-fifo.mod.o
  CC [M]  sound/soc/meson/snd-soc-meson-axg-frddr.mod.o
  CC [M]  sound/soc/meson/snd-soc-meson-axg-toddr.mod.o
  CC [M]  sound/soc/meson/snd-soc-meson-axg-tdm-formatter.mod.o
  CC [M]  sound/soc/meson/snd-soc-meson-axg-tdm-interface.mod.o
  CC [M]  sound/soc/meson/snd-soc-meson-axg-tdmin.mod.o
  CC [M]  sound/soc/meson/snd-soc-meson-axg-sound-card.mod.o
  CC [M]  sound/soc/meson/snd-soc-meson-axg-tdmout.mod.o
  CC [M]  sound/soc/meson/snd-soc-meson-axg-spdifin.mod.o
  CC [M]  sound/soc/meson/snd-soc-meson-axg-spdifout.mod.o
  CC [M]  sound/soc/meson/snd-soc-meson-axg-pdm.mod.o
  CC [M]  sound/soc/meson/snd-soc-meson-card-utils.mod.o
  CC [M]  sound/soc/meson/snd-soc-meson-codec-glue.mod.o
  CC [M]  sound/soc/meson/snd-soc-meson-g12a-toacodec.mod.o
  CC [M]  sound/soc/meson/snd-soc-meson-gx-sound-card.mod.o
  CC [M]  sound/soc/meson/snd-soc-meson-g12a-tohdmitx.mod.o
  CC [M]  sound/soc/meson/snd-soc-meson-t9015.mod.o
  CC [M]  sound/soc/qcom/snd-soc-lpass-cpu.mod.o
  CC [M]  sound/soc/qcom/snd-soc-lpass-cdc-dma.mod.o
  CC [M]  sound/soc/qcom/snd-soc-lpass-hdmi.mod.o
  CC [M]  sound/soc/qcom/snd-soc-lpass-platform.mod.o
  CC [M]  sound/soc/qcom/snd-soc-lpass-apq8016.mod.o
  CC [M]  sound/soc/qcom/snd-soc-lpass-sc7180.mod.o
  CC [M]  sound/soc/qcom/snd-soc-lpass-sc7280.mod.o
  CC [M]  sound/soc/qcom/snd-soc-apq8016-sbc.mod.o
  CC [M]  sound/soc/qcom/snd-soc-apq8096.mod.o
  CC [M]  sound/soc/qcom/snd-soc-sc7280.mod.o
  CC [M]  sound/soc/qcom/snd-soc-sc7180.mod.o
  CC [M]  sound/soc/qcom/snd-soc-sc8280xp.mod.o
  CC [M]  sound/soc/qcom/snd-soc-sdm845.mod.o
  CC [M]  sound/soc/qcom/snd-soc-sm8250.mod.o
  CC [M]  sound/soc/qcom/snd-soc-qcom-common.mod.o
  CC [M]  sound/soc/qcom/snd-soc-qcom-sdw.mod.o
  CC [M]  sound/soc/qcom/snd-soc-x1e80100.mod.o
  CC [M]  sound/soc/qcom/snd-soc-qcom-offload-utils.mod.o
  CC [M]  sound/soc/qcom/qdsp6/snd-q6dsp-common.mod.o
  CC [M]  sound/soc/qcom/qdsp6/q6core.mod.o
  CC [M]  sound/soc/qcom/qdsp6/q6afe.mod.o
  CC [M]  sound/soc/qcom/qdsp6/q6afe-dai.mod.o
  CC [M]  sound/soc/qcom/qdsp6/q6afe-clocks.mod.o
  CC [M]  sound/soc/qcom/qdsp6/q6adm.mod.o
  CC [M]  sound/soc/qcom/qdsp6/q6routing.mod.o
  CC [M]  sound/soc/qcom/qdsp6/q6asm.mod.o
  CC [M]  sound/soc/qcom/qdsp6/q6asm-dai.mod.o
  CC [M]  sound/soc/qcom/qdsp6/snd-q6apm.mod.o
  CC [M]  sound/soc/qcom/qdsp6/q6apm-lpass-dais.mod.o
  CC [M]  sound/soc/qcom/qdsp6/q6apm-dai.mod.o
  CC [M]  sound/soc/qcom/qdsp6/q6prm.mod.o
  CC [M]  sound/soc/qcom/qdsp6/q6prm-clocks.mod.o
  CC [M]  sound/soc/qcom/qdsp6/q6usb.mod.o
  CC [M]  sound/soc/renesas/rcar/snd-soc-rcar.mod.o
  CC [M]  sound/soc/renesas/rcar/snd-soc-msiof.mod.o
  CC [M]  sound/soc/renesas/snd-soc-rz-ssi.mod.o
  CC [M]  sound/soc/rockchip/snd-soc-rockchip-i2s.mod.o
  CC [M]  sound/soc/rockchip/snd-soc-rockchip-sai.mod.o
  CC [M]  sound/soc/rockchip/snd-soc-rockchip-spdif.mod.o
  CC [M]  sound/soc/rockchip/snd-soc-rockchip-i2s-tdm.mod.o
  CC [M]  sound/soc/rockchip/snd-soc-rockchip-rt5645.mod.o
  CC [M]  sound/soc/rockchip/snd-soc-rk3399-gru-sound.mod.o
  CC [M]  sound/soc/samsung/snd-soc-s3c-dma.mod.o
  CC [M]  sound/soc/sof/mediatek/mtk-adsp-common.mod.o
  CC [M]  sound/soc/sof/mediatek/mt8195/snd-sof-mt8195.mod.o
  CC [M]  sound/soc/sof/mediatek/mt8186/snd-sof-mt8186.mod.o
  CC [M]  sound/soc/sof/snd-sof.mod.o
  CC [M]  sound/soc/sof/snd-sof-utils.mod.o
  CC [M]  sound/soc/sof/snd-sof-of.mod.o
  CC [M]  sound/soc/sof/xtensa/snd-sof-xtensa-dsp.mod.o
  CC [M]  sound/soc/sunxi/sun4i-i2s.mod.o
  CC [M]  sound/soc/sunxi/sun4i-spdif.mod.o
  CC [M]  sound/soc/sunxi/sun8i-codec-analog.mod.o
  CC [M]  sound/soc/sunxi/sun50i-codec-analog.mod.o
  CC [M]  sound/soc/sunxi/sun8i-codec.mod.o
  CC [M]  sound/soc/sunxi/sun8i-adda-pr-regmap.mod.o
  CC [M]  sound/soc/tegra/snd-soc-tegra-pcm.mod.o
  CC [M]  sound/soc/tegra/snd-soc-tegra210-dmic.mod.o
  CC [M]  sound/soc/tegra/snd-soc-tegra210-ahub.mod.o
  CC [M]  sound/soc/tegra/snd-soc-tegra210-i2s.mod.o
  CC [M]  sound/soc/tegra/snd-soc-tegra186-asrc.mod.o
  CC [M]  sound/soc/tegra/snd-soc-tegra210-admaif.mod.o
  CC [M]  sound/soc/tegra/snd-soc-tegra186-dspk.mod.o
  CC [M]  sound/soc/tegra/snd-soc-tegra210-mvc.mod.o
  CC [M]  sound/soc/tegra/snd-soc-tegra210-sfc.mod.o
  CC [M]  sound/soc/tegra/snd-soc-tegra210-amx.mod.o
  CC [M]  sound/soc/tegra/snd-soc-tegra210-adx.mod.o
  CC [M]  sound/soc/tegra/snd-soc-tegra210-mixer.mod.o
  CC [M]  sound/soc/tegra/snd-soc-tegra210-ope.mod.o
  CC [M]  sound/soc/tegra/snd-soc-tegra-audio-graph-card.mod.o
  CC [M]  sound/soc/ti/snd-soc-ti-edma.mod.o
  CC [M]  sound/soc/ti/snd-soc-ti-sdma.mod.o
  CC [M]  sound/soc/ti/snd-soc-ti-udma.mod.o
  CC [M]  sound/soc/ti/snd-soc-davinci-mcasp.mod.o
  CC [M]  sound/soc/ti/snd-soc-j721e-evm.mod.o
  CC [M]  sound/soc/xilinx/snd-soc-xlnx-i2s.mod.o
  CC [M]  sound/soc/xilinx/snd-soc-xlnx-formatter-pcm.mod.o
  CC [M]  sound/soc/xilinx/snd-soc-xlnx-spdif.mod.o
  CC [M]  sound/hda/core/snd-hda-core.mod.o
  CC [M]  sound/hda/common/snd-hda-codec.mod.o
  CC [M]  sound/hda/codecs/hdmi/snd-hda-codec-hdmi.mod.o
  CC [M]  sound/hda/codecs/hdmi/snd-hda-codec-simplehdmi.mod.o
  CC [M]  sound/hda/codecs/hdmi/snd-hda-codec-intelhdmi.mod.o
  CC [M]  sound/hda/codecs/hdmi/snd-hda-codec-atihdmi.mod.o
  CC [M]  sound/hda/codecs/hdmi/snd-hda-codec-nvhdmi.mod.o
  CC [M]  sound/hda/codecs/hdmi/snd-hda-codec-nvhdmi-mcp.mod.o
  CC [M]  sound/hda/codecs/hdmi/snd-hda-codec-tegrahdmi.mod.o
  CC [M]  sound/hda/controllers/snd-hda-tegra.mod.o
  CC [M]  net/802/psnap.mod.o
  CC [M]  net/802/stp.mod.o
  CC [M]  net/802/garp.mod.o
  CC [M]  net/802/mrp.mod.o
  CC [M]  net/sched/act_mirred.mod.o
  CC [M]  net/sched/act_gact.mod.o
  CC [M]  net/sched/act_gate.mod.o
  CC [M]  net/sched/sch_ingress.mod.o
  CC [M]  net/sched/sch_mqprio.mod.o
  CC [M]  net/sched/sch_mqprio_lib.mod.o
  CC [M]  net/sched/sch_etf.mod.o
  CC [M]  net/sched/sch_cbs.mod.o
  CC [M]  net/sched/sch_taprio.mod.o
  CC [M]  net/sched/cls_basic.mod.o
  CC [M]  net/sched/cls_flower.mod.o
  CC [M]  net/netfilter/nf_conntrack.mod.o
  CC [M]  net/netfilter/nf_log_syslog.mod.o
  CC [M]  net/netfilter/x_tables.mod.o
  CC [M]  net/netfilter/xt_tcpudp.mod.o
  CC [M]  net/netfilter/xt_mark.mod.o
  CC [M]  net/netfilter/xt_LOG.mod.o
  CC [M]  net/netfilter/xt_addrtype.mod.o
  CC [M]  net/netfilter/xt_conntrack.mod.o
  CC [M]  net/netfilter/ipvs/ip_vs.mod.o
  CC [M]  net/netfilter/xt_ipvs.mod.o
  CC [M]  net/ipv4/netfilter/nf_defrag_ipv4.mod.o
  CC [M]  net/ipv4/ip_tunnel.mod.o
  CC [M]  net/ipv4/tunnel4.mod.o
  CC [M]  net/dsa/dsa_core.mod.o
  CC [M]  net/ipv6/netfilter/nf_defrag_ipv6.mod.o
  CC [M]  net/ipv6/sit.mod.o
  CC [M]  net/dsa/tag_brcm.mod.o
  CC [M]  net/dsa/tag_none.mod.o
  CC [M]  net/dsa/tag_ocelot.mod.o
  CC [M]  net/8021q/8021q.mod.o
  CC [M]  net/dsa/tag_ocelot_8021q.mod.o
  CC [M]  net/llc/llc.mod.o
  CC [M]  net/wireless/cfg80211.mod.o
  CC [M]  net/bridge/bridge.mod.o
  CC [M]  net/bridge/br_netfilter.mod.o
  CC [M]  net/can/can.mod.o
  CC [M]  net/can/can-raw.mod.o
  CC [M]  net/can/can-gw.mod.o
  CC [M]  net/can/can-bcm.mod.o
  CC [M]  net/bluetooth/bluetooth.mod.o
  CC [M]  net/bluetooth/hidp/hidp.mod.o
  CC [M]  net/mac80211/mac80211.mod.o
  CC [M]  net/rfkill/rfkill.mod.o
  CC [M]  net/rfkill/rfkill-gpio.mod.o
  CC [M]  net/nfc/nfc.mod.o
  CC [M]  net/nfc/nci/nci.mod.o
  CC [M]  net/hsr/hsr.mod.o
  CC [M]  net/qrtr/qrtr-smd.mod.o
  CC [M]  net/qrtr/qrtr.mod.o
  CC [M]  net/qrtr/qrtr-tun.mod.o
  CC [M]  net/qrtr/qrtr-mhi.mod.o
  LD [M]  arch/arm64/crypto/aes-neon-blk.ko
  LD [M]  arch/arm64/crypto/aes-neon-bs.ko
  LD [M]  fs/nfs/blocklayout/blocklayoutdriver.ko
  LD [M]  fs/ubifs/ubifs.ko
  LD [M]  fs/fuse/cuse.ko
  LD [M]  fs/overlayfs/overlay.ko
  LD [M]  fs/fuse/fuse.ko
  LD [M]  fs/pstore/ramoops.ko
  LD [M]  fs/btrfs/btrfs.ko
  LD [M]  crypto/crypto_engine.ko
  LD [M]  crypto/kpp.ko
  LD [M]  crypto/dh_generic.ko
  LD [M]  crypto/cmac.ko
  LD [M]  crypto/md5.ko
  LD [M]  crypto/hmac.ko
  LD [M]  crypto/sha1.ko
  LD [M]  crypto/sha256.ko
  LD [M]  crypto/sha3.ko
  LD [M]  crypto/sha512.ko
  LD [M]  crypto/sm3.ko
  LD [M]  crypto/cbc.ko
  LD [M]  crypto/ctr.ko
  LD [M]  crypto/gcm.ko
  LD [M]  crypto/xts.ko
  LD [M]  crypto/des_generic.ko
  LD [M]  crypto/ccm.ko
  LD [M]  crypto/aes.ko
  LD [M]  crypto/sm4.ko
  LD [M]  crypto/sm4_generic.ko
  LD [M]  crypto/chacha.ko
  LD [M]  crypto/authenc.ko
  LD [M]  crypto/authencesn.ko
  LD [M]  crypto/deflate.ko
  LD [M]  crypto/lz4.ko
  LD [M]  crypto/tcrypt.ko
  LD [M]  crypto/af_alg.ko
  LD [M]  crypto/algif_rng.ko
  LD [M]  crypto/zstd.ko
  LD [M]  crypto/ecc.ko
  LD [M]  crypto/ecdh_generic.ko
  LD [M]  crypto/df_sp80090a.ko
  LD [M]  lib/crc/crc-ccitt.ko
  LD [M]  lib/crypto/libarc4.ko
  LD [M]  lib/crypto/libblake2b.ko
  LD [M]  lib/crypto/libchacha.ko
  LD [M]  lib/crypto/libdes.ko
  LD [M]  lib/crypto/libmd5.ko
  LD [M]  lib/crypto/libsha512.ko
  LD [M]  lib/crypto/libsha3.ko
  LD [M]  lib/crypto/libgf128hash.ko
  LD [M]  lib/crypto/libsm3.ko
  LD [M]  lib/lz4/lz4_compress.ko
  LD [M]  lib/zstd/zstd_compress.ko
  LD [M]  lib/reed_solomon/reed_solomon.ko
  LD [M]  lib/raid/xor/xor.ko
  LD [M]  drivers/irqchip/irq-bcm2712-mip.ko
  LD [M]  drivers/irqchip/irq-pruss-intc.ko
  LD [M]  drivers/irqchip/irq-imx-mu-msi.ko
  LD [M]  drivers/bus/mhi/host/mhi.ko
  LD [M]  lib/raid6/raid6_pq.ko
  LD [M]  drivers/bus/mhi/host/mhi_pci_generic.ko
  LD [M]  drivers/bus/imx-aipstz.ko
  LD [M]  drivers/bus/tegra-aconnect.ko
  LD [M]  drivers/phy/allwinner/phy-sun6i-mipi-dphy.ko
  LD [M]  drivers/phy/cadence/phy-cadence-torrent.ko
  LD [M]  drivers/phy/cadence/cdns-dphy.ko
  LD [M]  drivers/phy/cadence/phy-cadence-sierra.ko
  LD [M]  drivers/phy/cadence/cdns-dphy-rx.ko
  LD [M]  drivers/phy/cadence/phy-cadence-salvo.ko
  LD [M]  drivers/phy/freescale/phy-fsl-samsung-hdmi.ko
  LD [M]  drivers/phy/mediatek/phy-mtk-pcie.ko
  LD [M]  drivers/phy/mediatek/phy-mtk-hdmi-drv.ko
  LD [M]  drivers/phy/qualcomm/phy-qcom-edp.ko
  LD [M]  drivers/phy/mediatek/phy-mtk-mipi-dsi-drv.ko
  LD [M]  drivers/phy/mediatek/phy-mtk-dp.ko
  LD [M]  drivers/phy/freescale/phy-fsl-imx8mq-usb.ko
  LD [M]  drivers/phy/qualcomm/phy-qcom-m31-eusb2.ko
  LD [M]  drivers/phy/qualcomm/phy-qcom-m31.ko
  LD [M]  drivers/phy/freescale/phy-fsl-imx8-mipi-dphy.ko
  LD [M]  drivers/phy/qualcomm/phy-qcom-pcie2.ko
  LD [M]  drivers/phy/qualcomm/phy-qcom-qmp-combo.ko
  LD [M]  drivers/phy/qualcomm/phy-qcom-qmp-usbc.ko
  LD [M]  drivers/phy/qualcomm/phy-qcom-qmp-pcie.ko
  LD [M]  drivers/phy/qualcomm/phy-qcom-qmp-pcie-msm8996.ko
  LD [M]  drivers/phy/qualcomm/phy-qcom-qmp-ufs.ko
  LD [M]  drivers/phy/qualcomm/phy-qcom-qmp-usb.ko
  LD [M]  drivers/phy/qualcomm/phy-qcom-qusb2.ko
  LD [M]  drivers/phy/qualcomm/phy-qcom-eusb2-repeater.ko
  LD [M]  drivers/phy/qualcomm/phy-qcom-usb-hs-28nm.ko
  LD [M]  drivers/phy/qualcomm/phy-qcom-usb-hs.ko
  LD [M]  drivers/phy/qualcomm/phy-qcom-usb-ss.ko
  LD [M]  drivers/phy/renesas/phy-rzg3e-usb3.ko
  LD [M]  drivers/phy/rockchip/phy-rockchip-inno-dsidphy.ko
  LD [M]  drivers/phy/renesas/phy-rcar-gen3-usb3.ko
  LD [M]  drivers/phy/qualcomm/phy-qcom-snps-femto-v2.ko
  LD [M]  drivers/phy/qualcomm/phy-qcom-sgmii-eth.ko
  LD [M]  drivers/phy/rockchip/phy-rockchip-naneng-combphy.ko
  LD [M]  drivers/phy/rockchip/phy-rockchip-inno-hdmi.ko
  LD [M]  drivers/phy/rockchip/phy-rockchip-pcie.ko
  LD [M]  drivers/phy/rockchip/phy-rockchip-samsung-hdptx.ko
  LD [M]  drivers/phy/rockchip/phy-rockchip-usbdp.ko
  LD [M]  drivers/phy/ti/phy-j721e-wiz.ko
  LD [M]  drivers/phy/xilinx/phy-zynqmp.ko
  LD [M]  drivers/phy/tegra/phy-tegra194-p2u.ko
  LD [M]  drivers/phy/ti/phy-am654-serdes.ko
  LD [M]  drivers/phy/ti/phy-omap-usb2.ko
  LD [M]  drivers/phy/samsung/phy-exynos5-usbdrd.ko
  LD [M]  drivers/phy/phy-can-transceiver.ko
  LD [M]  drivers/phy/phy-nxp-ptn3222.ko
  LD [M]  drivers/pinctrl/qcom/pinctrl-milos-lpass-lpi.ko
  LD [M]  drivers/pinctrl/qcom/pinctrl-sm6115-lpass-lpi.ko
  LD [M]  drivers/pinctrl/qcom/pinctrl-sm8250-lpass-lpi.ko
  LD [M]  drivers/phy/phy-snps-eusb2.ko
  LD [M]  drivers/pinctrl/qcom/pinctrl-sm8450-lpass-lpi.ko
  LD [M]  drivers/pinctrl/qcom/pinctrl-sm8550-lpass-lpi.ko
  LD [M]  drivers/pinctrl/qcom/pinctrl-sm8650-lpass-lpi.ko
  LD [M]  drivers/pinctrl/qcom/pinctrl-sc7280-lpass-lpi.ko
  LD [M]  drivers/pinctrl/qcom/pinctrl-sc8280xp-lpass-lpi.ko
  LD [M]  drivers/pinctrl/qcom/pinctrl-lpass-lpi.ko
  LD [M]  drivers/pinctrl/pinctrl-rk805.ko
  LD [M]  drivers/pinctrl/pinctrl-da9062.ko
  LD [M]  drivers/pinctrl/pinctrl-rp1.ko
  LD [M]  drivers/pinctrl/pinctrl-apple-gpio.ko
  LD [M]  drivers/pinctrl/pinctrl-sx150x.ko
  LD [M]  drivers/pinctrl/pinctrl-tps6594.ko
  LD [M]  drivers/gpio/gpio-adp5585.ko
  LD [M]  drivers/gpio/gpio-aggregator.ko
  LD [M]  drivers/gpio/gpio-regmap.ko
  LD [M]  drivers/gpio/gpio-altera.ko
  LD [M]  drivers/gpio/gpio-macsmc.ko
  LD [M]  drivers/gpio/gpio-shared-proxy.ko
  LD [M]  drivers/gpio/gpio-tpic2810.ko
  LD [M]  drivers/gpio/gpio-zynq.ko
  LD [M]  drivers/gpio/gpio-xilinx.ko
  LD [M]  drivers/gpio/gpio-sl28cpld.ko
  LD [M]  drivers/gpio/gpio-max77759.ko
  LD [M]  drivers/pwm/pwm-adp5585.ko
  LD [M]  drivers/gpio/gpio-wcd934x.ko
  LD [M]  drivers/pwm/pwm-apple.ko
  LD [M]  drivers/gpio/gpio-pcf857x.ko
  LD [M]  drivers/pwm/pwm-bcm2835.ko
  LD [M]  drivers/pwm/pwm-brcmstb.ko
  LD [M]  drivers/pwm/pwm-imx27.ko
  LD [M]  drivers/pwm/pwm-mediatek.ko
  LD [M]  drivers/gpio/gpio-bd9571mwv.ko
  LD [M]  drivers/pwm/pwm-cros-ec.ko
  LD [M]  drivers/pwm/pwm-meson.ko
  LD [M]  drivers/pwm/pwm-mtk-disp.ko
  LD [M]  drivers/pwm/pwm-rcar.ko
  LD [M]  drivers/pwm/pwm-rzg2l-gpt.ko
  LD [M]  drivers/pwm/pwm-rz-mtu3.ko
  LD [M]  drivers/pwm/pwm-renesas-tpu.ko
  LD [M]  drivers/pwm/pwm-sl28cpld.ko
  LD [M]  drivers/pwm/pwm-stm32.ko
  LD [M]  drivers/pwm/pwm-sun4i.ko
  LD [M]  drivers/pwm/pwm-tegra.ko
  LD [M]  drivers/pwm/pwm-tiehrpwm.ko
  LD [M]  drivers/pwm/pwm-tiecap.ko
  LD [M]  drivers/pwm/pwm-visconti.ko
  LD [M]  drivers/leds/led-class-flash.ko
  LD [M]  drivers/leds/led-class-multicolor.ko
  LD [M]  drivers/pwm/pwm-xilinx.ko
  LD [M]  drivers/leds/leds-cros_ec.ko
  LD [M]  drivers/leds/leds-lm3692x.ko
  LD [M]  drivers/leds/leds-pca9532.ko
  LD [M]  drivers/leds/flash/leds-qcom-flash.ko
  LD [M]  drivers/leds/rgb/leds-qcom-lpg.ko
  LD [M]  drivers/pci/pwrctrl/pci-pwrctrl-pwrseq.ko
  LD [M]  drivers/pci/pwrctrl/pci-pwrctrl-tc9563.ko
  LD [M]  drivers/pci/endpoint/functions/pci-epf-test.ko
  LD [M]  drivers/pci/controller/dwc/pci-meson.ko
  LD [M]  drivers/pci/controller/dwc/pcie-tegra194.ko
  LD [M]  drivers/pci/controller/dwc/pcie-rcar-gen4.ko
  LD [M]  drivers/pci/controller/cadence/pcie-cadence-mod.ko
  LD [M]  drivers/pci/controller/cadence/pcie-cadence-host-mod.ko
  LD [M]  drivers/pci/controller/cadence/pci-j721e.ko
  LD [M]  drivers/pci/controller/pcie-rockchip-host.ko
  LD [M]  drivers/pci/controller/pcie-mediatek-gen3.ko
  LD [M]  drivers/pci/controller/pcie-brcmstb.ko
  LD [M]  drivers/pci/controller/pcie-apple.ko
  LD [M]  drivers/video/backlight/apple_dwi_bl.ko
  LD [M]  drivers/video/backlight/backlight.ko
  LD [M]  drivers/video/backlight/gpio_backlight.ko
  LD [M]  drivers/video/backlight/lp855x_bl.ko
  LD [M]  drivers/video/backlight/pwm_bl.ko
  LD [M]  drivers/video/backlight/qcom-wled.ko
  LD [M]  drivers/char/ipmi/ipmi_msghandler.ko
  LD [M]  drivers/char/ipmi/ipmi_devintf.ko
  LD [M]  drivers/char/ipmi/ipmi_si.ko
  LD [M]  drivers/clk/mediatek/clk-mt8196-mfg.ko
  LD [M]  drivers/clk/mediatek/clk-mt8196-disp0.ko
  LD [M]  drivers/clk/mediatek/clk-mt8196-disp1.ko
  LD [M]  drivers/clk/mediatek/clk-mt8196-vdisp_ao.ko
  LD [M]  drivers/clk/mediatek/clk-mt8196-ovl0.ko
  LD [M]  drivers/clk/mediatek/clk-mt8196-ovl1.ko
  LD [M]  drivers/clk/mediatek/clk-mt8196-vdec.ko
  LD [M]  drivers/clk/mediatek/clk-mt8196-venc.ko
  LD [M]  drivers/clk/meson/clk-phase.ko
  LD [M]  drivers/clk/meson/sclk-div.ko
  LD [M]  drivers/clk/meson/axg-audio.ko
  LD [M]  drivers/clk/qcom/dispcc-eliza.ko
  LD [M]  drivers/clk/qcom/tcsrcc-eliza.ko
  LD [M]  drivers/clk/qcom/lpass-gfm-sm8250.ko
  LD [M]  drivers/clk/qcom/dispcc-glymur.ko
  LD [M]  drivers/clk/qcom/tcsrcc-glymur.ko
  LD [M]  drivers/clk/qcom/cambistmclkcc-kaanapali.ko
  LD [M]  drivers/clk/qcom/camcc-kaanapali.ko
  LD [M]  drivers/clk/qcom/dispcc-kaanapali.ko
  LD [M]  drivers/clk/qcom/gpucc-kaanapali.ko
  LD [M]  drivers/clk/qcom/gxclkctl-kaanapali.ko
  LD [M]  drivers/clk/qcom/tcsrcc-kaanapali.ko
  LD [M]  drivers/clk/qcom/videocc-kaanapali.ko
  LD [M]  drivers/clk/qcom/camcc-x1e80100.ko
  LD [M]  drivers/clk/qcom/dispcc-x1e80100.ko
  LD [M]  drivers/clk/qcom/gpucc-x1e80100.ko
  LD [M]  drivers/clk/qcom/gpucc-x1p42100.ko
  LD [M]  drivers/clk/qcom/gpucc-qcm2290.ko
  LD [M]  drivers/clk/qcom/ipq-cmn-pll.ko
  LD [M]  drivers/clk/qcom/nsscc-ipq5424.ko
  LD [M]  drivers/clk/qcom/nsscc-ipq9574.ko
  LD [M]  drivers/clk/qcom/mmcc-msm8994.ko
  LD [M]  drivers/clk/qcom/mmcc-msm8996.ko
  LD [M]  drivers/clk/qcom/mmcc-msm8998.ko
  LD [M]  drivers/clk/qcom/dispcc-qcm2290.ko
  LD [M]  drivers/clk/qcom/dispcc-qcs615.ko
  LD [M]  drivers/clk/qcom/camcc-qcs615.ko
  LD [M]  drivers/clk/qcom/gpucc-qcs615.ko
  LD [M]  drivers/clk/qcom/videocc-qcs615.ko
  LD [M]  drivers/clk/qcom/camcc-sc7280.ko
  LD [M]  drivers/clk/qcom/camcc-sc8280xp.ko
  LD [M]  drivers/clk/qcom/dispcc-sc7280.ko
  LD [M]  drivers/clk/qcom/dispcc-sc8280xp.ko
  LD [M]  drivers/clk/qcom/camcc-sa8775p.ko
  LD [M]  drivers/clk/qcom/dispcc0-sa8775p.ko
  LD [M]  drivers/clk/qcom/dispcc1-sa8775p.ko
  LD [M]  drivers/clk/qcom/gpucc-sa8775p.ko
  LD [M]  drivers/clk/qcom/videocc-sa8775p.ko
  LD [M]  drivers/clk/qcom/gpucc-sc7280.ko
  LD [M]  drivers/clk/qcom/gpucc-sc8280xp.ko
  LD [M]  drivers/clk/qcom/lpasscc-sc8280xp.ko
  LD [M]  drivers/clk/qcom/lpasscorecc-sc7280.ko
  LD [M]  drivers/clk/qcom/lpassaudiocc-sc7280.ko
  LD [M]  drivers/clk/qcom/videocc-sc7280.ko
  LD [M]  drivers/clk/qcom/camcc-sdm845.ko
  LD [M]  drivers/clk/qcom/lpasscc-sdm845.ko
  LD [M]  drivers/clk/qcom/camcc-sm6350.ko
  LD [M]  drivers/clk/qcom/camcc-sm8250.ko
  LD [M]  drivers/clk/qcom/camcc-sm8550.ko
  LD [M]  drivers/clk/qcom/camcc-sm8650.ko
  LD [M]  drivers/clk/qcom/cambistmclkcc-sm8750.ko
  LD [M]  drivers/clk/qcom/camcc-sm8750.ko
  LD [M]  drivers/clk/qcom/camcc-milos.ko
  LD [M]  drivers/clk/qcom/dispcc-sm6115.ko
  LD [M]  drivers/clk/qcom/dispcc-sm6350.ko
  LD [M]  drivers/clk/qcom/dispcc-sm8450.ko
  LD [M]  drivers/clk/qcom/dispcc-sm8550.ko
  LD [M]  drivers/clk/qcom/dispcc-sm8750.ko
  LD [M]  drivers/clk/qcom/dispcc-milos.ko
  LD [M]  drivers/clk/qcom/gpucc-sm6115.ko
  LD [M]  drivers/clk/qcom/gpucc-sm6350.ko
  LD [M]  drivers/clk/qcom/gpucc-sm8350.ko
  LD [M]  drivers/clk/qcom/gpucc-sm8450.ko
  LD [M]  drivers/clk/qcom/gpucc-sm8550.ko
  LD [M]  drivers/clk/qcom/gpucc-sm8650.ko
  LD [M]  drivers/clk/qcom/gpucc-sm8750.ko
  LD [M]  drivers/clk/qcom/gpucc-milos.ko
  LD [M]  drivers/clk/qcom/tcsrcc-sm8750.ko
  LD [M]  drivers/clk/qcom/videocc-sm6350.ko
  LD [M]  drivers/clk/qcom/videocc-sm8450.ko
  LD [M]  drivers/clk/qcom/videocc-sm8550.ko
  LD [M]  drivers/clk/qcom/videocc-sm8750.ko
  LD [M]  drivers/clk/qcom/videocc-milos.ko
  LD [M]  drivers/clk/renesas/clk-vbattb.ko
  LD [M]  drivers/clk/samsung/clk-acpm.ko
  LD [M]  drivers/clk/xilinx/xlnx_vcu.ko
  LD [M]  drivers/clk/xilinx/clk-xlnx-clock-wizard.ko
  LD [M]  drivers/clk/clk-apple-nco.ko
  LD [M]  drivers/clk/clk-bd718x7.ko
  LD [M]  drivers/clk/clk-rp1.ko
  LD [M]  drivers/dma/sh/usb-dmac.ko
  LD [M]  drivers/dma/mediatek/mtk-uart-apdma.ko
  LD [M]  drivers/dma/qcom/gpi.ko
  LD [M]  drivers/dma/stm32/stm32-dma3.ko
  LD [M]  drivers/dma/xilinx/xilinx_dma.ko
  LD [M]  drivers/dma/xilinx/zynqmp_dma.ko
  LD [M]  drivers/dma/xilinx/xilinx_dpdma.ko
  LD [M]  drivers/dma/apple-admac.ko
  LD [M]  drivers/dma/bcm-sba-raid.ko
  LD [M]  drivers/dma/sun6i-dma.ko
  LD [M]  drivers/dma/dw-edma/dw-edma.ko
  LD [M]  drivers/dma/imx-sdma.ko
  LD [M]  drivers/dma/tegra210-adma.ko
  LD [M]  drivers/soc/apple/apple-mailbox.ko
  LD [M]  drivers/soc/apple/apple-rtkit.ko
  LD [M]  drivers/soc/apple/apple-sart.ko
  LD [M]  drivers/soc/mediatek/mtk-cmdq-helper.ko
  LD [M]  drivers/soc/mediatek/mtk-devapc.ko
  LD [M]  drivers/soc/mediatek/mtk-mmsys.ko
  LD [M]  drivers/soc/mediatek/mtk-mutex.ko
  LD [M]  drivers/soc/mediatek/mtk-svs.ko
  LD [M]  drivers/soc/amlogic/meson-canvas.ko
  LD [M]  drivers/soc/qcom/mdt_loader.ko
  LD [M]  drivers/soc/qcom/ocmem.ko
  LD [M]  drivers/soc/qcom/qcom_pd_mapper.ko
  LD [M]  drivers/soc/qcom/pdr_interface.ko
  LD [M]  drivers/soc/qcom/qcom_pdr_msg.ko
  LD [M]  drivers/soc/qcom/pmic_glink.ko
  LD [M]  drivers/soc/qcom/pmic_glink_altmode.ko
  LD [M]  drivers/soc/qcom/qmi_helpers.ko
  LD [M]  drivers/soc/qcom/rmtfs_mem.ko
  LD [M]  drivers/soc/qcom/socinfo.ko
  LD [M]  drivers/soc/qcom/spm.ko
  LD [M]  drivers/soc/qcom/qcom_stats.ko
  LD [M]  drivers/soc/qcom/wcnss_ctrl.ko
  LD [M]  drivers/soc/qcom/apr.ko
  LD [M]  drivers/soc/qcom/llcc-qcom.ko
  LD [M]  drivers/soc/qcom/icc-bwmon.ko
  LD [M]  drivers/soc/qcom/qcom_ice.ko
  LD [M]  drivers/soc/qcom/qcom-pbs.ko
  LD [M]  drivers/soc/qcom/ubwc_config.ko
  LD [M]  drivers/soc/ti/pruss.ko
  LD [M]  drivers/xen/xen-pciback/xen-pciback.ko
  LD [M]  drivers/regulator/da9211-regulator.ko
  LD [M]  drivers/regulator/lp873x-regulator.ko
  LD [M]  drivers/regulator/max20411-regulator.ko
  LD [M]  drivers/regulator/mt6315-regulator.ko
  LD [M]  drivers/regulator/mt6316-regulator.ko
  LD [M]  drivers/regulator/qcom-pm8008-regulator.ko
  LD [M]  drivers/regulator/qcom-refgen-regulator.ko
  LD [M]  drivers/regulator/qcom_usb_vbus-regulator.ko
  LD [M]  drivers/regulator/tps6594-regulator.ko
  LD [M]  drivers/regulator/tps65132-regulator.ko
  LD [M]  drivers/regulator/vctrl-regulator.ko
  LD [M]  drivers/reset/amlogic/reset-meson-aux.ko
  LD [M]  drivers/reset/amlogic/reset-meson-audio-arb.ko
  LD [M]  drivers/reset/reset-berlin.ko
  LD [M]  drivers/reset/reset-gpio.ko
  LD [M]  drivers/reset/reset-qcom-pdc.ko
  LD [M]  drivers/reset/reset-rzv2h-usb2phy.ko
  LD [M]  drivers/char/tpm/tpm_tis_core.ko
  LD [M]  drivers/char/tpm/tpm_tis.ko
  LD [M]  drivers/char/tpm/tpm_tis_spi.ko
  LD [M]  drivers/char/tpm/tpm_tis_i2c_cr50.ko
  LD [M]  drivers/iommu/apple-dart.ko
  LD [M]  drivers/gpu/host1x/host1x.ko
  LD [M]  drivers/gpu/drm/arm/hdlcd.ko
  LD [M]  drivers/gpu/drm/arm/mali-dp.ko
  LD [M]  drivers/gpu/drm/arm/display/komeda/komeda.ko
  LD [M]  drivers/gpu/drm/clients/drm_client_lib.ko
  LD [M]  drivers/gpu/drm/display/drm_dp_aux_bus.ko
  LD [M]  drivers/gpu/drm/display/drm_display_helper.ko
  LD [M]  drivers/gpu/drm/renesas/rcar-du/rcar_cmm.ko
  LD [M]  drivers/gpu/drm/renesas/rcar-du/rcar-du-drm.ko
  LD [M]  drivers/gpu/drm/renesas/rcar-du/rcar_dw_hdmi.ko
  LD [M]  drivers/gpu/drm/renesas/rcar-du/rcar_lvds.ko
  LD [M]  drivers/gpu/drm/renesas/rcar-du/rcar_mipi_dsi.ko
  LD [M]  drivers/gpu/drm/renesas/rz-du/rzg2l-du-drm.ko
  LD [M]  drivers/gpu/drm/renesas/rz-du/rzg2l_mipi_dsi.ko
  LD [M]  drivers/gpu/drm/imx/dcss/imx-dcss.ko
  LD [M]  drivers/gpu/drm/panel/panel-boe-tv101wum-nl6.ko
  LD [M]  drivers/gpu/drm/panel/panel-lvds.ko
  LD [M]  drivers/gpu/drm/panel/panel-simple.ko
  LD [M]  drivers/gpu/drm/panel/panel-edp.ko
  LD [M]  drivers/gpu/drm/panel/panel-himax-hx8279.ko
  LD [M]  drivers/gpu/drm/panel/panel-himax-hx83112a.ko
  LD [M]  drivers/gpu/drm/panel/panel-himax-hx83112b.ko
  LD [M]  drivers/gpu/drm/panel/panel-ilitek-ili9882t.ko
  LD [M]  drivers/gpu/drm/panel/panel-khadas-ts050.ko
  LD [M]  drivers/gpu/drm/panel/panel-novatek-nt36672a.ko
  LD [M]  drivers/gpu/drm/panel/panel-novatek-nt36672e.ko
  LD [M]  drivers/gpu/drm/panel/panel-novatek-nt37801.ko
  LD [M]  drivers/gpu/drm/panel/panel-mantix-mlaf057we51.ko
  LD [M]  drivers/gpu/drm/panel/panel-raydium-rm67191.ko
  LD [M]  drivers/gpu/drm/panel/panel-raydium-rm692e5.ko
  LD [M]  drivers/gpu/drm/panel/panel-samsung-atna33xc20.ko
  LD [M]  drivers/gpu/drm/panel/panel-sitronix-st7703.ko
  LD [M]  drivers/gpu/drm/panel/panel-summit.ko
  LD [M]  drivers/gpu/drm/panel/panel-startek-kd070fhfid015.ko
  LD [M]  drivers/gpu/drm/panel/panel-truly-nt35597.ko
  LD [M]  drivers/gpu/drm/panel/panel-visionox-vtdr6130.ko
  LD [M]  drivers/gpu/drm/bridge/analogix/anx7625.ko
  LD [M]  drivers/gpu/drm/bridge/analogix/analogix_dp.ko
  LD [M]  drivers/gpu/drm/bridge/cadence/cdns-dsi.ko
  LD [M]  drivers/gpu/drm/bridge/cadence/cdns-mhdp8546.ko
  LD [M]  drivers/gpu/drm/bridge/imx/imx8mp-hdmi-tx.ko
  LD [M]  drivers/gpu/drm/bridge/imx/imx8mp-hdmi-pai.ko
  LD [M]  drivers/gpu/drm/bridge/imx/imx8mp-hdmi-pvi.ko
  LD [M]  drivers/gpu/drm/bridge/synopsys/dw-dp.ko
  LD [M]  drivers/gpu/drm/bridge/synopsys/dw-hdmi.ko
  LD [M]  drivers/gpu/drm/bridge/synopsys/dw-hdmi-ahb-audio.ko
  LD [M]  drivers/gpu/drm/bridge/synopsys/dw-hdmi-i2s-audio.ko
  LD [M]  drivers/gpu/drm/bridge/synopsys/dw-hdmi-cec.ko
  LD [M]  drivers/gpu/drm/bridge/synopsys/dw-hdmi-qp.ko
  LD [M]  drivers/gpu/drm/bridge/synopsys/dw-mipi-dsi.ko
  LD [M]  drivers/gpu/drm/bridge/aux-bridge.ko
  LD [M]  drivers/gpu/drm/bridge/aux-hpd-bridge.ko
  LD [M]  drivers/gpu/drm/bridge/display-connector.ko
  LD [M]  drivers/gpu/drm/bridge/fsl-ldb.ko
  LD [M]  drivers/gpu/drm/bridge/tda998x.ko
  LD [M]  drivers/gpu/drm/bridge/inno-hdmi.ko
  LD [M]  drivers/gpu/drm/bridge/ite-it6263.ko
  LD [M]  drivers/gpu/drm/bridge/lontium-lt8912b.ko
  LD [M]  drivers/gpu/drm/bridge/lontium-lt9611.ko
  LD [M]  drivers/gpu/drm/bridge/lontium-lt9611uxc.ko
  LD [M]  drivers/gpu/drm/bridge/lontium-lt8713sx.ko
  LD [M]  drivers/gpu/drm/bridge/parade-ps8640.ko
  LD [M]  drivers/gpu/drm/bridge/samsung-dsim.ko
  LD [M]  drivers/gpu/drm/bridge/sii902x.ko
  LD [M]  drivers/gpu/drm/bridge/simple-bridge.ko
  LD [M]  drivers/gpu/drm/bridge/thc63lvd1024.ko
  LD [M]  drivers/gpu/drm/bridge/tc358767.ko
  LD [M]  drivers/gpu/drm/bridge/tc358768.ko
  LD [M]  drivers/gpu/drm/bridge/adv7511/adv7511.ko
  LD [M]  drivers/gpu/drm/bridge/ti-sn65dsi83.ko
  LD [M]  drivers/gpu/drm/bridge/ti-sn65dsi86.ko
  LD [M]  drivers/gpu/drm/bridge/ti-tfp410.ko
  LD [M]  drivers/gpu/drm/bridge/nwl-dsi.ko
  LD [M]  drivers/gpu/drm/bridge/ite-it66121.ko
  LD [M]  drivers/gpu/drm/hisilicon/hibmc/hibmc-drm.ko
  LD [M]  drivers/gpu/drm/hisilicon/kirin/kirin-drm.ko
  LD [M]  drivers/gpu/drm/hisilicon/kirin/dw_drm_dsi.ko
  LD [M]  drivers/gpu/drm/mxsfb/mxsfb.ko
  LD [M]  drivers/gpu/drm/mxsfb/imx-lcdif.ko
  LD [M]  drivers/gpu/drm/xlnx/zynqmp-dpsub.ko
  LD [M]  drivers/gpu/drm/drm.ko
  LD [M]  drivers/gpu/drm/drm_exec.ko
  LD [M]  drivers/gpu/drm/drm_gpuvm.ko
  LD [M]  drivers/gpu/drm/drm_dma_helper.ko
  LD [M]  drivers/gpu/drm/drm_shmem_helper.ko
  LD [M]  drivers/gpu/drm/drm_vram_helper.ko
  LD [M]  drivers/gpu/drm/drm_ttm_helper.ko
  LD [M]  drivers/gpu/drm/drm_kms_helper.ko
  LD [M]  drivers/gpu/drm/ttm/ttm.ko
  LD [M]  drivers/gpu/drm/scheduler/gpu-sched.ko
  LD [M]  drivers/gpu/drm/v3d/v3d.ko
  LD [M]  drivers/gpu/drm/vc4/vc4.ko
  LD [M]  drivers/gpu/drm/nouveau/ch7006.ko
  LD [M]  drivers/gpu/drm/nouveau/sil164.ko
  LD [M]  drivers/gpu/drm/nouveau/nouveau.ko
  LD [M]  drivers/gpu/drm/exynos/exynosdrm.ko
  LD [M]  drivers/gpu/drm/rockchip/rockchipdrm.ko
  LD [M]  drivers/gpu/drm/sun4i/sun4i-drm.ko
  LD [M]  drivers/gpu/drm/sun4i/sun4i-tcon.ko
  LD [M]  drivers/gpu/drm/sun4i/sun4i_tv.ko
  LD [M]  drivers/gpu/drm/sun4i/sun6i_drc.ko
  LD [M]  drivers/gpu/drm/sun4i/sun6i_mipi_dsi.ko
  LD [M]  drivers/gpu/drm/sun4i/sun8i-drm-hdmi.ko
  LD [M]  drivers/gpu/drm/sun4i/sun8i-mixer.ko
  LD [M]  drivers/gpu/drm/sun4i/sun8i_tcon_top.ko
  LD [M]  drivers/gpu/drm/msm/msm.ko
  LD [M]  drivers/gpu/drm/tegra/tegra-drm.ko
  LD [M]  drivers/gpu/drm/stm/lvds.ko
  LD [M]  drivers/gpu/drm/stm/stm-drm.ko
  LD [M]  drivers/gpu/drm/mediatek/mediatek-drm.ko
  LD [M]  drivers/gpu/drm/mediatek/mtk_hdmi_common.ko
  LD [M]  drivers/gpu/drm/mediatek/mtk_cec.ko
  LD [M]  drivers/gpu/drm/mediatek/mtk_hdmi.ko
  LD [M]  drivers/gpu/drm/mediatek/mtk_hdmi_ddc.ko
  LD [M]  drivers/gpu/drm/mediatek/mtk_hdmi_v2.ko
  LD [M]  drivers/gpu/drm/mediatek/mtk_hdmi_ddc_v2.ko
  LD [M]  drivers/gpu/drm/mediatek/mtk_dp.ko
  LD [M]  drivers/gpu/drm/meson/meson-drm.ko
  LD [M]  drivers/gpu/drm/meson/meson_dw_hdmi.ko
  LD [M]  drivers/gpu/drm/meson/meson_dw_mipi_dsi.ko
  LD [M]  drivers/gpu/drm/etnaviv/etnaviv.ko
  LD [M]  drivers/gpu/drm/pl111/pl111_drm.ko
  LD [M]  drivers/gpu/drm/lima/lima.ko
  LD [M]  drivers/gpu/drm/panfrost/panfrost.ko
  LD [M]  drivers/gpu/drm/panthor/panthor.ko
  LD [M]  drivers/gpu/drm/tidss/tidss.ko
  LD [M]  drivers/gpu/drm/imagination/powervr.ko
  LD [M]  drivers/base/regmap/regmap-slimbus.ko
  LD [M]  drivers/base/regmap/regmap-sdw.ko
  LD [M]  drivers/block/nbd.ko
  LD [M]  drivers/misc/eeprom/at24.ko
  LD [M]  drivers/misc/eeprom/at25.ko
  LD [M]  drivers/misc/qcom-coincell.ko
  LD [M]  drivers/misc/fastrpc.ko
  LD [M]  drivers/misc/pci_endpoint_test.ko
  LD [M]  drivers/misc/uacce/uacce.ko
  LD [M]  drivers/misc/xilinx_sdfec.ko
  LD [M]  drivers/misc/tps6594-esm.ko
  LD [M]  drivers/misc/tps6594-pfsm.ko
  LD [M]  drivers/misc/rp1/rp1_pci.ko
  LD [M]  drivers/mfd/exynos-lpass.ko
  LD [M]  drivers/mfd/macsmc.ko
  LD [M]  drivers/mfd/lp873x.ko
  LD [M]  drivers/mfd/ti_am335x_tscadc.ko
  LD [M]  drivers/mfd/wcd934x.ko
  LD [M]  drivers/mfd/wm8994.ko
  LD [M]  drivers/mfd/tps6594-core.ko
  LD [M]  drivers/mfd/tps6594-i2c.ko
  LD [M]  drivers/mfd/da9062-core.ko
  LD [M]  drivers/mfd/max77759.ko
  LD [M]  drivers/mfd/adp5585.ko
  LD [M]  drivers/mfd/sec-acpm.ko
  LD [M]  drivers/mfd/stm32-lptimer.ko
  LD [M]  drivers/mfd/stm32-timers.ko
  LD [M]  drivers/mfd/khadas-mcu.ko
  LD [M]  drivers/mfd/qcom-pm8008.ko
  LD [M]  drivers/nfc/nxp-nci/nxp-nci.ko
  LD [M]  drivers/nfc/nxp-nci/nxp-nci_i2c.ko
  LD [M]  drivers/nfc/s3fwrn5/s3fwrn5.ko
  LD [M]  drivers/nfc/s3fwrn5/s3fwrn5_i2c.ko
  LD [M]  drivers/scsi/raid_class.ko
  LD [M]  drivers/scsi/mpt3sas/mpt3sas.ko
  LD [M]  drivers/nvme/host/nvme-core.ko
  LD [M]  drivers/nvme/host/nvme.ko
  LD [M]  drivers/nvme/host/nvme-apple.ko
  LD [M]  drivers/ata/ahci_brcm.ko
  LD [M]  drivers/ata/ahci_dwc.ko
  LD [M]  drivers/mtd/nand/raw/brcmnand/iproc_nand.ko
  LD [M]  drivers/mtd/nand/raw/brcmnand/bcmbca_nand.ko
  LD [M]  drivers/mtd/nand/raw/brcmnand/brcmstb_nand.ko
  LD [M]  drivers/mtd/nand/raw/brcmnand/brcmnand.ko
  LD [M]  drivers/mtd/nand/spi/spinand.ko
  LD [M]  drivers/mtd/ubi/ubi.ko
  LD [M]  drivers/mtd/hyperbus/hyperbus-core.ko
  LD [M]  drivers/mtd/hyperbus/hbmc-am654.ko
  LD [M]  drivers/spi/spidev.ko
  LD [M]  drivers/spi/spi-apple.ko
  LD [M]  drivers/spi/spi-bcm2835.ko
  LD [M]  drivers/spi/spi-bcm2835aux.ko
  LD [M]  drivers/spi/spi-bitbang.ko
  LD [M]  drivers/spi/spi-dw.ko
  LD [M]  drivers/spi/spi-dw-mmio.ko
  LD [M]  drivers/spi/spi-imx.ko
  LD [M]  drivers/spi/spi-meson-spicc.ko
  LD [M]  drivers/spi/spi-meson-spifc.ko
  LD [M]  drivers/spi/spi-mtk-nor.ko
  LD [M]  drivers/spi/spi-omap2-mcspi.ko
  LD [M]  drivers/spi/spi-geni-qcom.ko
  LD [M]  drivers/spi/spi-qcom-qspi.ko
  LD [M]  drivers/spi/spi-rockchip-sfc.ko
  LD [M]  drivers/spi/spi-rpc-if.ko
  LD [M]  drivers/spi/spi-rspi.ko
  LD [M]  drivers/spi/spi-rzv2h-rspi.ko
  LD [M]  drivers/spi/spi-rzv2m-csi.ko
  LD [M]  drivers/spi/spi-sh-msiof.ko
  LD [M]  drivers/spi/spi-stm32-ospi.ko
  LD [M]  drivers/spi/spi-tegra210-quad.ko
  LD [M]  drivers/spi/spi-tegra114.ko
  LD [M]  drivers/spi/spi-xilinx.ko
  LD [M]  drivers/spi/spi-zynqmp-gqspi.ko
  LD [M]  drivers/spmi/spmi-apple-controller.ko
  LD [M]  drivers/spmi/spmi-mtk-pmif.ko
  LD [M]  drivers/net/phy/qcom/qca808x.ko
  LD [M]  drivers/net/phy/ax88796b.ko
  LD [M]  drivers/net/phy/bcm54140.ko
  LD [M]  drivers/net/phy/bcm7xxx.ko
  LD [M]  drivers/net/phy/bcm-phy-lib.ko
  LD [M]  drivers/net/phy/broadcom.ko
  LD [M]  drivers/net/phy/dp83869.ko
  LD [M]  drivers/net/phy/dp83tg720.ko
  LD [M]  drivers/net/phy/marvell.ko
  LD [M]  drivers/net/phy/meson-gxl.ko
  LD [M]  drivers/net/phy/microchip.ko
  LD [M]  drivers/net/phy/smsc.ko
  LD [M]  drivers/net/phy/xilinx_gmii2rgmii.ko
  LD [M]  drivers/net/mdio/mdio-regmap.ko
  LD [M]  drivers/net/mdio/mdio-mux-meson-g12a.ko
  LD [M]  drivers/net/mdio/mdio-mux-meson-gxl.ko
  LD [M]  drivers/net/pcs/pcs_xpcs.ko
  LD [M]  drivers/net/pcs/pcs-rzn1-miic.ko
  LD [M]  drivers/net/dsa/b53/b53_common.ko
  LD [M]  drivers/net/dsa/b53/b53_srab.ko
  LD [M]  drivers/net/dsa/ocelot/mscc_felix_dsa_lib.ko
  LD [M]  drivers/net/dsa/ocelot/mscc_felix.ko
  LD [M]  drivers/net/dsa/bcm-sf2.ko
  LD [M]  drivers/net/ethernet/amazon/ena/ena.ko
  LD [M]  drivers/net/ethernet/atheros/atl1c/atl1c.ko
  LD [M]  drivers/net/ethernet/broadcom/genet/genet.ko
  LD [M]  drivers/net/ethernet/broadcom/bnx2x/bnx2x.ko
  LD [M]  drivers/net/ethernet/broadcom/bcmsysport.ko
  LD [M]  drivers/net/ethernet/freescale/enetc/nxp-enetc4.ko
  LD [M]  drivers/net/ethernet/freescale/enetc/nxp-netc-blk-ctrl.ko
  LD [M]  drivers/net/ethernet/mediatek/mtk_star_emac.ko
  LD [M]  drivers/net/ethernet/mellanox/mlx4/mlx4_core.ko
  LD [M]  drivers/net/ethernet/mellanox/mlx4/mlx4_en.ko
  LD [M]  drivers/net/ethernet/mellanox/mlx5/core/mlx5_core.ko
  LD [M]  drivers/net/ethernet/mscc/mscc_ocelot_switch_lib.ko
  LD [M]  drivers/net/ethernet/qualcomm/emac/qcom-emac.ko
  LD [M]  drivers/net/ethernet/qualcomm/rmnet/rmnet.ko
  LD [M]  drivers/net/ethernet/realtek/r8169.ko
  LD [M]  drivers/net/ethernet/stmicro/stmmac/stmmac.ko
  LD [M]  drivers/net/ethernet/stmicro/stmmac/stmmac-platform.ko
  LD [M]  drivers/net/ethernet/stmicro/stmmac/dwmac-ipq806x.ko
  LD [M]  drivers/net/ethernet/stmicro/stmmac/dwmac-mediatek.ko
  LD [M]  drivers/net/ethernet/stmicro/stmmac/dwmac-meson.ko
  LD [M]  drivers/net/ethernet/stmicro/stmmac/dwmac-meson8b.ko
  LD [M]  drivers/net/ethernet/stmicro/stmmac/dwmac-nuvoton.ko
  LD [M]  drivers/net/ethernet/stmicro/stmmac/dwmac-qcom-ethqos.ko
  LD [M]  drivers/net/ethernet/stmicro/stmmac/dwmac-renesas-gbeth.ko
  LD [M]  drivers/net/ethernet/stmicro/stmmac/dwmac-rk.ko
  LD [M]  drivers/net/ethernet/stmicro/stmmac/dwmac-s32.ko
  LD [M]  drivers/net/ethernet/stmicro/stmmac/dwmac-altr-socfpga.ko
  LD [M]  drivers/net/ethernet/stmicro/stmmac/dwmac-sophgo.ko
  LD [M]  drivers/net/ethernet/stmicro/stmmac/dwmac-stm32.ko
  LD [M]  drivers/net/ethernet/stmicro/stmmac/dwmac-sunxi.ko
  LD [M]  drivers/net/ethernet/stmicro/stmmac/dwmac-sun8i.ko
  LD [M]  drivers/net/ethernet/stmicro/stmmac/dwmac-sun55i.ko
  LD [M]  drivers/net/ethernet/stmicro/stmmac/dwmac-generic.ko
  LD [M]  drivers/net/ethernet/stmicro/stmmac/dwmac-imx.ko
  LD [M]  drivers/net/ethernet/stmicro/stmmac/dwmac-tegra.ko
  LD [M]  drivers/net/ethernet/stmicro/stmmac/dwmac-visconti.ko
  LD [M]  drivers/net/ethernet/ti/icssg-prueth.ko
  LD [M]  drivers/net/ethernet/ti/icssg.ko
  LD [M]  drivers/net/ethernet/ti/icssg/icss_iep.ko
  LD [M]  drivers/net/ethernet/xilinx/xilinx_emac.ko
  LD [M]  drivers/net/wireless/ath/ath10k/ath10k_core.ko
  LD [M]  drivers/net/wireless/ath/ath10k/ath10k_pci.ko
  LD [M]  drivers/net/wireless/ath/ath10k/ath10k_sdio.ko
  LD [M]  drivers/net/wireless/ath/ath10k/ath10k_snoc.ko
  LD [M]  drivers/net/wireless/ath/wcn36xx/wcn36xx.ko
  LD [M]  drivers/net/wireless/ath/ath11k/ath11k.ko
  LD [M]  drivers/net/wireless/ath/ath11k/ath11k_ahb.ko
  LD [M]  drivers/net/wireless/ath/ath11k/ath11k_pci.ko
  LD [M]  drivers/net/wireless/ath/ath12k/ath12k.ko
  LD [M]  drivers/net/wireless/ath/ath12k/wifi7/ath12k_wifi7.ko
  LD [M]  drivers/net/wireless/ath/ath.ko
  LD [M]  drivers/net/wireless/broadcom/brcm80211/brcmutil/brcmutil.ko
  LD [M]  drivers/net/wireless/broadcom/brcm80211/brcmfmac/brcmfmac.ko
  LD [M]  drivers/net/wireless/broadcom/brcm80211/brcmfmac/wcc/brcmfmac-wcc.ko
  LD [M]  drivers/net/wireless/broadcom/brcm80211/brcmfmac/cyw/brcmfmac-cyw.ko
  LD [M]  drivers/net/wireless/broadcom/brcm80211/brcmfmac/bca/brcmfmac-bca.ko
  LD [M]  drivers/net/wireless/intel/iwlwifi/iwlwifi.ko
  LD [M]  drivers/net/wireless/intel/iwlwifi/dvm/iwldvm.ko
  LD [M]  drivers/net/wireless/intel/iwlwifi/mvm/iwlmvm.ko
  LD [M]  drivers/net/wireless/marvell/mwifiex/mwifiex.ko
  LD [M]  drivers/net/wireless/marvell/mwifiex/mwifiex_sdio.ko
  LD [M]  drivers/net/wireless/marvell/mwifiex/mwifiex_pcie.ko
  LD [M]  drivers/net/wireless/marvell/mwifiex/mwifiex_usb.ko
  LD [M]  drivers/net/wireless/mediatek/mt76/mt76.ko
  LD [M]  drivers/net/wireless/mediatek/mt76/mt76-connac-lib.ko
  LD [M]  drivers/net/wireless/mediatek/mt76/mt792x-lib.ko
  LD [M]  drivers/net/wireless/mediatek/mt76/mt7921/mt7921-common.ko
  LD [M]  drivers/net/wireless/mediatek/mt76/mt7921/mt7921e.ko
  LD [M]  drivers/net/wireless/rsi/rsi_91x.ko
  LD [M]  drivers/net/wireless/rsi/rsi_sdio.ko
  LD [M]  drivers/net/wireless/rsi/rsi_usb.ko
  LD [M]  drivers/net/wireless/ti/wlcore/wlcore.ko
  LD [M]  drivers/net/wireless/ti/wlcore/wlcore_sdio.ko
  LD [M]  drivers/net/wireless/ti/wl18xx/wl18xx.ko
  LD [M]  drivers/net/usb/pegasus.ko
  LD [M]  drivers/net/usb/rtl8150.ko
  LD [M]  drivers/net/usb/r8152.ko
  LD [M]  drivers/net/usb/lan78xx.ko
  LD [M]  drivers/net/usb/asix.ko
  LD [M]  drivers/net/usb/ax88179_178a.ko
  LD [M]  drivers/net/usb/cdc_ether.ko
  LD [M]  drivers/net/usb/dm9601.ko
  LD [M]  drivers/net/usb/sr9800.ko
  LD [M]  drivers/net/usb/smsc75xx.ko
  LD [M]  drivers/net/usb/smsc95xx.ko
  LD [M]  drivers/net/usb/net1080.ko
  LD [M]  drivers/net/usb/plusb.ko
  LD [M]  drivers/net/usb/cdc_subset.ko
  LD [M]  drivers/net/usb/zaurus.ko
  LD [M]  drivers/net/usb/mcs7830.ko
  LD [M]  drivers/net/usb/usbnet.ko
  LD [M]  drivers/net/usb/cdc_ncm.ko
  LD [M]  drivers/net/usb/r8153_ecm.ko
  LD [M]  drivers/net/macvlan.ko
  LD [M]  drivers/net/macvtap.ko
  LD [M]  drivers/net/mdio.ko
  LD [M]  drivers/net/tap.ko
  LD [M]  drivers/net/veth.ko
  LD [M]  drivers/net/mhi_net.ko
  LD [M]  drivers/net/can/dev/can-dev.ko
  LD [M]  drivers/net/can/rcar/rcar_can.ko
  LD [M]  drivers/net/can/rcar/rcar_canfd.ko
  LD [M]  drivers/net/can/spi/mcp251xfd/mcp251xfd.ko
  LD [M]  drivers/net/can/flexcan/flexcan.ko
  LD [M]  drivers/net/can/m_can/m_can.ko
  LD [M]  drivers/net/can/m_can/m_can_platform.ko
  LD [M]  drivers/net/can/xilinx_can.ko
  LD [M]  drivers/net/ipa/ipa.ko
  LD [M]  drivers/net/wwan/wwan.ko
  LD [M]  drivers/net/wwan/mhi_wwan_ctrl.ko
  LD [M]  drivers/net/wwan/mhi_wwan_mbim.ko
  LD [M]  drivers/usb/phy/phy-mxs-usb.ko
  LD [M]  drivers/usb/host/ehci-brcm.ko
  LD [M]  drivers/usb/host/xhci-pci-renesas.ko
  LD [M]  drivers/usb/misc/qcom_eud.ko
  LD [M]  drivers/usb/misc/onboard_usb_dev.ko
  LD [M]  drivers/usb/gadget/udc/tegra-xudc.ko
  LD [M]  drivers/usb/gadget/udc/renesas_usb3.ko
  LD [M]  drivers/usb/gadget/function/usb_f_acm.ko
  LD [M]  drivers/usb/gadget/function/u_serial.ko
  LD [M]  drivers/usb/gadget/function/usb_f_serial.ko
  LD [M]  drivers/usb/gadget/function/usb_f_obex.ko
  LD [M]  drivers/usb/gadget/function/u_ether.ko
  LD [M]  drivers/usb/gadget/function/usb_f_ncm.ko
  LD [M]  drivers/usb/gadget/function/usb_f_ecm.ko
  LD [M]  drivers/usb/gadget/function/usb_f_eem.ko
  LD [M]  drivers/usb/gadget/function/usb_f_ecm_subset.ko
  LD [M]  drivers/usb/gadget/function/usb_f_rndis.ko
  LD [M]  drivers/usb/gadget/function/usb_f_mass_storage.ko
  LD [M]  drivers/usb/gadget/function/usb_f_fs.ko
  LD [M]  drivers/usb/gadget/legacy/g_mass_storage.ko
  LD [M]  drivers/usb/gadget/libcomposite.ko
  LD [M]  drivers/usb/cdns3/cdns-usb-common.ko
  LD [M]  drivers/usb/cdns3/cdns3.ko
  LD [M]  drivers/usb/cdns3/cdns3-pci-wrap.ko
  LD [M]  drivers/usb/cdns3/cdns3-ti.ko
  LD [M]  drivers/usb/cdns3/cdns3-imx.ko
  LD [M]  drivers/usb/class/cdc-acm.ko
  LD [M]  drivers/usb/serial/usbserial.ko
  LD [M]  drivers/usb/serial/cp210x.ko
  LD [M]  drivers/usb/serial/ftdi_sio.ko
  LD [M]  drivers/usb/serial/option.ko
  LD [M]  drivers/usb/serial/usb_wwan.ko
  LD [M]  drivers/usb/renesas_usbhs/renesas_usbhs.ko
  LD [M]  drivers/usb/typec/typec.ko
  LD [M]  drivers/usb/typec/altmodes/typec_displayport.ko
  LD [M]  drivers/usb/typec/tcpm/tcpm.ko
  LD [M]  drivers/usb/typec/tcpm/fusb302.ko
  LD [M]  drivers/usb/typec/tcpm/tcpci.ko
  LD [M]  drivers/usb/typec/tcpm/tcpci_rt1711h.ko
  LD [M]  drivers/usb/typec/tcpm/tcpci_mt6360.ko
  LD [M]  drivers/usb/typec/tcpm/tcpci_maxim.ko
  LD [M]  drivers/usb/typec/tcpm/qcom/qcom_pmic_tcpm.ko
  LD [M]  drivers/usb/typec/ucsi/typec_ucsi.ko
  LD [M]  drivers/usb/typec/ucsi/ucsi_ccg.ko
  LD [M]  drivers/usb/typec/ucsi/ucsi_glink.ko
  LD [M]  drivers/usb/typec/ucsi/cros_ec_ucsi.ko
  LD [M]  drivers/usb/typec/tipd/tps6598x.ko
  LD [M]  drivers/usb/typec/hd3ss3220.ko
  LD [M]  drivers/usb/typec/mux/fsa4480.ko
  LD [M]  drivers/usb/typec/mux/gpio-sbu-mux.ko
  LD [M]  drivers/usb/typec/mux/it5205.ko
  LD [M]  drivers/usb/typec/mux/nb7vpq904m.ko
  LD [M]  drivers/usb/typec/mux/ps883x.ko
  LD [M]  drivers/usb/typec/mux/ptn36502.ko
  LD [M]  drivers/usb/typec/mux/wcd939x-usbss.ko
  LD [M]  drivers/input/keyboard/adc-keys.ko
  LD [M]  drivers/input/keyboard/gpio_keys_polled.ko
  LD [M]  drivers/input/keyboard/imx_sc_key.ko
  LD [M]  drivers/input/keyboard/mtk-pmic-keys.ko
  LD [M]  drivers/input/keyboard/snvs_pwrkey.ko
  LD [M]  drivers/input/mouse/elan_i2c.ko
  LD [M]  drivers/input/touchscreen/apple_z2.ko
  LD [M]  drivers/input/touchscreen/atmel_mxt_ts.ko
  LD [M]  drivers/input/touchscreen/edt-ft5x06.ko
  LD [M]  drivers/input/touchscreen/elants_i2c.ko
  LD [M]  drivers/input/touchscreen/goodix_ts.ko
  LD [M]  drivers/input/touchscreen/goodix_berlin_core.ko
  LD [M]  drivers/input/touchscreen/goodix_berlin_spi.ko
  LD [M]  drivers/input/touchscreen/ili210x.ko
  LD [M]  drivers/input/touchscreen/himax_hx83112b.ko
  LD [M]  drivers/input/misc/aw86927.ko
  LD [M]  drivers/input/misc/nxp-bbnsm-pwrkey.ko
  LD [M]  drivers/input/misc/da9063_onkey.ko
  LD [M]  drivers/input/misc/pm8xxx-vibrator.ko
  LD [M]  drivers/input/misc/pwm-beeper.ko
  LD [M]  drivers/input/misc/pwm-vibra.ko
  LD [M]  drivers/input/misc/rk805-pwrkey.ko
  LD [M]  drivers/input/misc/tps65219-pwrbutton.ko
  LD [M]  drivers/input/misc/tps6594-pwrbutton.ko
  LD [M]  drivers/input/ff-memless.ko
  LD [M]  drivers/input/sparse-keymap.ko
  LD [M]  drivers/rtc/rtc-nxp-bbnsm.ko
  LD [M]  drivers/rtc/rtc-bq32k.ko
  LD [M]  drivers/rtc/rtc-da9063.ko
  LD [M]  drivers/rtc/rtc-ds1307.ko
  LD [M]  drivers/rtc/rtc-fsl-ftm-alarm.ko
  LD [M]  drivers/rtc/rtc-hym8563.ko
  LD [M]  drivers/rtc/rtc-imx-sc.ko
  LD [M]  drivers/rtc/rtc-isl1208.ko
  LD [M]  drivers/rtc/rtc-m41t80.ko
  LD [M]  drivers/rtc/rtc-macsmc.ko
  LD [M]  drivers/rtc/rtc-meson-vrtc.ko
  LD [M]  drivers/rtc/rtc-mt6397.ko
  LD [M]  drivers/rtc/rtc-nvidia-vrs10.ko
  LD [M]  drivers/rtc/rtc-pcf2127.ko
  LD [M]  drivers/rtc/rtc-pcf85063.ko
  LD [M]  drivers/rtc/rtc-pcf85363.ko
  LD [M]  drivers/rtc/rtc-pcf8563.ko
  LD [M]  drivers/rtc/rtc-pm8xxx.ko
  LD [M]  drivers/rtc/rtc-rk808.ko
  LD [M]  drivers/rtc/rtc-rv3028.ko
  LD [M]  drivers/rtc/rtc-rv8803.ko
  LD [M]  drivers/rtc/rtc-rx8581.ko
  LD [M]  drivers/rtc/rtc-renesas-rtca3.ko
  LD [M]  drivers/rtc/rtc-s32g.ko
  LD [M]  drivers/rtc/rtc-snvs.ko
  LD [M]  drivers/rtc/rtc-ti-k3.ko
  LD [M]  drivers/rtc/rtc-tps6594.ko
  LD [M]  drivers/rtc/rtc-zynqmp.ko
  LD [M]  drivers/i2c/busses/i2c-bcm2835.ko
  LD [M]  drivers/i2c/busses/i2c-cadence.ko
  LD [M]  drivers/i2c/busses/i2c-gpio.ko
  LD [M]  drivers/i2c/busses/i2c-pasemi-core.ko
  LD [M]  drivers/i2c/busses/i2c-pasemi-platform.ko
  LD [M]  drivers/i2c/busses/i2c-qcom-cci.ko
  LD [M]  drivers/i2c/busses/i2c-qcom-geni.ko
  LD [M]  drivers/i2c/busses/i2c-rzv2m.ko
  LD [M]  drivers/i2c/busses/i2c-xiic.ko
  LD [M]  drivers/i2c/muxes/i2c-mux-pinctrl.ko
  LD [M]  drivers/media/i2c/imx219.ko
  LD [M]  drivers/media/i2c/imx412.ko
  LD [M]  drivers/media/i2c/ir-kbd-i2c.ko
  LD [M]  drivers/media/i2c/ov5640.ko
  LD [M]  drivers/media/i2c/ov5645.ko
  LD [M]  drivers/media/i2c/s5kjn1.ko
  LD [M]  drivers/media/tuners/mc44s803.ko
  LD [M]  drivers/media/tuners/mt20xx.ko
  LD [M]  drivers/media/tuners/tuner-simple.ko
  LD [M]  drivers/media/tuners/tuner-types.ko
  LD [M]  drivers/media/tuners/tda18271.ko
  LD [M]  drivers/media/tuners/tda827x.ko
  LD [M]  drivers/media/tuners/tda8290.ko
  LD [M]  drivers/media/tuners/tda9887.ko
  LD [M]  drivers/media/tuners/xc2028.ko
  LD [M]  drivers/media/tuners/xc4000.ko
  LD [M]  drivers/media/tuners/xc5000.ko
  LD [M]  drivers/media/rc/keymaps/rc-adstech-dvb-t-pci.ko
  LD [M]  drivers/media/rc/keymaps/rc-alink-dtu-m.ko
  LD [M]  drivers/media/rc/keymaps/rc-anysee.ko
  LD [M]  drivers/media/rc/keymaps/rc-apac-viewcomp.ko
  LD [M]  drivers/media/rc/keymaps/rc-astrometa-t2hybrid.ko
  LD [M]  drivers/media/rc/keymaps/rc-asus-pc39.ko
  LD [M]  drivers/media/rc/keymaps/rc-asus-ps3-100.ko
  LD [M]  drivers/media/rc/keymaps/rc-ati-tv-wonder-hd-600.ko
  LD [M]  drivers/media/rc/keymaps/rc-ati-x10.ko
  LD [M]  drivers/media/rc/keymaps/rc-avermedia-a16d.ko
  LD [M]  drivers/media/rc/keymaps/rc-avermedia-cardbus.ko
  LD [M]  drivers/media/rc/keymaps/rc-avermedia-dvbt.ko
  LD [M]  drivers/media/rc/keymaps/rc-avermedia-m135a.ko
  LD [M]  drivers/media/rc/keymaps/rc-avermedia-m733a-rm-k6.ko
  LD [M]  drivers/media/rc/keymaps/rc-avermedia.ko
  LD [M]  drivers/media/rc/keymaps/rc-avermedia-rm-ks.ko
  LD [M]  drivers/media/rc/keymaps/rc-avertv-303.ko
  LD [M]  drivers/media/rc/keymaps/rc-azurewave-ad-tu700.ko
  LD [M]  drivers/media/rc/keymaps/rc-beelink-gs1.ko
  LD [M]  drivers/media/rc/keymaps/rc-beelink-mxiii.ko
  LD [M]  drivers/media/rc/keymaps/rc-behold-columbus.ko
  LD [M]  drivers/media/rc/keymaps/rc-behold.ko
  LD [M]  drivers/media/rc/keymaps/rc-budget-ci-old.ko
  LD [M]  drivers/media/rc/keymaps/rc-cinergy-1400.ko
  LD [M]  drivers/media/rc/keymaps/rc-cinergy.ko
  LD [M]  drivers/media/rc/keymaps/rc-ct-90405.ko
  LD [M]  drivers/media/rc/keymaps/rc-d680-dmb.ko
  LD [M]  drivers/media/rc/keymaps/rc-delock-61959.ko
  LD [M]  drivers/media/rc/keymaps/rc-dib0700-nec.ko
  LD [M]  drivers/media/rc/keymaps/rc-dib0700-rc5.ko
  LD [M]  drivers/media/rc/keymaps/rc-digitalnow-tinytwin.ko
  LD [M]  drivers/media/rc/keymaps/rc-digittrade.ko
  LD [M]  drivers/media/rc/keymaps/rc-dm1105-nec.ko
  LD [M]  drivers/media/rc/keymaps/rc-dntv-live-dvb-t.ko
  LD [M]  drivers/media/rc/keymaps/rc-dntv-live-dvbt-pro.ko
  LD [M]  drivers/media/rc/keymaps/rc-dreambox.ko
  LD [M]  drivers/media/rc/keymaps/rc-dtt200u.ko
  LD [M]  drivers/media/rc/keymaps/rc-dvbsky.ko
  LD [M]  drivers/media/rc/keymaps/rc-dvico-mce.ko
  LD [M]  drivers/media/rc/keymaps/rc-dvico-portable.ko
  LD [M]  drivers/media/rc/keymaps/rc-em-terratec.ko
  LD [M]  drivers/media/rc/keymaps/rc-encore-enltv2.ko
  LD [M]  drivers/media/rc/keymaps/rc-encore-enltv-fm53.ko
  LD [M]  drivers/media/rc/keymaps/rc-encore-enltv.ko
  LD [M]  drivers/media/rc/keymaps/rc-evga-indtube.ko
  LD [M]  drivers/media/rc/keymaps/rc-eztv.ko
  LD [M]  drivers/media/rc/keymaps/rc-flydvb.ko
  LD [M]  drivers/media/rc/keymaps/rc-flyvideo.ko
  LD [M]  drivers/media/rc/keymaps/rc-fusionhdtv-mce.ko
  LD [M]  drivers/media/rc/keymaps/rc-gadmei-rm008z.ko
  LD [M]  drivers/media/rc/keymaps/rc-geekbox.ko
  LD [M]  drivers/media/rc/keymaps/rc-genius-tvgo-a11mce.ko
  LD [M]  drivers/media/rc/keymaps/rc-gotview7135.ko
  LD [M]  drivers/media/rc/keymaps/rc-hauppauge.ko
  LD [M]  drivers/media/rc/keymaps/rc-hisi-poplar.ko
  LD [M]  drivers/media/rc/keymaps/rc-hisi-tv-demo.ko
  LD [M]  drivers/media/rc/keymaps/rc-imon-mce.ko
  LD [M]  drivers/media/rc/keymaps/rc-imon-pad.ko
  LD [M]  drivers/media/rc/keymaps/rc-imon-rsc.ko
  LD [M]  drivers/media/rc/keymaps/rc-iodata-bctv7e.ko
  LD [M]  drivers/media/rc/keymaps/rc-it913x-v1.ko
  LD [M]  drivers/media/rc/keymaps/rc-it913x-v2.ko
  LD [M]  drivers/media/rc/keymaps/rc-kaiomy.ko
  LD [M]  drivers/media/rc/keymaps/rc-khadas.ko
  LD [M]  drivers/media/rc/keymaps/rc-khamsin.ko
  LD [M]  drivers/media/rc/keymaps/rc-kworld-315u.ko
  LD [M]  drivers/media/rc/keymaps/rc-kworld-pc150u.ko
  LD [M]  drivers/media/rc/keymaps/rc-kworld-plus-tv-analog.ko
  LD [M]  drivers/media/rc/keymaps/rc-leadtek-y04g0051.ko
  LD [M]  drivers/media/rc/keymaps/rc-lme2510.ko
  LD [M]  drivers/media/rc/keymaps/rc-manli.ko
  LD [M]  drivers/media/rc/keymaps/rc-mecool-kiii-pro.ko
  LD [M]  drivers/media/rc/keymaps/rc-mecool-kii-pro.ko
  LD [M]  drivers/media/rc/keymaps/rc-medion-x10-digitainer.ko
  LD [M]  drivers/media/rc/keymaps/rc-medion-x10.ko
  LD [M]  drivers/media/rc/keymaps/rc-medion-x10-or2x.ko
  LD [M]  drivers/media/rc/keymaps/rc-minix-neo.ko
  LD [M]  drivers/media/rc/keymaps/rc-msi-digivox-iii.ko
  LD [M]  drivers/media/rc/keymaps/rc-msi-digivox-ii.ko
  LD [M]  drivers/media/rc/keymaps/rc-msi-tvanywhere.ko
  LD [M]  drivers/media/rc/keymaps/rc-msi-tvanywhere-plus.ko
  LD [M]  drivers/media/rc/keymaps/rc-mygica-utv3.ko
  LD [M]  drivers/media/rc/keymaps/rc-nebula.ko
  LD [M]  drivers/media/rc/keymaps/rc-nec-terratec-cinergy-xs.ko
  LD [M]  drivers/media/rc/keymaps/rc-norwood.ko
  LD [M]  drivers/media/rc/keymaps/rc-npgtech.ko
  LD [M]  drivers/media/rc/keymaps/rc-odroid.ko
  LD [M]  drivers/media/rc/keymaps/rc-pctv-sedna.ko
  LD [M]  drivers/media/rc/keymaps/rc-pine64.ko
  LD [M]  drivers/media/rc/keymaps/rc-pinnacle-color.ko
  LD [M]  drivers/media/rc/keymaps/rc-pinnacle-grey.ko
  LD [M]  drivers/media/rc/keymaps/rc-pinnacle-pctv-hd.ko
  LD [M]  drivers/media/rc/keymaps/rc-pixelview-002t.ko
  LD [M]  drivers/media/rc/keymaps/rc-pixelview-mk12.ko
  LD [M]  drivers/media/rc/keymaps/rc-pixelview-new.ko
  LD [M]  drivers/media/rc/keymaps/rc-pixelview.ko
  LD [M]  drivers/media/rc/keymaps/rc-powercolor-real-angel.ko
  LD [M]  drivers/media/rc/keymaps/rc-proteus-2309.ko
  LD [M]  drivers/media/rc/keymaps/rc-purpletv.ko
  LD [M]  drivers/media/rc/keymaps/rc-pv951.ko
  LD [M]  drivers/media/rc/keymaps/rc-rc6-mce.ko
  LD [M]  drivers/media/rc/keymaps/rc-real-audio-220-32-keys.ko
  LD [M]  drivers/media/rc/keymaps/rc-reddo.ko
  LD [M]  drivers/media/rc/keymaps/rc-siemens-gigaset-rc20.ko
  LD [M]  drivers/media/rc/keymaps/rc-snapstream-firefly.ko
  LD [M]  drivers/media/rc/keymaps/rc-streamzap.ko
  LD [M]  drivers/media/rc/keymaps/rc-su3000.ko
  LD [M]  drivers/media/rc/keymaps/rc-tanix-tx3mini.ko
  LD [M]  drivers/media/rc/keymaps/rc-tanix-tx5max.ko
  LD [M]  drivers/media/rc/keymaps/rc-tbs-nec.ko
  LD [M]  drivers/media/rc/keymaps/rc-technisat-ts35.ko
  LD [M]  drivers/media/rc/keymaps/rc-technisat-usb2.ko
  LD [M]  drivers/media/rc/keymaps/rc-terratec-cinergy-c-pci.ko
  LD [M]  drivers/media/rc/keymaps/rc-terratec-cinergy-s2-hd.ko
  LD [M]  drivers/media/rc/keymaps/rc-terratec-cinergy-xs.ko
  LD [M]  drivers/media/rc/keymaps/rc-terratec-slim-2.ko
  LD [M]  drivers/media/rc/keymaps/rc-terratec-slim.ko
  LD [M]  drivers/media/rc/keymaps/rc-tevii-nec.ko
  LD [M]  drivers/media/rc/keymaps/rc-tivo.ko
  LD [M]  drivers/media/rc/keymaps/rc-total-media-in-hand-02.ko
  LD [M]  drivers/media/rc/keymaps/rc-total-media-in-hand.ko
  LD [M]  drivers/media/rc/keymaps/rc-trekstor.ko
  LD [M]  drivers/media/rc/keymaps/rc-tt-1500.ko
  LD [M]  drivers/media/rc/keymaps/rc-twinhan1027.ko
  LD [M]  drivers/media/rc/keymaps/rc-twinhan-dtv-cab-ci.ko
  LD [M]  drivers/media/rc/keymaps/rc-vega-s9x.ko
  LD [M]  drivers/media/rc/keymaps/rc-videomate-m1f.ko
  LD [M]  drivers/media/rc/keymaps/rc-videomate-s350.ko
  LD [M]  drivers/media/rc/keymaps/rc-videomate-tv-pvr.ko
  LD [M]  drivers/media/rc/keymaps/rc-videostrong-kii-pro.ko
  LD [M]  drivers/media/rc/keymaps/rc-wetek-hub.ko
  LD [M]  drivers/media/rc/keymaps/rc-wetek-play2.ko
  LD [M]  drivers/media/rc/keymaps/rc-winfast.ko
  LD [M]  drivers/media/rc/keymaps/rc-winfast-usbii-deluxe.ko
  LD [M]  drivers/media/rc/keymaps/rc-x96max.ko
  LD [M]  drivers/media/rc/keymaps/rc-xbox-360.ko
  LD [M]  drivers/media/rc/keymaps/rc-xbox-dvd.ko
  LD [M]  drivers/media/rc/keymaps/rc-zx-irdec.ko
  LD [M]  drivers/media/rc/rc-core.ko
  LD [M]  drivers/media/rc/gpio-ir-recv.ko
  LD [M]  drivers/media/rc/meson-ir.ko
  LD [M]  drivers/media/rc/sunxi-cir.ko
  LD [M]  drivers/media/common/videobuf2/videobuf2-common.ko
  LD [M]  drivers/media/common/videobuf2/videobuf2-dma-contig.ko
  LD [M]  drivers/media/common/videobuf2/videobuf2-dma-sg.ko
  LD [M]  drivers/media/common/videobuf2/videobuf2-memops.ko
  LD [M]  drivers/media/common/videobuf2/videobuf2-v4l2.ko
  LD [M]  drivers/media/common/videobuf2/videobuf2-vmalloc.ko
  LD [M]  drivers/media/common/uvc.ko
  LD [M]  drivers/media/platform/amphion/amphion-vpu.ko
  LD [M]  drivers/media/platform/cadence/cdns-csi2rx.ko
  LD [M]  drivers/media/platform/chips-media/wave5/wave5.ko
  LD [M]  drivers/media/platform/imagination/e5010_jpeg_enc.ko
  LD [M]  drivers/media/platform/mediatek/jpeg/mtk_jpeg.ko
  LD [M]  drivers/media/platform/mediatek/jpeg/mtk-jpeg-enc-hw.ko
  LD [M]  drivers/media/platform/mediatek/jpeg/mtk-jpeg-dec-hw.ko
  LD [M]  drivers/media/platform/mediatek/vcodec/common/mtk-vcodec-common.ko
  LD [M]  drivers/media/platform/mediatek/vcodec/common/mtk-vcodec-dbgfs.ko
  LD [M]  drivers/media/platform/mediatek/vcodec/encoder/mtk-vcodec-enc.ko
  LD [M]  drivers/media/platform/mediatek/vcodec/decoder/mtk-vcodec-dec.ko
  LD [M]  drivers/media/platform/mediatek/vcodec/decoder/mtk-vcodec-dec-hw.ko
  LD [M]  drivers/media/platform/mediatek/mdp3/mtk-mdp3.ko
  LD [M]  drivers/media/platform/nxp/imx-jpeg/mxc-jpeg-encdec.ko
  LD [M]  drivers/media/platform/nxp/imx8-isi/imx8-isi.ko
  LD [M]  drivers/media/platform/nxp/imx7-media-csi.ko
  LD [M]  drivers/media/platform/nxp/imx-mipi-csis.ko
  LD [M]  drivers/media/platform/qcom/camss/qcom-camss.ko
  LD [M]  drivers/media/platform/qcom/iris/qcom-iris.ko
  LD [M]  drivers/media/platform/qcom/venus/venus-core.ko
  LD [M]  drivers/media/platform/qcom/venus/venus-dec.ko
  LD [M]  drivers/media/platform/qcom/venus/venus-enc.ko
  LD [M]  drivers/media/platform/renesas/rcar-isp/rcar-isp.ko
  LD [M]  drivers/media/platform/renesas/rcar-vin/rcar-vin.ko
  LD [M]  drivers/media/platform/renesas/rzg2l-cru/rzg2l-csi2.ko
  LD [M]  drivers/media/platform/renesas/rzg2l-cru/rzg2l-cru.ko
  LD [M]  drivers/media/platform/renesas/vsp1/vsp1.ko
  LD [M]  drivers/media/platform/renesas/rcar-csi2.ko
  LD [M]  drivers/media/platform/renesas/rcar_drif.ko
  LD [M]  drivers/media/platform/renesas/rcar-fcp.ko
  LD [M]  drivers/media/platform/renesas/rcar_fdp1.ko
  LD [M]  drivers/media/platform/rockchip/rga/rockchip-rga.ko
  LD [M]  drivers/media/platform/rockchip/rkcif/rockchip-cif.ko
  LD [M]  drivers/media/platform/samsung/exynos-gsc/exynos-gsc.ko
  LD [M]  drivers/media/platform/samsung/s5p-jpeg/s5p-jpeg.ko
  LD [M]  drivers/media/platform/samsung/s5p-mfc/s5p-mfc.ko
  LD [M]  drivers/media/platform/sunxi/sun6i-csi/sun6i-csi.ko
  LD [M]  drivers/media/platform/synopsys/hdmirx/synopsys-hdmirx.ko
  LD [M]  drivers/media/platform/ti/j721e-csi2rx/j721e-csi2rx.ko
  LD [M]  drivers/media/platform/verisilicon/hantro-vpu.ko
  LD [M]  drivers/media/usb/uvc/uvcvideo.ko
  LD [M]  drivers/media/mc/mc.ko
  LD [M]  drivers/media/v4l2-core/v4l2-async.ko
  LD [M]  drivers/media/v4l2-core/v4l2-cci.ko
  LD [M]  drivers/media/v4l2-core/v4l2-fwnode.ko
  LD [M]  drivers/media/v4l2-core/v4l2-h264.ko
  LD [M]  drivers/media/v4l2-core/v4l2-jpeg.ko
  LD [M]  drivers/media/v4l2-core/v4l2-mem2mem.ko
  LD [M]  drivers/media/v4l2-core/v4l2-vp9.ko
  LD [M]  drivers/media/v4l2-core/v4l2-dv-timings.ko
  LD [M]  drivers/media/v4l2-core/videodev.ko
  LD [M]  drivers/media/dvb-core/dvb-core.ko
  LD [M]  drivers/media/cec/core/cec.ko
  LD [M]  drivers/media/cec/i2c/tda9950.ko
  LD [M]  drivers/media/cec/platform/meson/ao-cec-g12a.ko
  LD [M]  drivers/power/reset/macsmc-reboot.ko
  LD [M]  drivers/power/reset/qcom-pon.ko
  LD [M]  drivers/power/reset/tdx-ec-poweroff.ko
  LD [M]  drivers/power/reset/nvmem-reboot-mode.ko
  LD [M]  drivers/power/sequencing/pwrseq-qcom-wcn.ko
  LD [M]  drivers/power/supply/qcom_battmgr.ko
  LD [M]  drivers/power/supply/sbs-battery.ko
  LD [M]  drivers/power/supply/max17042_battery.ko
  LD [M]  drivers/power/supply/mt6360_charger.ko
  LD [M]  drivers/power/supply/bq25890_charger.ko
  LD [M]  drivers/power/supply/bq25980_charger.ko
  LD [M]  drivers/power/supply/rk817_charger.ko
  LD [M]  drivers/power/supply/max77759_charger.ko
  LD [M]  drivers/hwmon/gpio-fan.ko
  LD [M]  drivers/hwmon/ina2xx.ko
  LD [M]  drivers/hwmon/ina3221.ko
  LD [M]  drivers/hwmon/jc42.ko
  LD [M]  drivers/hwmon/lm75.ko
  LD [M]  drivers/hwmon/lm90.ko
  LD [M]  drivers/hwmon/macsmc-hwmon.ko
  LD [M]  drivers/hwmon/pwm-fan.ko
  LD [M]  drivers/hwmon/raspberrypi-hwmon.ko
  LD [M]  drivers/hwmon/sl28cpld-hwmon.ko
  LD [M]  drivers/hwmon/amc6821.ko
  LD [M]  drivers/hwmon/tmp102.ko
  LD [M]  drivers/thermal/broadcom/bcm2711_thermal.ko
  LD [M]  drivers/thermal/broadcom/bcm2835_thermal.ko
  LD [M]  drivers/thermal/broadcom/brcmstb_thermal.ko
  LD [M]  drivers/thermal/renesas/rzg3s_thermal.ko
  LD [M]  drivers/thermal/qcom/qcom-spmi-adc-tm5.ko
  LD [M]  drivers/thermal/qcom/qcom-spmi-temp-alarm.ko
  LD [M]  drivers/thermal/qcom/lmh.ko
  LD [M]  drivers/thermal/tegra/tegra-soctherm.ko
  LD [M]  drivers/thermal/tegra/tegra-bpmp-thermal.ko
  LD [M]  drivers/thermal/mediatek/lvts_thermal.ko
  LD [M]  drivers/thermal/k3_bandgap.ko
  LD [M]  drivers/thermal/k3_j72xx_bandgap.ko
  LD [M]  drivers/thermal/rockchip_thermal.ko
  LD [M]  drivers/thermal/imx_sc_thermal.ko
  LD [M]  drivers/thermal/imx8mm_thermal.ko
  LD [M]  drivers/thermal/qoriq_thermal.ko
  LD [M]  drivers/thermal/thermal-generic-adc.ko
  LD [M]  drivers/thermal/khadas_mcu_fan.ko
  LD [M]  drivers/watchdog/rti_wdt.ko
  LD [M]  drivers/watchdog/sunxi_wdt.ko
  LD [M]  drivers/watchdog/imx_sc_wdt.ko
  LD [M]  drivers/watchdog/imx7ulp_wdt.ko
  LD [M]  drivers/watchdog/qcom-wdt.ko
  LD [M]  drivers/watchdog/meson_gxbb_wdt.ko
  LD [M]  drivers/watchdog/meson_wdt.ko
  LD [M]  drivers/watchdog/bcm7038_wdt.ko
  LD [M]  drivers/watchdog/pm8916_wdt.ko
  LD [M]  drivers/watchdog/apple_wdt.ko
  LD [M]  drivers/watchdog/of_xilinx_wdt.ko
  LD [M]  drivers/watchdog/xilinx_wwdt.ko
  LD [M]  drivers/watchdog/sl28cpld_wdt.ko
  LD [M]  drivers/md/md-mod.ko
  LD [M]  drivers/md/dm-mod.ko
  LD [M]  drivers/md/dm-mirror.ko
  LD [M]  drivers/md/dm-log.ko
  LD [M]  drivers/md/dm-region-hash.ko
  LD [M]  drivers/md/dm-zero.ko
  LD [M]  drivers/edac/layerscape_edac_mod.ko
  LD [M]  drivers/edac/zynqmp_edac.ko
  LD [M]  drivers/edac/versal_edac.ko
  LD [M]  drivers/cpufreq/cpufreq_powersave.ko
  LD [M]  drivers/cpufreq/cpufreq_conservative.ko
  LD [M]  drivers/cpufreq/apple-soc-cpufreq.ko
  LD [M]  drivers/cpufreq/cppc_cpufreq.ko
  LD [M]  drivers/cpufreq/imx-cpufreq-dt.ko
  LD [M]  drivers/cpufreq/mediatek-cpufreq-hw.ko
  LD [M]  drivers/cpufreq/raspberrypi-cpufreq.ko
  LD [M]  drivers/cpufreq/sun50i-cpufreq-nvmem.ko
  LD [M]  drivers/ufs/host/cdns-pltfrm.ko
  LD [M]  drivers/ufs/host/ufs-qcom.ko
  LD [M]  drivers/ufs/host/ufs-renesas.ko
  LD [M]  drivers/ufs/host/ti-j721e-ufs.ko
  LD [M]  drivers/firmware/google/coreboot_table.ko
  LD [M]  drivers/firmware/google/cbmem.ko
  LD [M]  drivers/firmware/samsung/acpm-protocol.ko
  LD [M]  drivers/firmware/stratix10-rsu.ko
  LD [M]  drivers/firmware/mtk-adsp-ipc.ko
  LD [M]  drivers/crypto/allwinner/sun8i-ce/sun8i-ce.ko
  LD [M]  drivers/crypto/xilinx/xilinx-trng.ko
  LD [M]  drivers/crypto/xilinx/zynqmp-aes-gcm.ko
  LD [M]  drivers/crypto/xilinx/zynqmp-sha.ko
  LD [M]  drivers/crypto/hisilicon/hpre/hisi_hpre.ko
  LD [M]  drivers/crypto/hisilicon/sec2/hisi_sec2.ko
  LD [M]  drivers/crypto/hisilicon/hisi_qm.ko
  LD [M]  drivers/crypto/hisilicon/zip/hisi_zip.ko
  LD [M]  drivers/crypto/hisilicon/trng/hisi-trng-v2.ko
  LD [M]  drivers/crypto/ccree/ccree.ko
  LD [M]  drivers/crypto/caam/error.ko
  LD [M]  drivers/crypto/caam/caam.ko
  LD [M]  drivers/crypto/caam/caam_jr.ko
  LD [M]  drivers/crypto/caam/caamalg_desc.ko
  LD [M]  drivers/crypto/caam/caamhash_desc.ko
  LD [M]  drivers/crypto/caam/dpaa2_caam.ko
  LD [M]  drivers/crypto/qce/qcrypto.ko
  LD [M]  drivers/crypto/qcom-rng.ko
  LD [M]  drivers/crypto/sa2ul.ko
  LD [M]  drivers/crypto/tegra/tegra-se.ko
  LD [M]  drivers/crypto/bcm/bcm_crypto_spu.ko
  LD [M]  drivers/crypto/amlogic/amlogic-gxl-crypto.ko
  LD [M]  drivers/hid/hid-multitouch.ko
  LD [M]  drivers/hid/i2c-hid/i2c-hid.ko
  LD [M]  drivers/hid/i2c-hid/i2c-hid-acpi.ko
  LD [M]  drivers/hid/i2c-hid/i2c-hid-of.ko
  LD [M]  drivers/hid/i2c-hid/i2c-hid-of-elan.ko
  LD [M]  drivers/staging/media/max96712/max96712.ko
  LD [M]  drivers/staging/media/meson/vdec/meson-vdec.ko
  LD [M]  drivers/staging/vc04_services/bcm2835-audio/snd-bcm2835.ko
  LD [M]  drivers/platform/chrome/cros_typec_switch.ko
  LD [M]  drivers/platform/chrome/cros_ec_rpmsg.ko
  LD [M]  drivers/platform/chrome/cros-ec-typec.ko
  LD [M]  drivers/platform/chrome/cros_kbd_led_backlight.ko
  LD [M]  drivers/platform/chrome/cros_ec_chardev.ko
  LD [M]  drivers/platform/arm64/acer-aspire1-ec.ko
  LD [M]  drivers/platform/arm64/huawei-gaokun-ec.ko
  LD [M]  drivers/platform/arm64/lenovo-yoga-c630.ko
  LD [M]  drivers/platform/arm64/lenovo-thinkpad-t14s.ko
  LD [M]  drivers/platform/raspberrypi/vchiq.ko
  LD [M]  drivers/mailbox/exynos-mailbox.ko
  LD [M]  drivers/mailbox/omap-mailbox.ko
  LD [M]  drivers/mailbox/bcm-flexrm-mailbox.ko
  LD [M]  drivers/mailbox/mtk-adsp-mailbox.ko
  LD [M]  drivers/mailbox/mtk-cmdq-mailbox.ko
  LD [M]  drivers/mailbox/qcom-cpucp-mbox.ko
  LD [M]  drivers/hwspinlock/omap_hwspinlock.ko
  LD [M]  drivers/remoteproc/mtk_scp.ko
  LD [M]  drivers/remoteproc/mtk_scp_ipi.ko
  LD [M]  drivers/remoteproc/pru_rproc.ko
  LD [M]  drivers/remoteproc/qcom_pil_info.ko
  LD [M]  drivers/remoteproc/qcom_common.ko
  LD [M]  drivers/remoteproc/qcom_q6v5.ko
  LD [M]  drivers/remoteproc/qcom_q6v5_adsp.ko
  LD [M]  drivers/remoteproc/qcom_q6v5_mss.ko
  LD [M]  drivers/remoteproc/qcom_q6v5_pas.ko
  LD [M]  drivers/remoteproc/qcom_sysmon.ko
  LD [M]  drivers/remoteproc/qcom_wcnss_pil.ko
  LD [M]  drivers/remoteproc/ti_k3_dsp_remoteproc.ko
  LD [M]  drivers/remoteproc/ti_k3_common.ko
  LD [M]  drivers/remoteproc/ti_k3_m4_remoteproc.ko
  LD [M]  drivers/remoteproc/ti_k3_r5_remoteproc.ko
  LD [M]  drivers/rpmsg/rpmsg_char.ko
  LD [M]  drivers/rpmsg/rpmsg_ctrl.ko
  LD [M]  drivers/rpmsg/mtk_rpmsg.ko
  LD [M]  drivers/rpmsg/qcom_glink_smem.ko
  LD [M]  drivers/devfreq/event/rockchip-dfi.ko
  LD [M]  drivers/devfreq/governor_passive.ko
  LD [M]  drivers/devfreq/imx8m-ddrc.ko
  LD [M]  drivers/devfreq/mtk-cci-devfreq.ko
  LD [M]  drivers/extcon/extcon-ptn5150.ko
  LD [M]  drivers/memory/renesas-rpc-if.ko
  LD [M]  drivers/memory/stm32_omm.ko
  LD [M]  drivers/iio/adc/industrialio-adc.ko
  LD [M]  drivers/iio/adc/imx8qxp-adc.ko
  LD [M]  drivers/iio/adc/imx93_adc.ko
  LD [M]  drivers/iio/adc/max9611.ko
  LD [M]  drivers/iio/adc/mt6359-auxadc.ko
  LD [M]  drivers/iio/adc/mt6577_auxadc.ko
  LD [M]  drivers/iio/adc/qcom-spmi-adc5.ko
  LD [M]  drivers/iio/adc/qcom-spmi-vadc.ko
  LD [M]  drivers/iio/adc/qcom-vadc-common.ko
  LD [M]  drivers/iio/adc/rockchip_saradc.ko
  LD [M]  drivers/iio/adc/rzg2l_adc.ko
  LD [M]  drivers/iio/adc/rzt2h_adc.ko
  LD [M]  drivers/iio/adc/sophgo-cv1800b-adc.ko
  LD [M]  drivers/iio/adc/ti-ads1015.ko
  LD [M]  drivers/iio/adc/ti_am335x_adc.ko
  LD [M]  drivers/iio/adc/xilinx-ams.ko
  LD [M]  drivers/iio/adc/xilinx-xadc.ko
  LD [M]  drivers/iio/buffer/industrialio-triggered-buffer.ko
  LD [M]  drivers/iio/buffer/kfifo_buf.ko
  LD [M]  drivers/iio/common/cros_ec_sensors/cros-ec-sensors-core.ko
  LD [M]  drivers/iio/common/cros_ec_sensors/cros_ec_sensors.ko
  LD [M]  drivers/iio/common/st_sensors/st_sensors_i2c.ko
  LD [M]  drivers/iio/common/st_sensors/st_sensors_spi.ko
  LD [M]  drivers/iio/common/st_sensors/st_sensors.ko
  LD [M]  drivers/iio/imu/st_lsm6dsx/st_lsm6dsx.ko
  LD [M]  drivers/iio/imu/st_lsm6dsx/st_lsm6dsx_i2c.ko
  LD [M]  drivers/iio/imu/st_lsm6dsx/st_lsm6dsx_spi.ko
  LD [M]  drivers/iio/light/cros_ec_light_prox.ko
  LD [M]  drivers/iio/light/isl29018.ko
  LD [M]  drivers/iio/light/vcnl4000.ko
  LD [M]  drivers/iio/magnetometer/st_magn.ko
  LD [M]  drivers/iio/magnetometer/st_magn_i2c.ko
  LD [M]  drivers/iio/magnetometer/st_magn_spi.ko
  LD [M]  drivers/iio/pressure/cros_ec_baro.ko
  LD [M]  drivers/iio/pressure/mpl3115.ko
  LD [M]  drivers/iio/trigger/stm32-timer-trigger.ko
  LD [M]  drivers/perf/arm-cci.ko
  LD [M]  drivers/perf/arm-ccn.ko
  LD [M]  drivers/perf/arm-cmn.ko
  LD [M]  drivers/perf/arm_dsu_pmu.ko
  LD [M]  drivers/perf/arm_smmuv3_pmu.ko
  LD [M]  drivers/perf/fsl_imx8_ddr_perf.ko
  LD [M]  drivers/perf/thunderx2_pmu.ko
  LD [M]  drivers/perf/arm_spe_pmu.ko
  LD [M]  drivers/perf/arm_dmc620_pmu.ko
  LD [M]  drivers/perf/arm_cspmu/arm_cspmu_module.ko
  LD [M]  drivers/perf/arm_cspmu/nvidia_cspmu.ko
  LD [M]  drivers/perf/amlogic/meson_ddr_pmu_g12.ko
  LD [M]  drivers/nvmem/layouts/sl28vpd.ko
  LD [M]  drivers/nvmem/nvmem-apple-efuses.ko
  LD [M]  drivers/nvmem/apple_nvmem_spmi.ko
  LD [M]  drivers/nvmem/nvmem-imx-ocotp-ele.ko
  LD [M]  drivers/nvmem/nvmem-layerscape-sfp.ko
  LD [M]  drivers/nvmem/nvmem-max77759.ko
  LD [M]  drivers/nvmem/nvmem_meson_efuse.ko
  LD [M]  drivers/nvmem/nvmem_sec_qfprom.ko
  LD [M]  drivers/nvmem/nvmem-rmem.ko
  LD [M]  drivers/nvmem/nvmem_qcom-spmi-sdam.ko
  LD [M]  drivers/nvmem/nvmem_zynqmp_nvmem.ko
  LD [M]  drivers/fpga/altera-cvp.ko
  LD [M]  drivers/fpga/stratix10-soc.ko
  LD [M]  drivers/fpga/zynqmp-fpga.ko
  LD [M]  drivers/fpga/versal-fpga.ko
  LD [M]  drivers/fpga/fpga-bridge.ko
  LD [M]  drivers/fpga/altera-freeze-bridge.ko
  LD [M]  drivers/fpga/xilinx-pr-decoupler.ko
  LD [M]  drivers/fpga/fpga-region.ko
  LD [M]  drivers/fpga/of-fpga-region.ko
  LD [M]  drivers/tee/qcomtee/qcomtee.ko
  LD [M]  drivers/mux/mux-gpio.ko
  LD [M]  drivers/interconnect/imx/imx8mm-interconnect.ko
  LD [M]  drivers/interconnect/imx/imx8mq-interconnect.ko
  LD [M]  drivers/interconnect/imx/imx8mn-interconnect.ko
  LD [M]  drivers/interconnect/qcom/qnoc-msm8916.ko
  LD [M]  drivers/interconnect/qcom/icc-osm-l3.ko
  LD [M]  drivers/interconnect/qcom/qnoc-qcs404.ko
  LD [M]  drivers/hte/hte-tegra194-test.ko
  LD [M]  drivers/slimbus/slimbus.ko
  LD [M]  drivers/slimbus/slim-qcom-ngd-ctrl.ko
  LD [M]  drivers/bluetooth/hci_uart.ko
  LD [M]  drivers/bluetooth/btusb.ko
  LD [M]  drivers/bluetooth/btintel.ko
  LD [M]  drivers/bluetooth/btmrvl.ko
  LD [M]  drivers/bluetooth/btmrvl_sdio.ko
  LD [M]  drivers/bluetooth/btqcomsmd.ko
  LD [M]  drivers/bluetooth/btbcm.ko
  LD [M]  drivers/bluetooth/btrtl.ko
  LD [M]  drivers/bluetooth/btqca.ko
  LD [M]  drivers/bluetooth/btmtk.ko
  LD [M]  drivers/bluetooth/btnxpuart.ko
  LD [M]  drivers/bluetooth/btrsi.ko
  LD [M]  drivers/greybus/greybus.ko
  LD [M]  drivers/greybus/gb-beagleplay.ko
  LD [M]  drivers/soundwire/soundwire-bus.ko
  LD [M]  drivers/soundwire/soundwire-qcom.ko
  LD [M]  drivers/hwtracing/coresight/coresight.ko
  LD [M]  drivers/hwtracing/coresight/coresight-tmc.ko
  LD [M]  drivers/hwtracing/coresight/coresight-tpiu.ko
  LD [M]  drivers/hwtracing/coresight/coresight-etb10.ko
  LD [M]  drivers/hwtracing/coresight/coresight-funnel.ko
  LD [M]  drivers/hwtracing/coresight/coresight-replicator.ko
  LD [M]  drivers/hwtracing/coresight/coresight-stm.ko
  LD [M]  drivers/hwtracing/coresight/coresight-cpu-debug.ko
  LD [M]  drivers/hwtracing/coresight/coresight-catu.ko
  LD [M]  drivers/hwtracing/coresight/coresight-cti.ko
  LD [M]  drivers/hwtracing/stm/stm_core.ko
  LD [M]  drivers/hwtracing/stm/stm_p_basic.ko
  LD [M]  drivers/hwtracing/stm/stm_p_sys-t.ko
  LD [M]  drivers/gnss/gnss.ko
  LD [M]  drivers/gnss/gnss-serial.ko
  LD [M]  drivers/gnss/gnss-mtk.ko
  LD [M]  drivers/counter/counter.ko
  LD [M]  drivers/counter/rz-mtu3-cnt.ko
  LD [M]  drivers/counter/stm32-timer-cnt.ko
  LD [M]  drivers/counter/ti-eqep.ko
  LD [M]  sound/soundcore.ko
  LD [M]  sound/core/snd.ko
  LD [M]  sound/core/snd-ctl-led.ko
  LD [M]  sound/core/snd-hwdep.ko
  LD [M]  sound/core/snd-timer.ko
  LD [M]  sound/core/snd-pcm.ko
  LD [M]  sound/core/snd-pcm-dmaengine.ko
  LD [M]  sound/core/snd-rawmidi.ko
  LD [M]  sound/core/snd-compress.ko
  LD [M]  sound/drivers/snd-aloop.ko
  LD [M]  sound/usb/snd-usb-audio.ko
  LD [M]  sound/usb/snd-usbmidi-lib.ko
  LD [M]  sound/usb/qcom/snd-usb-audio-qmi.ko
  LD [M]  sound/soc/soc-usb.ko
  LD [M]  sound/soc/snd-soc-core.ko
  LD [M]  sound/soc/codecs/snd-soc-adau7002.ko
  LD [M]  sound/soc/codecs/snd-soc-ak4613.ko
  LD [M]  sound/soc/codecs/snd-soc-ak4619.ko
  LD [M]  sound/soc/codecs/snd-soc-bt-sco.ko
  LD [M]  sound/soc/codecs/snd-soc-cros-ec-codec.ko
  LD [M]  sound/soc/codecs/snd-soc-da7213.ko
  LD [M]  sound/soc/codecs/snd-soc-da7219.ko
  LD [M]  sound/soc/codecs/snd-soc-dmic.ko
  LD [M]  sound/soc/codecs/snd-soc-es7134.ko
  LD [M]  sound/soc/codecs/snd-soc-es7241.ko
  LD [M]  sound/soc/codecs/snd-soc-es8316.ko
  LD [M]  sound/soc/codecs/snd-soc-es8326.ko
  LD [M]  sound/soc/codecs/snd-soc-es8328.ko
  LD [M]  sound/soc/codecs/snd-soc-es8328-i2c.ko
  LD [M]  sound/soc/codecs/snd-soc-gtm601.ko
  LD [M]  sound/soc/codecs/snd-soc-max98090.ko
  LD [M]  sound/soc/codecs/snd-soc-max98357a.ko
  LD [M]  sound/soc/codecs/snd-soc-max98927.ko
  LD [M]  sound/soc/codecs/snd-soc-max98390.ko
  LD [M]  sound/soc/codecs/snd-soc-msm8916-analog.ko
  LD [M]  sound/soc/codecs/snd-soc-msm8916-digital.ko
  LD [M]  sound/soc/codecs/snd-soc-mt6357.ko
  LD [M]  sound/soc/codecs/snd-soc-mt6358.ko
  LD [M]  sound/soc/codecs/snd-soc-mt6359.ko
  LD [M]  sound/soc/codecs/snd-soc-nau8315.ko
  LD [M]  sound/soc/codecs/snd-soc-nau8822.ko
  LD [M]  sound/soc/codecs/snd-soc-nau8825.ko
  LD [M]  sound/soc/codecs/snd-soc-hdmi-codec.ko
  LD [M]  sound/soc/codecs/snd-soc-pcm3168a.ko
  LD [M]  sound/soc/codecs/snd-soc-pcm3168a-i2c.ko
  LD [M]  sound/soc/codecs/snd-soc-rk3308.ko
  LD [M]  sound/soc/codecs/snd-soc-rk817.ko
  LD [M]  sound/soc/codecs/snd-soc-rl6231.ko
  LD [M]  sound/soc/codecs/snd-soc-rt1011.ko
  LD [M]  sound/soc/codecs/snd-soc-rt1015.ko
  LD [M]  sound/soc/codecs/snd-soc-rt1015p.ko
  LD [M]  sound/soc/codecs/snd-soc-rt5514.ko
  LD [M]  sound/soc/codecs/snd-soc-rt5514-spi.ko
  LD [M]  sound/soc/codecs/snd-soc-rt5640.ko
  LD [M]  sound/soc/codecs/snd-soc-rt5645.ko
  LD [M]  sound/soc/codecs/snd-soc-rt5659.ko
  LD [M]  sound/soc/codecs/snd-soc-rt5663.ko
  LD [M]  sound/soc/codecs/snd-soc-rt5682.ko
  LD [M]  sound/soc/codecs/snd-soc-rt5682-i2c.ko
  LD [M]  sound/soc/codecs/snd-soc-rt5682s.ko
  LD [M]  sound/soc/codecs/snd-soc-sgtl5000.ko
  LD [M]  sound/soc/codecs/snd-soc-spdif-rx.ko
  LD [M]  sound/soc/codecs/snd-soc-spdif-tx.ko
  LD [M]  sound/soc/codecs/snd-soc-tas2552.ko
  LD [M]  sound/soc/codecs/snd-soc-tas571x.ko
  LD [M]  sound/soc/codecs/snd-soc-tlv320aic31xx.ko
  LD [M]  sound/soc/codecs/snd-soc-tlv320aic32x4.ko
  LD [M]  sound/soc/codecs/snd-soc-tlv320aic32x4-i2c.ko
  LD [M]  sound/soc/codecs/snd-soc-tlv320aic3x.ko
  LD [M]  sound/soc/codecs/snd-soc-tlv320aic3x-i2c.ko
  LD [M]  sound/soc/codecs/snd-soc-ts3a227e.ko
  LD [M]  sound/soc/codecs/snd-soc-wcd-classh.ko
  LD [M]  sound/soc/codecs/snd-soc-wcd-common.ko
  LD [M]  sound/soc/codecs/snd-soc-wcd-mbhc.ko
  LD [M]  sound/soc/codecs/snd-soc-wcd9335.ko
  LD [M]  sound/soc/codecs/snd-soc-wcd934x.ko
  LD [M]  sound/soc/codecs/snd-soc-wcd937x.ko
  LD [M]  sound/soc/codecs/snd-soc-wcd937x-sdw.ko
  LD [M]  sound/soc/codecs/snd-soc-wcd938x.ko
  LD [M]  sound/soc/codecs/snd-soc-wcd938x-sdw.ko
  LD [M]  sound/soc/codecs/snd-soc-wcd939x.ko
  LD [M]  sound/soc/codecs/snd-soc-wcd939x-sdw.ko
  LD [M]  sound/soc/codecs/snd-soc-wm8524.ko
  LD [M]  sound/soc/codecs/snd-soc-wm8904.ko
  LD [M]  sound/soc/codecs/snd-soc-wm8960.ko
  LD [M]  sound/soc/codecs/snd-soc-wm8962.ko
  LD [M]  sound/soc/codecs/snd-soc-wm8978.ko
  LD [M]  sound/soc/codecs/snd-soc-wm8994.ko
  LD [M]  sound/soc/codecs/snd-soc-wm-hubs.ko
  LD [M]  sound/soc/codecs/snd-soc-wsa881x.ko
  LD [M]  sound/soc/codecs/snd-soc-wsa883x.ko
  LD [M]  sound/soc/codecs/snd-soc-wsa884x.ko
  LD [M]  sound/soc/codecs/snd-soc-simple-amplifier.ko
  LD [M]  sound/soc/codecs/snd-soc-lpass-macro-common.ko
  LD [M]  sound/soc/codecs/snd-soc-lpass-wsa-macro.ko
  LD [M]  sound/soc/codecs/snd-soc-lpass-va-macro.ko
  LD [M]  sound/soc/codecs/snd-soc-lpass-rx-macro.ko
  LD [M]  sound/soc/codecs/snd-soc-lpass-tx-macro.ko
  LD [M]  sound/soc/codecs/snd-soc-simple-mux.ko
  LD [M]  sound/soc/generic/snd-soc-simple-card-utils.ko
  LD [M]  sound/soc/generic/snd-soc-simple-card.ko
  LD [M]  sound/soc/generic/snd-soc-audio-graph-card.ko
  LD [M]  sound/soc/generic/snd-soc-audio-graph-card2.ko
  LD [M]  sound/soc/apple/snd-soc-apple-mca.ko
  LD [M]  sound/soc/bcm/snd-soc-bcm2835-i2s.ko
  LD [M]  sound/soc/fsl/snd-soc-fsl-audmix.ko
  LD [M]  sound/soc/fsl/snd-soc-fsl-asoc-card.ko
  LD [M]  sound/soc/fsl/snd-soc-fsl-asrc.ko
  LD [M]  sound/soc/fsl/snd-soc-fsl-sai.ko
  LD [M]  sound/soc/fsl/snd-soc-fsl-ssi.ko
  LD [M]  sound/soc/fsl/snd-soc-fsl-spdif.ko
  LD [M]  sound/soc/fsl/snd-soc-fsl-esai.ko
  LD [M]  sound/soc/fsl/snd-soc-fsl-micfil.ko
  LD [M]  sound/soc/fsl/snd-soc-fsl-utils.ko
  LD [M]  sound/soc/fsl/snd-soc-fsl-easrc.ko
  LD [M]  sound/soc/fsl/snd-soc-imx-audmux.ko
  LD [M]  sound/soc/fsl/imx-pcm-dma.ko
  LD [M]  sound/soc/fsl/snd-soc-imx-sgtl5000.ko
  LD [M]  sound/soc/fsl/snd-soc-imx-audmix.ko
  LD [M]  sound/soc/mediatek/common/snd-soc-mtk-common.ko
  LD [M]  sound/soc/mediatek/mt8183/snd-soc-mt8183-afe.ko
  LD [M]  sound/soc/mediatek/mt8183/mt8183-mt6358-ts3a227-max98357.ko
  LD [M]  sound/soc/mediatek/mt8183/mt8183-da7219-max98357.ko
  LD [M]  sound/soc/mediatek/mt8188/snd-soc-mt8188-afe.ko
  LD [M]  sound/soc/mediatek/mt8188/mt8188-mt6359.ko
  LD [M]  sound/soc/mediatek/mt8192/snd-soc-mt8192-afe.ko
  LD [M]  sound/soc/mediatek/mt8192/mt8192-mt6359-rt1015-rt5682.ko
  LD [M]  sound/soc/mediatek/mt8195/snd-soc-mt8195-afe.ko
  LD [M]  sound/soc/mediatek/mt8195/mt8195-mt6359.ko
  LD [M]  sound/soc/mediatek/mt8365/snd-soc-mt8365-pcm.ko
  LD [M]  sound/soc/mediatek/mt8365/mt8365-mt6357.ko
  LD [M]  sound/soc/meson/snd-soc-meson-aiu.ko
  LD [M]  sound/soc/meson/snd-soc-meson-axg-fifo.ko
  LD [M]  sound/soc/meson/snd-soc-meson-axg-frddr.ko
  LD [M]  sound/soc/meson/snd-soc-meson-axg-toddr.ko
  LD [M]  sound/soc/meson/snd-soc-meson-axg-tdm-formatter.ko
  LD [M]  sound/soc/meson/snd-soc-meson-axg-tdm-interface.ko
  LD [M]  sound/soc/meson/snd-soc-meson-axg-tdmin.ko
  LD [M]  sound/soc/meson/snd-soc-meson-axg-tdmout.ko
  LD [M]  sound/soc/meson/snd-soc-meson-axg-sound-card.ko
  LD [M]  sound/soc/meson/snd-soc-meson-axg-spdifin.ko
  LD [M]  sound/soc/meson/snd-soc-meson-axg-spdifout.ko
  LD [M]  sound/soc/meson/snd-soc-meson-axg-pdm.ko
  LD [M]  sound/soc/meson/snd-soc-meson-card-utils.ko
  LD [M]  sound/soc/meson/snd-soc-meson-codec-glue.ko
  LD [M]  sound/soc/meson/snd-soc-meson-gx-sound-card.ko
  LD [M]  sound/soc/meson/snd-soc-meson-g12a-toacodec.ko
  LD [M]  sound/soc/meson/snd-soc-meson-g12a-tohdmitx.ko
  LD [M]  sound/soc/meson/snd-soc-meson-t9015.ko
  LD [M]  sound/soc/qcom/snd-soc-lpass-cpu.ko
  LD [M]  sound/soc/qcom/snd-soc-lpass-cdc-dma.ko
  LD [M]  sound/soc/qcom/snd-soc-lpass-hdmi.ko
  LD [M]  sound/soc/qcom/snd-soc-lpass-platform.ko
  LD [M]  sound/soc/qcom/snd-soc-lpass-apq8016.ko
  LD [M]  sound/soc/qcom/snd-soc-lpass-sc7180.ko
  LD [M]  sound/soc/qcom/snd-soc-lpass-sc7280.ko
  LD [M]  sound/soc/qcom/snd-soc-apq8016-sbc.ko
  LD [M]  sound/soc/qcom/snd-soc-apq8096.ko
  LD [M]  sound/soc/qcom/snd-soc-sc7180.ko
  LD [M]  sound/soc/qcom/snd-soc-sc7280.ko
  LD [M]  sound/soc/qcom/snd-soc-sc8280xp.ko
  LD [M]  sound/soc/qcom/snd-soc-sdm845.ko
  LD [M]  sound/soc/qcom/snd-soc-sm8250.ko
  LD [M]  sound/soc/qcom/snd-soc-qcom-common.ko
  LD [M]  sound/soc/qcom/snd-soc-qcom-sdw.ko
  LD [M]  sound/soc/qcom/snd-soc-x1e80100.ko
  LD [M]  sound/soc/qcom/snd-soc-qcom-offload-utils.ko
  LD [M]  sound/soc/qcom/qdsp6/snd-q6dsp-common.ko
  LD [M]  sound/soc/qcom/qdsp6/q6core.ko
  LD [M]  sound/soc/qcom/qdsp6/q6afe.ko
  LD [M]  sound/soc/qcom/qdsp6/q6afe-dai.ko
  LD [M]  sound/soc/qcom/qdsp6/q6afe-clocks.ko
  LD [M]  sound/soc/qcom/qdsp6/q6adm.ko
  LD [M]  sound/soc/qcom/qdsp6/q6routing.ko
  LD [M]  sound/soc/qcom/qdsp6/q6asm.ko
  LD [M]  sound/soc/qcom/qdsp6/q6asm-dai.ko
  LD [M]  sound/soc/qcom/qdsp6/snd-q6apm.ko
  LD [M]  sound/soc/qcom/qdsp6/q6apm-dai.ko
  LD [M]  sound/soc/qcom/qdsp6/q6apm-lpass-dais.ko
  LD [M]  sound/soc/qcom/qdsp6/q6prm.ko
  LD [M]  sound/soc/qcom/qdsp6/q6prm-clocks.ko
  LD [M]  sound/soc/qcom/qdsp6/q6usb.ko
  LD [M]  sound/soc/renesas/rcar/snd-soc-rcar.ko
  LD [M]  sound/soc/renesas/rcar/snd-soc-msiof.ko
  LD [M]  sound/soc/renesas/snd-soc-rz-ssi.ko
  LD [M]  sound/soc/rockchip/snd-soc-rockchip-i2s.ko
  LD [M]  sound/soc/rockchip/snd-soc-rockchip-sai.ko
  LD [M]  sound/soc/rockchip/snd-soc-rockchip-spdif.ko
  LD [M]  sound/soc/rockchip/snd-soc-rockchip-i2s-tdm.ko
  LD [M]  sound/soc/rockchip/snd-soc-rockchip-rt5645.ko
  LD [M]  sound/soc/rockchip/snd-soc-rk3399-gru-sound.ko
  LD [M]  sound/soc/samsung/snd-soc-s3c-dma.ko
  LD [M]  sound/soc/sof/mediatek/mtk-adsp-common.ko
  LD [M]  sound/soc/sof/mediatek/mt8195/snd-sof-mt8195.ko
  LD [M]  sound/soc/sof/mediatek/mt8186/snd-sof-mt8186.ko
  LD [M]  sound/soc/sof/snd-sof.ko
  LD [M]  sound/soc/sof/snd-sof-utils.ko
  LD [M]  sound/soc/sof/snd-sof-of.ko
  LD [M]  sound/soc/sof/xtensa/snd-sof-xtensa-dsp.ko
  LD [M]  sound/soc/sunxi/sun4i-i2s.ko
  LD [M]  sound/soc/sunxi/sun4i-spdif.ko
  LD [M]  sound/soc/sunxi/sun8i-codec-analog.ko
  LD [M]  sound/soc/sunxi/sun50i-codec-analog.ko
  LD [M]  sound/soc/sunxi/sun8i-codec.ko
  LD [M]  sound/soc/sunxi/sun8i-adda-pr-regmap.ko
  LD [M]  sound/soc/tegra/snd-soc-tegra-pcm.ko
  LD [M]  sound/soc/tegra/snd-soc-tegra210-dmic.ko
  LD [M]  sound/soc/tegra/snd-soc-tegra210-ahub.ko
  LD [M]  sound/soc/tegra/snd-soc-tegra210-i2s.ko
  LD [M]  sound/soc/tegra/snd-soc-tegra186-asrc.ko
  LD [M]  sound/soc/tegra/snd-soc-tegra186-dspk.ko
  LD [M]  sound/soc/tegra/snd-soc-tegra210-admaif.ko
  LD [M]  sound/soc/tegra/snd-soc-tegra210-mvc.ko
  LD [M]  sound/soc/tegra/snd-soc-tegra210-sfc.ko
  LD [M]  sound/soc/tegra/snd-soc-tegra210-amx.ko
  LD [M]  sound/soc/tegra/snd-soc-tegra210-adx.ko
  LD [M]  sound/soc/tegra/snd-soc-tegra210-mixer.ko
  LD [M]  sound/soc/tegra/snd-soc-tegra210-ope.ko
  LD [M]  sound/soc/tegra/snd-soc-tegra-audio-graph-card.ko
  LD [M]  sound/soc/ti/snd-soc-ti-edma.ko
  LD [M]  sound/soc/ti/snd-soc-ti-sdma.ko
  LD [M]  sound/soc/ti/snd-soc-ti-udma.ko
  LD [M]  sound/soc/ti/snd-soc-davinci-mcasp.ko
  LD [M]  sound/soc/ti/snd-soc-j721e-evm.ko
  LD [M]  sound/soc/xilinx/snd-soc-xlnx-i2s.ko
  LD [M]  sound/soc/xilinx/snd-soc-xlnx-formatter-pcm.ko
  LD [M]  sound/soc/xilinx/snd-soc-xlnx-spdif.ko
  LD [M]  sound/hda/core/snd-hda-core.ko
  LD [M]  sound/hda/common/snd-hda-codec.ko
  LD [M]  sound/hda/codecs/hdmi/snd-hda-codec-hdmi.ko
  LD [M]  sound/hda/codecs/hdmi/snd-hda-codec-simplehdmi.ko
  LD [M]  sound/hda/codecs/hdmi/snd-hda-codec-intelhdmi.ko
  LD [M]  sound/hda/codecs/hdmi/snd-hda-codec-atihdmi.ko
  LD [M]  sound/hda/codecs/hdmi/snd-hda-codec-nvhdmi.ko
  LD [M]  sound/hda/codecs/hdmi/snd-hda-codec-nvhdmi-mcp.ko
  LD [M]  sound/hda/codecs/hdmi/snd-hda-codec-tegrahdmi.ko
  LD [M]  sound/hda/controllers/snd-hda-tegra.ko
  LD [M]  net/802/psnap.ko
  LD [M]  net/802/stp.ko
  LD [M]  net/802/garp.ko
  LD [M]  net/802/mrp.ko
  LD [M]  net/sched/act_gact.ko
  LD [M]  net/sched/act_mirred.ko
  LD [M]  net/sched/act_gate.ko
  LD [M]  net/sched/sch_ingress.ko
  LD [M]  net/sched/sch_mqprio.ko
  LD [M]  net/sched/sch_mqprio_lib.ko
  LD [M]  net/sched/sch_cbs.ko
  LD [M]  net/sched/sch_etf.ko
  LD [M]  net/sched/sch_taprio.ko
  LD [M]  net/sched/cls_basic.ko
  LD [M]  net/sched/cls_flower.ko
  LD [M]  net/netfilter/nf_conntrack.ko
  LD [M]  net/netfilter/nf_log_syslog.ko
  LD [M]  net/netfilter/x_tables.ko
  LD [M]  net/netfilter/xt_tcpudp.ko
  LD [M]  net/netfilter/xt_mark.ko
  LD [M]  net/netfilter/xt_LOG.ko
  LD [M]  net/netfilter/xt_addrtype.ko
  LD [M]  net/netfilter/xt_conntrack.ko
  LD [M]  net/netfilter/xt_ipvs.ko
  LD [M]  net/netfilter/ipvs/ip_vs.ko
  LD [M]  net/ipv4/netfilter/nf_defrag_ipv4.ko
  LD [M]  net/ipv4/ip_tunnel.ko
  LD [M]  net/ipv4/tunnel4.ko
  LD [M]  net/ipv6/netfilter/nf_defrag_ipv6.ko
  LD [M]  net/ipv6/sit.ko
  LD [M]  net/dsa/dsa_core.ko
  LD [M]  net/dsa/tag_brcm.ko
  LD [M]  net/dsa/tag_none.ko
  LD [M]  net/dsa/tag_ocelot.ko
  LD [M]  net/dsa/tag_ocelot_8021q.ko
  LD [M]  net/8021q/8021q.ko
  LD [M]  net/wireless/cfg80211.ko
  LD [M]  net/llc/llc.ko
  LD [M]  net/bridge/bridge.ko
  LD [M]  net/bridge/br_netfilter.ko
  LD [M]  net/can/can.ko
  LD [M]  net/can/can-raw.ko
  LD [M]  net/can/can-bcm.ko
  LD [M]  net/can/can-gw.ko
  LD [M]  net/bluetooth/bluetooth.ko
  LD [M]  net/bluetooth/hidp/hidp.ko
  LD [M]  net/mac80211/mac80211.ko
  LD [M]  net/rfkill/rfkill.ko
  LD [M]  net/rfkill/rfkill-gpio.ko
  LD [M]  net/nfc/nfc.ko
  LD [M]  net/nfc/nci/nci.ko
  LD [M]  net/hsr/hsr.ko
  LD [M]  net/qrtr/qrtr.ko
  LD [M]  net/qrtr/qrtr-smd.ko
  LD [M]  net/qrtr/qrtr-tun.ko
  LD [M]  net/qrtr/qrtr-mhi.ko
make: 离开目录“/tmp/swapq-build-src-A-2g-sample-12”
